id,copetin,golosinas,facturas,preelaborados,FC_bebidas_con_azucar,copetin_altafrecuencia,golosinas_altafrecuencia,facturas_altafrecuencia,preelaborados_altafrecuencia,FC_bebidas_con_azucar_altafrecuencia,consume_NR,cant_NR
74212137,Entre 1 y 3 veces al mes,Entre 1 y 3 veces al mes,Entre 1 y 3 veces al mes,Nunca o menos de 1 vez al mes,2 a 4 veces por semana,0,0,0,0,0,0,0
74274812,Entre 2 y 3 veces al dia,5 a 6 veces por semana,2 a 4 veces por semana,Entre 1 y 3 veces al mes,2 a 4 veces por semana,1,1,0,0,0,1,2
74332559,Nunca o menos de 1 vez al mes,2 a 4 veces por semana,1 vez al dia,Entre 1 y 3 veces al mes,Entre 2 y 3 veces al dia,0,0,1,0,1,1,2
74434818,Nunca o menos de 1 vez al mes,1 vez al dia,2 a 4 veces por semana,Nunca o menos de 1 vez al mes,Entre 4 y 5 veces al dia,0,1,0,0,1,1,2
74494264,Entre 1 y 3 veces al mes,1 vez por semana,1 vez al dia,2 a 4 veces por semana,Entre 2 y 3 veces al dia,0,0,1,0,1,1,2
74567366,Entre 2 y 3 veces al dia,5 a 6 veces por semana,1 vez al dia,Nunca o menos de 1 vez al mes,Entre 4 y 5 veces al dia,1,1,1,0,1,1,4
74567871,Nunca o menos de 1 vez al mes,Nunca o menos de 1 vez al mes,1 vez por semana,Nunca o menos de 1 vez al mes,Entre 2 y 3 veces al dia,0,0,0,0,1,1,1
74589443,Nunca o menos de 1 vez al mes,5 a 6 veces por semana,Entre 1 y 3 veces al mes,Nunca o menos de 1 vez al mes,Nunca o menos de 1 vez al mes,0,1,0,0,0,1,1
74636313,1 vez al dia,Nunca o menos de 1 vez al mes,2 a 4 veces por semana,Nunca o menos de 1 vez al mes,Nunca o menos de 1 vez al mes,1,0,0,0,0,1,1
74641935,Nunca o menos de 1 vez al mes,Entre 1 y 3 veces al mes,2 a 4 veces por semana,Nunca o menos de 1 vez al mes,2 a 4 veces por semana,0,0,0,0,0,0,0
74651370,2 a 4 veces por semana,5 a 6 veces por semana,2 a 4 veces por semana,2 a 4 veces por semana,5 a 6 veces por semana,0,1,0,0,1,1,2
74658997,Nunca o menos de 1 vez al mes,1 vez por semana,6 veces o m?ís por d?¡a,Nunca o menos de 1 vez al mes,1 vez al dia,0,0,0,0,1,1,1
74694070,Nunca o menos de 1 vez al mes,1 vez por semana,2 a 4 veces por semana,Nunca o menos de 1 vez al mes,Entre 1 y 3 veces al mes,0,0,0,0,0,0,0
74703429,Nunca o menos de 1 vez al mes,1 vez por semana,1 vez por semana,Nunca o menos de 1 vez al mes,Entre 2 y 3 veces al dia,0,0,0,0,1,1,1
74703430,Nunca o menos de 1 vez al mes,Nunca o menos de 1 vez al mes,Nunca o menos de 1 vez al mes,Nunca o menos de 1 vez al mes,1 vez por semana,0,0,0,0,0,0,0
74718079,Entre 1 y 3 veces al mes,Entre 1 y 3 veces al mes,1 vez por semana,Nunca o menos de 1 vez al mes,2 a 4 veces por semana,0,0,0,0,0,0,0
74722892,Nunca o menos de 1 vez al mes,2 a 4 veces por semana,2 a 4 veces por semana,Nunca o menos de 1 vez al mes,2 a 4 veces por semana,0,0,0,0,0,0,0
74723163,1 vez por semana,Entre 1 y 3 veces al mes,2 a 4 veces por semana,Nunca o menos de 1 vez al mes,1 vez al dia,0,0,0,0,1,1,1
74736364,2 a 4 veces por semana,2 a 4 veces por semana,2 a 4 veces por semana,Nunca o menos de 1 vez al mes,1 vez por semana,0,0,0,0,0,0,0
74770685,Entre 1 y 3 veces al mes,2 a 4 veces por semana,1 vez por semana,Nunca o menos de 1 vez al mes,2 a 4 veces por semana,0,0,0,0,0,0,0
74770686,2 a 4 veces por semana,5 a 6 veces por semana,Entre 1 y 3 veces al mes,Nunca o menos de 1 vez al mes,2 a 4 veces por semana,0,1,0,0,0,1,1
74808979,Nunca o menos de 1 vez al mes,1 vez al dia,1 vez al dia,2 a 4 veces por semana,1 vez por semana,0,1,1,0,0,1,2
74808980,Entre 1 y 3 veces al mes,1 vez por semana,Entre 1 y 3 veces al mes,2 a 4 veces por semana,Nunca o menos de 1 vez al mes,0,0,0,0,0,0,0
74826986,1 vez por semana,Nunca o menos de 1 vez al mes,2 a 4 veces por semana,Nunca o menos de 1 vez al mes,Entre 2 y 3 veces al dia,0,0,0,0,1,1,1
74869468,Entre 1 y 3 veces al mes,5 a 6 veces por semana,1 vez por semana,1 vez por semana,2 a 4 veces por semana,0,1,0,0,0,1,1
74886563,Entre 1 y 3 veces al mes,1 vez por semana,1 vez por semana,2 a 4 veces por semana,2 a 4 veces por semana,0,0,0,0,0,0,0
74887893,2 a 4 veces por semana,1 vez al dia,1 vez al dia,Nunca o menos de 1 vez al mes,1 vez al dia,0,1,1,0,1,1,3
74895979,1 vez por semana,1 vez por semana,1 vez por semana,Nunca o menos de 1 vez al mes,Entre 2 y 3 veces al dia,0,0,0,0,1,1,1
74902195,1 vez por semana,Nunca o menos de 1 vez al mes,1 vez al dia,Entre 1 y 3 veces al mes,1 vez por semana,0,0,1,0,0,1,1
74917904,Nunca o menos de 1 vez al mes,Nunca o menos de 1 vez al mes,5 a 6 veces por semana,Nunca o menos de 1 vez al mes,1 vez por semana,0,0,1,0,0,1,1
74918271,Nunca o menos de 1 vez al mes,1 vez por semana,1 vez por semana,Nunca o menos de 1 vez al mes,Nunca o menos de 1 vez al mes,0,0,0,0,0,0,0
74921761,1 vez por semana,1 vez al dia,1 vez por semana,Nunca o menos de 1 vez al mes,1 vez al dia,0,1,0,0,1,1,2
74922220,Entre 1 y 3 veces al mes,1 vez por semana,2 a 4 veces por semana,Nunca o menos de 1 vez al mes,Entre 2 y 3 veces al dia,0,0,0,0,1,1,1
74922221,Nunca o menos de 1 vez al mes,1 vez al dia,6 veces o m?ís por d?¡a,Nunca o menos de 1 vez al mes,1 vez por semana,0,1,0,0,0,1,1
74994800,1 vez por semana,1 vez al dia,2 a 4 veces por semana,2 a 4 veces por semana,Nunca o menos de 1 vez al mes,0,1,0,0,0,1,1
74996458,Nunca o menos de 1 vez al mes,1 vez por semana,Entre 1 y 3 veces al mes,Nunca o menos de 1 vez al mes,Nunca o menos de 1 vez al mes,0,0,0,0,0,0,0
74996459,Entre 1 y 3 veces al mes,Nunca o menos de 1 vez al mes,1 vez por semana,1 vez por semana,1 vez por semana,0,0,0,0,0,0,0
75001700,1 vez al dia,1 vez al dia,2 a 4 veces por semana,1 vez por semana,1 vez por semana,1,1,0,0,0,1,2
75031969,2 a 4 veces por semana,1 vez al dia,1 vez por semana,Nunca o menos de 1 vez al mes,1 vez al dia,0,1,0,0,1,1,2
75068866,Nunca o menos de 1 vez al mes,1 vez por semana,Nunca o menos de 1 vez al mes,Nunca o menos de 1 vez al mes,Nunca o menos de 1 vez al mes,0,0,0,0,0,0,0
75080242,Nunca o menos de 1 vez al mes,1 vez por semana,5 a 6 veces por semana,Nunca o menos de 1 vez al mes,Nunca o menos de 1 vez al mes,0,0,1,0,0,1,1
75083970,1 vez por semana,1 vez por semana,Entre 2 y 3 veces al dia,1 vez por semana,1 vez por semana,0,0,1,0,0,1,1
75093681,Entre 1 y 3 veces al mes,Entre 1 y 3 veces al mes,Entre 2 y 3 veces al dia,Entre 1 y 3 veces al mes,Entre 2 y 3 veces al dia,0,0,1,0,1,1,2
75118622,Entre 1 y 3 veces al mes,2 a 4 veces por semana,1 vez por semana,Nunca o menos de 1 vez al mes,1 vez por semana,0,0,0,0,0,0,0
75136208,Nunca o menos de 1 vez al mes,Entre 1 y 3 veces al mes,2 a 4 veces por semana,Nunca o menos de 1 vez al mes,2 a 4 veces por semana,0,0,0,0,0,0,0
75144921,5 a 6 veces por semana,2 a 4 veces por semana,2 a 4 veces por semana,Nunca o menos de 1 vez al mes,Entre 2 y 3 veces al dia,1,0,0,0,1,1,2
75182948,2 a 4 veces por semana,Entre 2 y 3 veces al dia,2 a 4 veces por semana,2 a 4 veces por semana,2 a 4 veces por semana,0,1,0,0,0,1,1
75191597,1 vez al dia,1 vez al dia,1 vez al dia,Nunca o menos de 1 vez al mes,1 vez al dia,1,1,1,0,1,1,4
75204079,Entre 2 y 3 veces al dia,Entre 4 y 5 veces al dia,2 a 4 veces por semana,Nunca o menos de 1 vez al mes,2 a 4 veces por semana,1,1,0,0,0,1,2
75206661,1 vez por semana,5 a 6 veces por semana,1 vez por semana,1 vez por semana,1 vez por semana,0,1,0,0,0,1,1
75230757,2 a 4 veces por semana,5 a 6 veces por semana,2 a 4 veces por semana,1 vez por semana,Entre 2 y 3 veces al dia,0,1,0,0,1,1,2
75241596,2 a 4 veces por semana,1 vez al dia,1 vez al dia,Nunca o menos de 1 vez al mes,Entre 2 y 3 veces al dia,0,1,1,0,1,1,3
75252404,2 a 4 veces por semana,1 vez al dia,Nunca o menos de 1 vez al mes,Nunca o menos de 1 vez al mes,1 vez al dia,0,1,0,0,1,1,2
75255250,Entre 1 y 3 veces al mes,Nunca o menos de 1 vez al mes,1 vez al dia,Nunca o menos de 1 vez al mes,Entre 2 y 3 veces al dia,0,0,1,0,1,1,2
75270606,Entre 1 y 3 veces al mes,Nunca o menos de 1 vez al mes,1 vez al dia,Nunca o menos de 1 vez al mes,Entre 1 y 3 veces al mes,0,0,1,0,0,1,1
75276646,Entre 1 y 3 veces al mes,1 vez al dia,2 a 4 veces por semana,Nunca o menos de 1 vez al mes,5 a 6 veces por semana,0,1,0,0,1,1,2
75276681,5 a 6 veces por semana,Entre 2 y 3 veces al dia,Entre 1 y 3 veces al mes,Nunca o menos de 1 vez al mes,2 a 4 veces por semana,1,1,0,0,0,1,2
75276715,1 vez al dia,5 a 6 veces por semana,5 a 6 veces por semana,Nunca o menos de 1 vez al mes,Entre 4 y 5 veces al dia,1,1,1,0,1,1,4
75282914,Nunca o menos de 1 vez al mes,1 vez al dia,Nunca o menos de 1 vez al mes,Nunca o menos de 1 vez al mes,Entre 2 y 3 veces al dia,0,1,0,0,1,1,2
75283239,1 vez por semana,1 vez al dia,Nunca o menos de 1 vez al mes,1 vez por semana,1 vez al dia,0,1,0,0,1,1,2
75284026,2 a 4 veces por semana,Nunca o menos de 1 vez al mes,2 a 4 veces por semana,Nunca o menos de 1 vez al mes,5 a 6 veces por semana,0,0,0,0,1,1,1
75288282,2 a 4 veces por semana,Entre 2 y 3 veces al dia,Entre 4 y 5 veces al dia,2 a 4 veces por semana,Entre 2 y 3 veces al dia,0,1,1,0,1,1,3
75288421,1 vez al dia,Entre 2 y 3 veces al dia,Nunca o menos de 1 vez al mes,Nunca o menos de 1 vez al mes,Entre 4 y 5 veces al dia,1,1,0,0,1,1,3
75293730,1 vez por semana,2 a 4 veces por semana,2 a 4 veces por semana,Nunca o menos de 1 vez al mes,2 a 4 veces por semana,0,0,0,0,0,0,0
75301394,2 a 4 veces por semana,Entre 1 y 3 veces al mes,Nunca o menos de 1 vez al mes,Nunca o menos de 1 vez al mes,Entre 2 y 3 veces al dia,0,0,0,0,1,1,1
75312398,Nunca o menos de 1 vez al mes,Nunca o menos de 1 vez al mes,Nunca o menos de 1 vez al mes,Nunca o menos de 1 vez al mes,Entre 1 y 3 veces al mes,0,0,0,0,0,0,0
75317719,5 a 6 veces por semana,5 a 6 veces por semana,Entre 2 y 3 veces al dia,Nunca o menos de 1 vez al mes,Entre 2 y 3 veces al dia,1,1,1,0,1,1,4
75318916,Entre 1 y 3 veces al mes,1 vez por semana,Entre 1 y 3 veces al mes,Nunca o menos de 1 vez al mes,Nunca o menos de 1 vez al mes,0,0,0,0,0,0,0
75324433,Nunca o menos de 1 vez al mes,1 vez al dia,Entre 1 y 3 veces al mes,Nunca o menos de 1 vez al mes,2 a 4 veces por semana,0,1,0,0,0,1,1
75340589,Nunca o menos de 1 vez al mes,Nunca o menos de 1 vez al mes,Nunca o menos de 1 vez al mes,Nunca o menos de 1 vez al mes,1 vez por semana,0,0,0,0,0,0,0
75347656,5 a 6 veces por semana,Nunca o menos de 1 vez al mes,2 a 4 veces por semana,2 a 4 veces por semana,2 a 4 veces por semana,1,0,0,0,0,1,1
75371291,Nunca o menos de 1 vez al mes,2 a 4 veces por semana,2 a 4 veces por semana,Nunca o menos de 1 vez al mes,Entre 2 y 3 veces al dia,0,0,0,0,1,1,1
75379712,Nunca o menos de 1 vez al mes,5 a 6 veces por semana,2 a 4 veces por semana,Nunca o menos de 1 vez al mes,2 a 4 veces por semana,0,1,0,0,0,1,1
75384499,Nunca o menos de 1 vez al mes,1 vez al dia,Nunca o menos de 1 vez al mes,1 vez por semana,Nunca o menos de 1 vez al mes,0,1,0,0,0,1,1
75387581,Entre 1 y 3 veces al mes,2 a 4 veces por semana,5 a 6 veces por semana,Nunca o menos de 1 vez al mes,Nunca o menos de 1 vez al mes,0,0,1,0,0,1,1
75396668,Nunca o menos de 1 vez al mes,2 a 4 veces por semana,5 a 6 veces por semana,Nunca o menos de 1 vez al mes,2 a 4 veces por semana,0,0,1,0,0,1,1
75402150,1 vez por semana,2 a 4 veces por semana,Entre 1 y 3 veces al mes,Nunca o menos de 1 vez al mes,1 vez al dia,0,0,0,0,1,1,1
75427637,Nunca o menos de 1 vez al mes,Entre 2 y 3 veces al dia,Entre 2 y 3 veces al dia,Nunca o menos de 1 vez al mes,Entre 2 y 3 veces al dia,0,1,1,0,1,1,3
75446430,Nunca o menos de 1 vez al mes,1 vez al dia,5 a 6 veces por semana,Nunca o menos de 1 vez al mes,Nunca o menos de 1 vez al mes,0,1,1,0,0,1,2
75446859,1 vez por semana,1 vez por semana,5 a 6 veces por semana,Nunca o menos de 1 vez al mes,2 a 4 veces por semana,0,0,1,0,0,1,1
75460491,1 vez por semana,2 a 4 veces por semana,2 a 4 veces por semana,Entre 1 y 3 veces al mes,Entre 1 y 3 veces al mes,0,0,0,0,0,0,0
75461806,Nunca o menos de 1 vez al mes,1 vez al dia,1 vez por semana,2 a 4 veces por semana,Nunca o menos de 1 vez al mes,0,1,0,0,0,1,1
75467279,1 vez por semana,2 a 4 veces por semana,1 vez al dia,Nunca o menos de 1 vez al mes,2 a 4 veces por semana,0,0,1,0,0,1,1
75468006,Nunca o menos de 1 vez al mes,Entre 1 y 3 veces al mes,Entre 1 y 3 veces al mes,2 a 4 veces por semana,Entre 2 y 3 veces al dia,0,0,0,0,1,1,1
75468926,2 a 4 veces por semana,2 a 4 veces por semana,1 vez al dia,Entre 1 y 3 veces al mes,2 a 4 veces por semana,0,0,1,0,0,1,1
75468927,Entre 1 y 3 veces al mes,2 a 4 veces por semana,1 vez al dia,1 vez por semana,5 a 6 veces por semana,0,0,1,0,1,1,2
75477027,2 a 4 veces por semana,1 vez al dia,1 vez al dia,Nunca o menos de 1 vez al mes,Nunca o menos de 1 vez al mes,0,1,1,0,0,1,2
75480803,2 a 4 veces por semana,Entre 2 y 3 veces al dia,1 vez al dia,Nunca o menos de 1 vez al mes,2 a 4 veces por semana,0,1,1,0,0,1,2
75480913,Nunca o menos de 1 vez al mes,Nunca o menos de 1 vez al mes,1 vez al dia,Nunca o menos de 1 vez al mes,5 a 6 veces por semana,0,0,1,0,1,1,2
75484910,1 vez por semana,5 a 6 veces por semana,2 a 4 veces por semana,Entre 1 y 3 veces al mes,1 vez al dia,0,1,0,0,1,1,2
75485410,Nunca o menos de 1 vez al mes,Nunca o menos de 1 vez al mes,Entre 1 y 3 veces al mes,2 a 4 veces por semana,Entre 2 y 3 veces al dia,0,0,0,0,1,1,1
75485414,Nunca o menos de 1 vez al mes,Nunca o menos de 1 vez al mes,Entre 1 y 3 veces al mes,Nunca o menos de 1 vez al mes,6 veces o m?ís por d?¡a,0,0,0,0,0,0,0
75509799,Entre 1 y 3 veces al mes,2 a 4 veces por semana,1 vez por semana,Nunca o menos de 1 vez al mes,2 a 4 veces por semana,0,0,0,0,0,0,0
75513430,1 vez por semana,1 vez por semana,Nunca o menos de 1 vez al mes,2 a 4 veces por semana,Entre 2 y 3 veces al dia,0,0,0,0,1,1,1
75513924,2 a 4 veces por semana,Entre 2 y 3 veces al dia,Nunca o menos de 1 vez al mes,1 vez por semana,Entre 2 y 3 veces al dia,0,1,0,0,1,1,2
75532580,1 vez por semana,2 a 4 veces por semana,5 a 6 veces por semana,Nunca o menos de 1 vez al mes,2 a 4 veces por semana,0,0,1,0,0,1,1
75536909,1 vez por semana,2 a 4 veces por semana,5 a 6 veces por semana,2 a 4 veces por semana,1 vez por semana,0,0,1,0,0,1,1
75538840,1 vez por semana,2 a 4 veces por semana,1 vez por semana,Nunca o menos de 1 vez al mes,2 a 4 veces por semana,0,0,0,0,0,0,0
75541374,2 a 4 veces por semana,1 vez al dia,1 vez al dia,Nunca o menos de 1 vez al mes,1 vez al dia,0,1,1,0,1,1,3
75551423,Entre 1 y 3 veces al mes,1 vez al dia,1 vez por semana,Nunca o menos de 1 vez al mes,2 a 4 veces por semana,0,1,0,0,0,1,1
75551521,Nunca o menos de 1 vez al mes,1 vez al dia,2 a 4 veces por semana,Nunca o menos de 1 vez al mes,5 a 6 veces por semana,0,1,0,0,1,1,2
75554344,2 a 4 veces por semana,2 a 4 veces por semana,2 a 4 veces por semana,Nunca o menos de 1 vez al mes,2 a 4 veces por semana,0,0,0,0,0,0,0
75555189,Entre 1 y 3 veces al mes,1 vez por semana,Nunca o menos de 1 vez al mes,Nunca o menos de 1 vez al mes,Nunca o menos de 1 vez al mes,0,0,0,0,0,0,0
75555938,1 vez al dia,1 vez al dia,1 vez al dia,Nunca o menos de 1 vez al mes,Entre 2 y 3 veces al dia,1,1,1,0,1,1,4
75555942,Nunca o menos de 1 vez al mes,1 vez al dia,1 vez al dia,Nunca o menos de 1 vez al mes,1 vez al dia,0,1,1,0,1,1,3
75557415,Nunca o menos de 1 vez al mes,Nunca o menos de 1 vez al mes,2 a 4 veces por semana,Nunca o menos de 1 vez al mes,1 vez al dia,0,0,0,0,1,1,1
75559313,Nunca o menos de 1 vez al mes,Nunca o menos de 1 vez al mes,Nunca o menos de 1 vez al mes,2 a 4 veces por semana,1 vez al dia,0,0,0,0,1,1,1
75559315,1 vez al dia,1 vez al dia,Nunca o menos de 1 vez al mes,5 a 6 veces por semana,1 vez por semana,1,1,0,1,0,1,3
75562129,2 a 4 veces por semana,1 vez por semana,2 a 4 veces por semana,2 a 4 veces por semana,Entre 2 y 3 veces al dia,0,0,0,0,1,1,1
75566258,1 vez por semana,5 a 6 veces por semana,1 vez por semana,Nunca o menos de 1 vez al mes,Nunca o menos de 1 vez al mes,0,1,0,0,0,1,1
75569153,Nunca o menos de 1 vez al mes,1 vez al dia,Entre 1 y 3 veces al mes,1 vez por semana,Entre 2 y 3 veces al dia,0,1,0,0,1,1,2
75569155,Entre 1 y 3 veces al mes,1 vez al dia,1 vez al dia,Nunca o menos de 1 vez al mes,5 a 6 veces por semana,0,1,1,0,1,1,3
75572850,Entre 1 y 3 veces al mes,1 vez por semana,1 vez al dia,2 a 4 veces por semana,1 vez al dia,0,0,1,0,1,1,2
75572852,Entre 1 y 3 veces al mes,1 vez al dia,2 a 4 veces por semana,Nunca o menos de 1 vez al mes,1 vez al dia,0,1,0,0,1,1,2
75587052,1 vez por semana,1 vez por semana,1 vez al dia,Nunca o menos de 1 vez al mes,2 a 4 veces por semana,0,0,1,0,0,1,1
75587054,2 a 4 veces por semana,2 a 4 veces por semana,5 a 6 veces por semana,Nunca o menos de 1 vez al mes,1 vez al dia,0,0,1,0,1,1,2
75600492,Nunca o menos de 1 vez al mes,Entre 1 y 3 veces al mes,Entre 1 y 3 veces al mes,Nunca o menos de 1 vez al mes,2 a 4 veces por semana,0,0,0,0,0,0,0
75600496,Entre 2 y 3 veces al dia,1 vez al dia,2 a 4 veces por semana,Nunca o menos de 1 vez al mes,2 a 4 veces por semana,1,1,0,0,0,1,2
75602598,Nunca o menos de 1 vez al mes,2 a 4 veces por semana,2 a 4 veces por semana,1 vez por semana,Entre 2 y 3 veces al dia,0,0,0,0,1,1,1
75618460,1 vez por semana,1 vez al dia,2 a 4 veces por semana,Entre 1 y 3 veces al mes,Entre 2 y 3 veces al dia,0,1,0,0,1,1,2
75625505,2 a 4 veces por semana,5 a 6 veces por semana,5 a 6 veces por semana,2 a 4 veces por semana,2 a 4 veces por semana,0,1,1,0,0,1,2
75628404,Nunca o menos de 1 vez al mes,1 vez al dia,1 vez por semana,2 a 4 veces por semana,1 vez al dia,0,1,0,0,1,1,2
75631765,Nunca o menos de 1 vez al mes,1 vez por semana,Nunca o menos de 1 vez al mes,Nunca o menos de 1 vez al mes,Nunca o menos de 1 vez al mes,0,0,0,0,0,0,0
75634524,2 a 4 veces por semana,1 vez por semana,Nunca o menos de 1 vez al mes,2 a 4 veces por semana,1 vez por semana,0,0,0,0,0,0,0
75644225,2 a 4 veces por semana,1 vez por semana,1 vez por semana,2 a 4 veces por semana,Entre 2 y 3 veces al dia,0,0,0,0,1,1,1
75646401,Nunca o menos de 1 vez al mes,1 vez al dia,2 a 4 veces por semana,Entre 1 y 3 veces al mes,1 vez por semana,0,1,0,0,0,1,1
75648381,Nunca o menos de 1 vez al mes,Nunca o menos de 1 vez al mes,Entre 1 y 3 veces al mes,1 vez por semana,Entre 1 y 3 veces al mes,0,0,0,0,0,0,0
75658167,Nunca o menos de 1 vez al mes,1 vez al dia,Nunca o menos de 1 vez al mes,Entre 1 y 3 veces al mes,2 a 4 veces por semana,0,1,0,0,0,1,1
75658168,Nunca o menos de 1 vez al mes,2 a 4 veces por semana,2 a 4 veces por semana,Entre 1 y 3 veces al mes,2 a 4 veces por semana,0,0,0,0,0,0,0
75666206,5 a 6 veces por semana,Nunca o menos de 1 vez al mes,Entre 1 y 3 veces al mes,1 vez por semana,Nunca o menos de 1 vez al mes,1,0,0,0,0,1,1
75681732,Nunca o menos de 1 vez al mes,2 a 4 veces por semana,2 a 4 veces por semana,Nunca o menos de 1 vez al mes,Entre 4 y 5 veces al dia,0,0,0,0,1,1,1
75692207,Entre 1 y 3 veces al mes,2 a 4 veces por semana,1 vez por semana,1 vez por semana,1 vez por semana,0,0,0,0,0,0,0
75694005,1 vez por semana,2 a 4 veces por semana,Entre 2 y 3 veces al dia,1 vez por semana,2 a 4 veces por semana,0,0,1,0,0,1,1
75695612,2 a 4 veces por semana,1 vez por semana,1 vez por semana,Nunca o menos de 1 vez al mes,5 a 6 veces por semana,0,0,0,0,1,1,1
75703613,2 a 4 veces por semana,2 a 4 veces por semana,2 a 4 veces por semana,Nunca o menos de 1 vez al mes,Nunca o menos de 1 vez al mes,0,0,0,0,0,0,0
75704080,Nunca o menos de 1 vez al mes,2 a 4 veces por semana,Nunca o menos de 1 vez al mes,Nunca o menos de 1 vez al mes,1 vez al dia,0,0,0,0,1,1,1
75705100,1 vez por semana,2 a 4 veces por semana,Entre 1 y 3 veces al mes,Nunca o menos de 1 vez al mes,1 vez al dia,0,0,0,0,1,1,1
75705366,1 vez por semana,2 a 4 veces por semana,2 a 4 veces por semana,Nunca o menos de 1 vez al mes,1 vez al dia,0,0,0,0,1,1,1
75708395,Entre 1 y 3 veces al mes,1 vez por semana,1 vez por semana,Entre 1 y 3 veces al mes,1 vez por semana,0,0,0,0,0,0,0
75712346,1 vez por semana,2 a 4 veces por semana,2 a 4 veces por semana,Entre 1 y 3 veces al mes,1 vez por semana,0,0,0,0,0,0,0
75718323,Entre 1 y 3 veces al mes,Entre 1 y 3 veces al mes,Entre 1 y 3 veces al mes,Entre 1 y 3 veces al mes,Entre 1 y 3 veces al mes,0,0,0,0,0,0,0
75719722,Nunca o menos de 1 vez al mes,Nunca o menos de 1 vez al mes,1 vez por semana,Nunca o menos de 1 vez al mes,Nunca o menos de 1 vez al mes,0,0,0,0,0,0,0
75720100,Nunca o menos de 1 vez al mes,Nunca o menos de 1 vez al mes,2 a 4 veces por semana,1 vez por semana,Entre 1 y 3 veces al mes,0,0,0,0,0,0,0
75727024,Entre 1 y 3 veces al mes,1 vez al dia,1 vez por semana,1 vez por semana,Entre 2 y 3 veces al dia,0,1,0,0,1,1,2
75736953,1 vez por semana,1 vez por semana,2 a 4 veces por semana,Nunca o menos de 1 vez al mes,1 vez por semana,0,0,0,0,0,0,0
75740766,2 a 4 veces por semana,2 a 4 veces por semana,5 a 6 veces por semana,2 a 4 veces por semana,2 a 4 veces por semana,0,0,1,0,0,1,1
75740768,2 a 4 veces por semana,2 a 4 veces por semana,1 vez al dia,Nunca o menos de 1 vez al mes,2 a 4 veces por semana,0,0,1,0,0,1,1
75750861,Entre 1 y 3 veces al mes,5 a 6 veces por semana,1 vez por semana,2 a 4 veces por semana,2 a 4 veces por semana,0,1,0,0,0,1,1
75762348,2 a 4 veces por semana,1 vez al dia,2 a 4 veces por semana,Nunca o menos de 1 vez al mes,Entre 2 y 3 veces al dia,0,1,0,0,1,1,2
75763978,Entre 1 y 3 veces al mes,Nunca o menos de 1 vez al mes,1 vez al dia,Entre 1 y 3 veces al mes,1 vez por semana,0,0,1,0,0,1,1
75778895,Entre 1 y 3 veces al mes,2 a 4 veces por semana,Entre 2 y 3 veces al dia,Nunca o menos de 1 vez al mes,2 a 4 veces por semana,0,0,1,0,0,1,1
75817520,Nunca o menos de 1 vez al mes,2 a 4 veces por semana,1 vez al dia,Nunca o menos de 1 vez al mes,Entre 2 y 3 veces al dia,0,0,1,0,1,1,2
75818968,2 a 4 veces por semana,Nunca o menos de 1 vez al mes,Nunca o menos de 1 vez al mes,Nunca o menos de 1 vez al mes,1 vez al dia,0,0,0,0,1,1,1
75830541,1 vez al dia,1 vez al dia,2 a 4 veces por semana,Nunca o menos de 1 vez al mes,Entre 2 y 3 veces al dia,1,1,0,0,1,1,3
75857102,Nunca o menos de 1 vez al mes,Nunca o menos de 1 vez al mes,1 vez por semana,2 a 4 veces por semana,2 a 4 veces por semana,0,0,0,0,0,0,0
75865036,1 vez por semana,1 vez al dia,5 a 6 veces por semana,Nunca o menos de 1 vez al mes,1 vez al dia,0,1,1,0,1,1,3
75901621,1 vez por semana,2 a 4 veces por semana,1 vez por semana,1 vez por semana,1 vez al dia,0,0,0,0,1,1,1
75908553,2 a 4 veces por semana,2 a 4 veces por semana,1 vez al dia,Nunca o menos de 1 vez al mes,5 a 6 veces por semana,0,0,1,0,1,1,2
75920279,Entre 2 y 3 veces al dia,1 vez al dia,1 vez al dia,Nunca o menos de 1 vez al mes,Entre 2 y 3 veces al dia,1,1,1,0,1,1,4
75921841,2 a 4 veces por semana,2 a 4 veces por semana,1 vez por semana,Nunca o menos de 1 vez al mes,2 a 4 veces por semana,0,0,0,0,0,0,0
75927789,5 a 6 veces por semana,1 vez al dia,2 a 4 veces por semana,Entre 1 y 3 veces al mes,1 vez al dia,1,1,0,0,1,1,3
75930966,1 vez por semana,1 vez al dia,1 vez por semana,Entre 1 y 3 veces al mes,1 vez al dia,0,1,0,0,1,1,2
75931179,1 vez por semana,2 a 4 veces por semana,Entre 1 y 3 veces al mes,Entre 1 y 3 veces al mes,Entre 2 y 3 veces al dia,0,0,0,0,1,1,1
75932882,1 vez por semana,Nunca o menos de 1 vez al mes,1 vez al dia,Nunca o menos de 1 vez al mes,1 vez por semana,0,0,1,0,0,1,1
75935086,1 vez por semana,Entre 2 y 3 veces al dia,1 vez al dia,Nunca o menos de 1 vez al mes,Nunca o menos de 1 vez al mes,0,1,1,0,0,1,2
75935087,Nunca o menos de 1 vez al mes,Entre 1 y 3 veces al mes,Entre 1 y 3 veces al mes,Nunca o menos de 1 vez al mes,Entre 1 y 3 veces al mes,0,0,0,0,0,0,0
75940411,Entre 1 y 3 veces al mes,5 a 6 veces por semana,1 vez al dia,Nunca o menos de 1 vez al mes,1 vez al dia,0,1,1,0,1,1,3
75944335,Nunca o menos de 1 vez al mes,Nunca o menos de 1 vez al mes,Nunca o menos de 1 vez al mes,Nunca o menos de 1 vez al mes,1 vez por semana,0,0,0,0,0,0,0
75944716,Entre 1 y 3 veces al mes,1 vez por semana,Entre 1 y 3 veces al mes,Entre 1 y 3 veces al mes,Entre 1 y 3 veces al mes,0,0,0,0,0,0,0
75945531,1 vez por semana,Nunca o menos de 1 vez al mes,2 a 4 veces por semana,Nunca o menos de 1 vez al mes,2 a 4 veces por semana,0,0,0,0,0,0,0
75948780,Nunca o menos de 1 vez al mes,1 vez por semana,Nunca o menos de 1 vez al mes,Nunca o menos de 1 vez al mes,1 vez por semana,0,0,0,0,0,0,0
75964520,Nunca o menos de 1 vez al mes,5 a 6 veces por semana,2 a 4 veces por semana,Nunca o menos de 1 vez al mes,1 vez por semana,0,1,0,0,0,1,1
75971343,Nunca o menos de 1 vez al mes,2 a 4 veces por semana,1 vez por semana,Nunca o menos de 1 vez al mes,Nunca o menos de 1 vez al mes,0,0,0,0,0,0,0
75981659,Entre 1 y 3 veces al mes,Entre 1 y 3 veces al mes,1 vez por semana,1 vez por semana,Entre 2 y 3 veces al dia,0,0,0,0,1,1,1
75987401,Nunca o menos de 1 vez al mes,1 vez por semana,5 a 6 veces por semana,Nunca o menos de 1 vez al mes,1 vez al dia,0,0,1,0,1,1,2
75992027,2 a 4 veces por semana,2 a 4 veces por semana,1 vez por semana,Entre 1 y 3 veces al mes,Nunca o menos de 1 vez al mes,0,0,0,0,0,0,0
75999822,1 vez por semana,2 a 4 veces por semana,Entre 1 y 3 veces al mes,Entre 1 y 3 veces al mes,1 vez por semana,0,0,0,0,0,0,0
76000196,1 vez por semana,2 a 4 veces por semana,Nunca o menos de 1 vez al mes,Nunca o menos de 1 vez al mes,Entre 2 y 3 veces al dia,0,0,0,0,1,1,1
76000892,Nunca o menos de 1 vez al mes,Entre 1 y 3 veces al mes,2 a 4 veces por semana,Nunca o menos de 1 vez al mes,1 vez por semana,0,0,0,0,0,0,0
76002102,1 vez por semana,2 a 4 veces por semana,5 a 6 veces por semana,1 vez por semana,2 a 4 veces por semana,0,0,1,0,0,1,1
76008699,2 a 4 veces por semana,2 a 4 veces por semana,Entre 1 y 3 veces al mes,Nunca o menos de 1 vez al mes,Entre 2 y 3 veces al dia,0,0,0,0,1,1,1
76008901,Nunca o menos de 1 vez al mes,1 vez por semana,Entre 2 y 3 veces al dia,Nunca o menos de 1 vez al mes,Entre 2 y 3 veces al dia,0,0,1,0,1,1,2
76008902,Nunca o menos de 1 vez al mes,Nunca o menos de 1 vez al mes,1 vez al dia,Nunca o menos de 1 vez al mes,1 vez al dia,0,0,1,0,1,1,2
76017387,1 vez al dia,Entre 1 y 3 veces al mes,1 vez por semana,Nunca o menos de 1 vez al mes,1 vez al dia,1,0,0,0,1,1,2
76022056,1 vez por semana,2 a 4 veces por semana,Entre 1 y 3 veces al mes,Entre 1 y 3 veces al mes,2 a 4 veces por semana,0,0,0,0,0,0,0
76023783,Nunca o menos de 1 vez al mes,1 vez por semana,1 vez por semana,Nunca o menos de 1 vez al mes,1 vez por semana,0,0,0,0,0,0,0
76027557,1 vez por semana,2 a 4 veces por semana,2 a 4 veces por semana,2 a 4 veces por semana,Nunca o menos de 1 vez al mes,0,0,0,0,0,0,0
76027559,Nunca o menos de 1 vez al mes,Nunca o menos de 1 vez al mes,Entre 1 y 3 veces al mes,Nunca o menos de 1 vez al mes,Entre 4 y 5 veces al dia,0,0,0,0,1,1,1
76029792,Entre 1 y 3 veces al mes,2 a 4 veces por semana,2 a 4 veces por semana,Nunca o menos de 1 vez al mes,2 a 4 veces por semana,0,0,0,0,0,0,0
76033136,Nunca o menos de 1 vez al mes,2 a 4 veces por semana,1 vez por semana,Nunca o menos de 1 vez al mes,Nunca o menos de 1 vez al mes,0,0,0,0,0,0,0
76056824,Nunca o menos de 1 vez al mes,1 vez por semana,2 a 4 veces por semana,Entre 1 y 3 veces al mes,Entre 2 y 3 veces al dia,0,0,0,0,1,1,1
76063883,Entre 1 y 3 veces al mes,Nunca o menos de 1 vez al mes,Nunca o menos de 1 vez al mes,2 a 4 veces por semana,1 vez al dia,0,0,0,0,1,1,1
76067939,1 vez por semana,2 a 4 veces por semana,Nunca o menos de 1 vez al mes,Nunca o menos de 1 vez al mes,5 a 6 veces por semana,0,0,0,0,1,1,1
76071121,2 a 4 veces por semana,2 a 4 veces por semana,1 vez al dia,Nunca o menos de 1 vez al mes,Entre 2 y 3 veces al dia,0,0,1,0,1,1,2
76071122,2 a 4 veces por semana,1 vez al dia,1 vez al dia,Nunca o menos de 1 vez al mes,1 vez al dia,0,1,1,0,1,1,3
76072046,1 vez por semana,1 vez por semana,Entre 1 y 3 veces al mes,Entre 1 y 3 veces al mes,Entre 2 y 3 veces al dia,0,0,0,0,1,1,1
76086226,Entre 1 y 3 veces al mes,1 vez por semana,1 vez por semana,2 a 4 veces por semana,1 vez al dia,0,0,0,0,1,1,1
76089076,Entre 1 y 3 veces al mes,5 a 6 veces por semana,2 a 4 veces por semana,Entre 1 y 3 veces al mes,Entre 2 y 3 veces al dia,0,1,0,0,1,1,2
76090275,Nunca o menos de 1 vez al mes,5 a 6 veces por semana,2 a 4 veces por semana,Nunca o menos de 1 vez al mes,2 a 4 veces por semana,0,1,0,0,0,1,1
76090985,Nunca o menos de 1 vez al mes,Nunca o menos de 1 vez al mes,1 vez al dia,Nunca o menos de 1 vez al mes,1 vez al dia,0,0,1,0,1,1,2
76093436,1 vez por semana,5 a 6 veces por semana,5 a 6 veces por semana,Nunca o menos de 1 vez al mes,Nunca o menos de 1 vez al mes,0,1,1,0,0,1,2
76096486,1 vez por semana,1 vez al dia,1 vez al dia,Nunca o menos de 1 vez al mes,Entre 2 y 3 veces al dia,0,1,1,0,1,1,3
76100728,2 a 4 veces por semana,Entre 1 y 3 veces al mes,Entre 1 y 3 veces al mes,Nunca o menos de 1 vez al mes,Entre 2 y 3 veces al dia,0,0,0,0,1,1,1
76100752,2 a 4 veces por semana,1 vez por semana,1 vez por semana,Nunca o menos de 1 vez al mes,1 vez al dia,0,0,0,0,1,1,1
76101629,1 vez por semana,2 a 4 veces por semana,Entre 1 y 3 veces al mes,Nunca o menos de 1 vez al mes,Entre 2 y 3 veces al dia,0,0,0,0,1,1,1
76101754,Nunca o menos de 1 vez al mes,Entre 1 y 3 veces al mes,Nunca o menos de 1 vez al mes,1 vez por semana,Nunca o menos de 1 vez al mes,0,0,0,0,0,0,0
76104915,Entre 1 y 3 veces al mes,Nunca o menos de 1 vez al mes,1 vez por semana,1 vez por semana,Entre 2 y 3 veces al dia,0,0,0,0,1,1,1
76105653,1 vez por semana,2 a 4 veces por semana,1 vez al dia,2 a 4 veces por semana,1 vez por semana,0,0,1,0,0,1,1
76107202,1 vez por semana,2 a 4 veces por semana,1 vez por semana,Entre 1 y 3 veces al mes,Nunca o menos de 1 vez al mes,0,0,0,0,0,0,0
76108835,Entre 1 y 3 veces al mes,2 a 4 veces por semana,1 vez por semana,Nunca o menos de 1 vez al mes,2 a 4 veces por semana,0,0,0,0,0,0,0
76110423,Entre 1 y 3 veces al mes,1 vez por semana,2 a 4 veces por semana,Nunca o menos de 1 vez al mes,1 vez por semana,0,0,0,0,0,0,0
76110595,Nunca o menos de 1 vez al mes,Nunca o menos de 1 vez al mes,Entre 1 y 3 veces al mes,Nunca o menos de 1 vez al mes,1 vez al dia,0,0,0,0,1,1,1
76110596,Nunca o menos de 1 vez al mes,1 vez al dia,Entre 1 y 3 veces al mes,Nunca o menos de 1 vez al mes,1 vez al dia,0,1,0,0,1,1,2
76117819,Entre 1 y 3 veces al mes,2 a 4 veces por semana,1 vez al dia,1 vez al dia,1 vez por semana,0,0,1,1,0,1,2
76124566,Nunca o menos de 1 vez al mes,Entre 2 y 3 veces al dia,5 a 6 veces por semana,Nunca o menos de 1 vez al mes,Entre 2 y 3 veces al dia,0,1,1,0,1,1,3
76139446,Nunca o menos de 1 vez al mes,Entre 1 y 3 veces al mes,Entre 1 y 3 veces al mes,Nunca o menos de 1 vez al mes,1 vez al dia,0,0,0,0,1,1,1
76155308,Entre 1 y 3 veces al mes,2 a 4 veces por semana,Entre 2 y 3 veces al dia,Entre 1 y 3 veces al mes,2 a 4 veces por semana,0,0,1,0,0,1,1
76167765,Nunca o menos de 1 vez al mes,1 vez por semana,Entre 1 y 3 veces al mes,Nunca o menos de 1 vez al mes,Nunca o menos de 1 vez al mes,0,0,0,0,0,0,0
76169027,Nunca o menos de 1 vez al mes,1 vez al dia,1 vez al dia,Nunca o menos de 1 vez al mes,Entre 2 y 3 veces al dia,0,1,1,0,1,1,3
76176650,Nunca o menos de 1 vez al mes,2 a 4 veces por semana,2 a 4 veces por semana,Entre 1 y 3 veces al mes,1 vez por semana,0,0,0,0,0,0,0
76187239,Nunca o menos de 1 vez al mes,Nunca o menos de 1 vez al mes,2 a 4 veces por semana,Nunca o menos de 1 vez al mes,Entre 2 y 3 veces al dia,0,0,0,0,1,1,1
76194497,2 a 4 veces por semana,5 a 6 veces por semana,2 a 4 veces por semana,Nunca o menos de 1 vez al mes,2 a 4 veces por semana,0,1,0,0,0,1,1
76194779,1 vez por semana,5 a 6 veces por semana,5 a 6 veces por semana,Nunca o menos de 1 vez al mes,2 a 4 veces por semana,0,1,1,0,0,1,2
76197979,Entre 1 y 3 veces al mes,Nunca o menos de 1 vez al mes,2 a 4 veces por semana,Nunca o menos de 1 vez al mes,5 a 6 veces por semana,0,0,0,0,1,1,1
76197981,Entre 1 y 3 veces al mes,Nunca o menos de 1 vez al mes,Entre 1 y 3 veces al mes,Nunca o menos de 1 vez al mes,2 a 4 veces por semana,0,0,0,0,0,0,0
76199016,2 a 4 veces por semana,Nunca o menos de 1 vez al mes,2 a 4 veces por semana,Nunca o menos de 1 vez al mes,2 a 4 veces por semana,0,0,0,0,0,0,0
76200466,Nunca o menos de 1 vez al mes,2 a 4 veces por semana,2 a 4 veces por semana,Nunca o menos de 1 vez al mes,Nunca o menos de 1 vez al mes,0,0,0,0,0,0,0
76201144,Nunca o menos de 1 vez al mes,2 a 4 veces por semana,1 vez por semana,Entre 1 y 3 veces al mes,1 vez al dia,0,0,0,0,1,1,1
76201857,Entre 1 y 3 veces al mes,2 a 4 veces por semana,1 vez por semana,1 vez por semana,Entre 1 y 3 veces al mes,0,0,0,0,0,0,0
76202365,2 a 4 veces por semana,Entre 1 y 3 veces al mes,Nunca o menos de 1 vez al mes,2 a 4 veces por semana,2 a 4 veces por semana,0,0,0,0,0,0,0
76203382,2 a 4 veces por semana,1 vez por semana,2 a 4 veces por semana,2 a 4 veces por semana,1 vez por semana,0,0,0,0,0,0,0
76206616,Entre 1 y 3 veces al mes,2 a 4 veces por semana,2 a 4 veces por semana,Nunca o menos de 1 vez al mes,2 a 4 veces por semana,0,0,0,0,0,0,0
76211211,Nunca o menos de 1 vez al mes,1 vez por semana,2 a 4 veces por semana,1 vez por semana,Entre 2 y 3 veces al dia,0,0,0,0,1,1,1
76211213,1 vez por semana,2 a 4 veces por semana,2 a 4 veces por semana,Nunca o menos de 1 vez al mes,Nunca o menos de 1 vez al mes,0,0,0,0,0,0,0
76211869,Nunca o menos de 1 vez al mes,Nunca o menos de 1 vez al mes,1 vez por semana,Nunca o menos de 1 vez al mes,1 vez por semana,0,0,0,0,0,0,0
76215383,Entre 2 y 3 veces al dia,1 vez al dia,5 a 6 veces por semana,Nunca o menos de 1 vez al mes,5 a 6 veces por semana,1,1,1,0,1,1,4
76239365,1 vez por semana,1 vez al dia,1 vez al dia,Nunca o menos de 1 vez al mes,Nunca o menos de 1 vez al mes,0,1,1,0,0,1,2
76249158,1 vez por semana,Entre 2 y 3 veces al dia,1 vez al dia,2 a 4 veces por semana,2 a 4 veces por semana,0,1,1,0,0,1,2
76254646,1 vez al dia,Entre 2 y 3 veces al dia,2 a 4 veces por semana,Nunca o menos de 1 vez al mes,5 a 6 veces por semana,1,1,0,0,1,1,3
76254647,1 vez por semana,2 a 4 veces por semana,2 a 4 veces por semana,Nunca o menos de 1 vez al mes,1 vez por semana,0,0,0,0,0,0,0
76258626,1 vez por semana,1 vez por semana,2 a 4 veces por semana,Nunca o menos de 1 vez al mes,1 vez al dia,0,0,0,0,1,1,1
76258627,Nunca o menos de 1 vez al mes,Nunca o menos de 1 vez al mes,2 a 4 veces por semana,Nunca o menos de 1 vez al mes,1 vez al dia,0,0,0,0,1,1,1
76258628,Nunca o menos de 1 vez al mes,1 vez por semana,5 a 6 veces por semana,Nunca o menos de 1 vez al mes,Entre 2 y 3 veces al dia,0,0,1,0,1,1,2
76264349,Entre 1 y 3 veces al mes,Entre 1 y 3 veces al mes,1 vez por semana,Nunca o menos de 1 vez al mes,1 vez al dia,0,0,0,0,1,1,1
76264351,Entre 1 y 3 veces al mes,2 a 4 veces por semana,2 a 4 veces por semana,Nunca o menos de 1 vez al mes,Nunca o menos de 1 vez al mes,0,0,0,0,0,0,0
76268326,2 a 4 veces por semana,Nunca o menos de 1 vez al mes,Nunca o menos de 1 vez al mes,Nunca o menos de 1 vez al mes,2 a 4 veces por semana,0,0,0,0,0,0,0
76275571,1 vez por semana,2 a 4 veces por semana,Entre 2 y 3 veces al dia,Nunca o menos de 1 vez al mes,Entre 4 y 5 veces al dia,0,0,1,0,1,1,2
76275754,2 a 4 veces por semana,2 a 4 veces por semana,2 a 4 veces por semana,Entre 1 y 3 veces al mes,Entre 4 y 5 veces al dia,0,0,0,0,1,1,1
76275970,Entre 1 y 3 veces al mes,Entre 1 y 3 veces al mes,Nunca o menos de 1 vez al mes,Nunca o menos de 1 vez al mes,Entre 4 y 5 veces al dia,0,0,0,0,1,1,1
76278943,Entre 1 y 3 veces al mes,1 vez por semana,Entre 1 y 3 veces al mes,Nunca o menos de 1 vez al mes,1 vez por semana,0,0,0,0,0,0,0
76278946,Nunca o menos de 1 vez al mes,1 vez al dia,Entre 1 y 3 veces al mes,Entre 1 y 3 veces al mes,1 vez por semana,0,1,0,0,0,1,1
76287955,1 vez por semana,1 vez al dia,1 vez al dia,2 a 4 veces por semana,Entre 2 y 3 veces al dia,0,1,1,0,1,1,3
76288541,Entre 1 y 3 veces al mes,Nunca o menos de 1 vez al mes,2 a 4 veces por semana,Nunca o menos de 1 vez al mes,1 vez al dia,0,0,0,0,1,1,1
76293474,Nunca o menos de 1 vez al mes,5 a 6 veces por semana,2 a 4 veces por semana,Entre 1 y 3 veces al mes,5 a 6 veces por semana,0,1,0,0,1,1,2
76293545,Nunca o menos de 1 vez al mes,1 vez por semana,Entre 1 y 3 veces al mes,Nunca o menos de 1 vez al mes,2 a 4 veces por semana,0,0,0,0,0,0,0
76293956,1 vez por semana,1 vez al dia,1 vez por semana,1 vez por semana,5 a 6 veces por semana,0,1,0,0,1,1,2
76295905,1 vez por semana,1 vez al dia,1 vez por semana,Nunca o menos de 1 vez al mes,2 a 4 veces por semana,0,1,0,0,0,1,1
76297973,2 a 4 veces por semana,5 a 6 veces por semana,5 a 6 veces por semana,2 a 4 veces por semana,Entre 2 y 3 veces al dia,0,1,1,0,1,1,3
76301385,2 a 4 veces por semana,Nunca o menos de 1 vez al mes,1 vez al dia,1 vez por semana,1 vez por semana,0,0,1,0,0,1,1
76331964,1 vez por semana,1 vez por semana,2 a 4 veces por semana,Entre 1 y 3 veces al mes,Nunca o menos de 1 vez al mes,0,0,0,0,0,0,0
76335304,2 a 4 veces por semana,1 vez al dia,2 a 4 veces por semana,Nunca o menos de 1 vez al mes,Entre 2 y 3 veces al dia,0,1,0,0,1,1,2
76341237,Entre 1 y 3 veces al mes,5 a 6 veces por semana,2 a 4 veces por semana,Nunca o menos de 1 vez al mes,Nunca o menos de 1 vez al mes,0,1,0,0,0,1,1
76343836,1 vez por semana,2 a 4 veces por semana,1 vez por semana,Nunca o menos de 1 vez al mes,Entre 2 y 3 veces al dia,0,0,0,0,1,1,1
76348509,1 vez por semana,2 a 4 veces por semana,1 vez al dia,1 vez por semana,2 a 4 veces por semana,0,0,1,0,0,1,1
76349871,Nunca o menos de 1 vez al mes,5 a 6 veces por semana,5 a 6 veces por semana,Nunca o menos de 1 vez al mes,Nunca o menos de 1 vez al mes,0,1,1,0,0,1,2
76354533,Nunca o menos de 1 vez al mes,Nunca o menos de 1 vez al mes,Nunca o menos de 1 vez al mes,Nunca o menos de 1 vez al mes,1 vez al dia,0,0,0,0,1,1,1
76355359,Nunca o menos de 1 vez al mes,Nunca o menos de 1 vez al mes,1 vez por semana,Nunca o menos de 1 vez al mes,Nunca o menos de 1 vez al mes,0,0,0,0,0,0,0
76355360,1 vez por semana,5 a 6 veces por semana,2 a 4 veces por semana,Nunca o menos de 1 vez al mes,1 vez al dia,0,1,0,0,1,1,2
76357916,Entre 1 y 3 veces al mes,Nunca o menos de 1 vez al mes,1 vez al dia,Nunca o menos de 1 vez al mes,5 a 6 veces por semana,0,0,1,0,1,1,2
76381496,Entre 1 y 3 veces al mes,2 a 4 veces por semana,2 a 4 veces por semana,Nunca o menos de 1 vez al mes,Entre 1 y 3 veces al mes,0,0,0,0,0,0,0
76381874,1 vez por semana,1 vez por semana,1 vez por semana,Nunca o menos de 1 vez al mes,Entre 2 y 3 veces al dia,0,0,0,0,1,1,1
76389050,1 vez por semana,2 a 4 veces por semana,1 vez al dia,Nunca o menos de 1 vez al mes,Entre 2 y 3 veces al dia,0,0,1,0,1,1,2
76393342,Nunca o menos de 1 vez al mes,2 a 4 veces por semana,Nunca o menos de 1 vez al mes,Nunca o menos de 1 vez al mes,Nunca o menos de 1 vez al mes,0,0,0,0,0,0,0
76393977,Nunca o menos de 1 vez al mes,2 a 4 veces por semana,1 vez al dia,1 vez por semana,Entre 2 y 3 veces al dia,0,0,1,0,1,1,2
76406725,Nunca o menos de 1 vez al mes,Entre 2 y 3 veces al dia,Entre 2 y 3 veces al dia,Nunca o menos de 1 vez al mes,2 a 4 veces por semana,0,1,1,0,0,1,2
76412764,1 vez por semana,2 a 4 veces por semana,Nunca o menos de 1 vez al mes,Nunca o menos de 1 vez al mes,1 vez al dia,0,0,0,0,1,1,1
76413398,Entre 1 y 3 veces al mes,5 a 6 veces por semana,1 vez por semana,2 a 4 veces por semana,Entre 1 y 3 veces al mes,0,1,0,0,0,1,1
76416841,2 a 4 veces por semana,5 a 6 veces por semana,Entre 1 y 3 veces al mes,Entre 1 y 3 veces al mes,2 a 4 veces por semana,0,1,0,0,0,1,1
76422650,1 vez por semana,Entre 2 y 3 veces al dia,Entre 1 y 3 veces al mes,Nunca o menos de 1 vez al mes,Entre 2 y 3 veces al dia,0,1,0,0,1,1,2
76452822,1 vez al dia,1 vez por semana,1 vez al dia,Nunca o menos de 1 vez al mes,Entre 4 y 5 veces al dia,1,0,1,0,1,1,3
76457365,2 a 4 veces por semana,Entre 2 y 3 veces al dia,Nunca o menos de 1 vez al mes,1 vez por semana,Entre 2 y 3 veces al dia,0,1,0,0,1,1,2
76459287,1 vez por semana,1 vez al dia,1 vez al dia,2 a 4 veces por semana,2 a 4 veces por semana,0,1,1,0,0,1,2
76459294,2 a 4 veces por semana,1 vez al dia,1 vez al dia,2 a 4 veces por semana,Entre 2 y 3 veces al dia,0,1,1,0,1,1,3
76469159,5 a 6 veces por semana,1 vez al dia,1 vez al dia,Nunca o menos de 1 vez al mes,1 vez al dia,1,1,1,0,1,1,4
76475822,Entre 1 y 3 veces al mes,2 a 4 veces por semana,5 a 6 veces por semana,Nunca o menos de 1 vez al mes,1 vez al dia,0,0,1,0,1,1,2
76501124,1 vez por semana,1 vez al dia,2 a 4 veces por semana,2 a 4 veces por semana,Entre 2 y 3 veces al dia,0,1,0,0,1,1,2
76528525,1 vez por semana,2 a 4 veces por semana,1 vez al dia,5 a 6 veces por semana,1 vez al dia,0,0,1,1,1,1,3
76533129,Entre 1 y 3 veces al mes,1 vez por semana,1 vez por semana,Nunca o menos de 1 vez al mes,1 vez al dia,0,0,0,0,1,1,1
76540923,Nunca o menos de 1 vez al mes,Entre 1 y 3 veces al mes,1 vez por semana,Nunca o menos de 1 vez al mes,2 a 4 veces por semana,0,0,0,0,0,0,0
76540924,Entre 1 y 3 veces al mes,2 a 4 veces por semana,1 vez al dia,Nunca o menos de 1 vez al mes,Entre 2 y 3 veces al dia,0,0,1,0,1,1,2
76550905,2 a 4 veces por semana,1 vez al dia,2 a 4 veces por semana,2 a 4 veces por semana,5 a 6 veces por semana,0,1,0,0,1,1,2
76554277,Nunca o menos de 1 vez al mes,2 a 4 veces por semana,Entre 2 y 3 veces al dia,Nunca o menos de 1 vez al mes,2 a 4 veces por semana,0,0,1,0,0,1,1
76554278,Nunca o menos de 1 vez al mes,1 vez al dia,1 vez al dia,2 a 4 veces por semana,2 a 4 veces por semana,0,1,1,0,0,1,2
76560869,Nunca o menos de 1 vez al mes,5 a 6 veces por semana,2 a 4 veces por semana,Nunca o menos de 1 vez al mes,1 vez por semana,0,1,0,0,0,1,1
76567196,1 vez por semana,1 vez por semana,Entre 2 y 3 veces al dia,1 vez por semana,1 vez por semana,0,0,1,0,0,1,1
76570524,Nunca o menos de 1 vez al mes,Nunca o menos de 1 vez al mes,Nunca o menos de 1 vez al mes,1 vez por semana,Nunca o menos de 1 vez al mes,0,0,0,0,0,0,0
76570525,Nunca o menos de 1 vez al mes,1 vez por semana,Nunca o menos de 1 vez al mes,2 a 4 veces por semana,Nunca o menos de 1 vez al mes,0,0,0,0,0,0,0
76572585,Nunca o menos de 1 vez al mes,Nunca o menos de 1 vez al mes,2 a 4 veces por semana,Nunca o menos de 1 vez al mes,Entre 2 y 3 veces al dia,0,0,0,0,1,1,1
76572586,Nunca o menos de 1 vez al mes,Nunca o menos de 1 vez al mes,2 a 4 veces por semana,Nunca o menos de 1 vez al mes,Entre 2 y 3 veces al dia,0,0,0,0,1,1,1
76600974,Nunca o menos de 1 vez al mes,2 a 4 veces por semana,2 a 4 veces por semana,2 a 4 veces por semana,1 vez al dia,0,0,0,0,1,1,1
76614569,Nunca o menos de 1 vez al mes,Nunca o menos de 1 vez al mes,1 vez al dia,Nunca o menos de 1 vez al mes,1 vez por semana,0,0,1,0,0,1,1
76618692,Nunca o menos de 1 vez al mes,1 vez al dia,2 a 4 veces por semana,Nunca o menos de 1 vez al mes,2 a 4 veces por semana,0,1,0,0,0,1,1
76618697,Entre 1 y 3 veces al mes,1 vez por semana,1 vez por semana,Nunca o menos de 1 vez al mes,Entre 2 y 3 veces al dia,0,0,0,0,1,1,1
76618700,2 a 4 veces por semana,1 vez al dia,2 a 4 veces por semana,Nunca o menos de 1 vez al mes,Entre 2 y 3 veces al dia,0,1,0,0,1,1,2
76631902,1 vez por semana,1 vez al dia,1 vez al dia,Nunca o menos de 1 vez al mes,1 vez al dia,0,1,1,0,1,1,3
76640048,1 vez por semana,1 vez al dia,1 vez por semana,Nunca o menos de 1 vez al mes,1 vez al dia,0,1,0,0,1,1,2
76640049,1 vez por semana,1 vez al dia,1 vez por semana,Entre 1 y 3 veces al mes,1 vez al dia,0,1,0,0,1,1,2
76643724,Entre 1 y 3 veces al mes,Nunca o menos de 1 vez al mes,1 vez por semana,2 a 4 veces por semana,2 a 4 veces por semana,0,0,0,0,0,0,0
76646849,1 vez por semana,2 a 4 veces por semana,2 a 4 veces por semana,Entre 1 y 3 veces al mes,2 a 4 veces por semana,0,0,0,0,0,0,0
76682490,Entre 1 y 3 veces al mes,2 a 4 veces por semana,2 a 4 veces por semana,Nunca o menos de 1 vez al mes,2 a 4 veces por semana,0,0,0,0,0,0,0
76690232,Entre 1 y 3 veces al mes,Entre 1 y 3 veces al mes,Entre 1 y 3 veces al mes,Nunca o menos de 1 vez al mes,Nunca o menos de 1 vez al mes,0,0,0,0,0,0,0
76695568,Nunca o menos de 1 vez al mes,5 a 6 veces por semana,1 vez por semana,Nunca o menos de 1 vez al mes,2 a 4 veces por semana,0,1,0,0,0,1,1
76701785,Entre 1 y 3 veces al mes,Entre 1 y 3 veces al mes,Entre 1 y 3 veces al mes,Nunca o menos de 1 vez al mes,Entre 2 y 3 veces al dia,0,0,0,0,1,1,1
76707745,1 vez al dia,Entre 2 y 3 veces al dia,Entre 2 y 3 veces al dia,1 vez al dia,Entre 2 y 3 veces al dia,1,1,1,1,1,1,5
76708027,Entre 1 y 3 veces al mes,Entre 1 y 3 veces al mes,1 vez al dia,Nunca o menos de 1 vez al mes,Entre 2 y 3 veces al dia,0,0,1,0,1,1,2
76724312,Nunca o menos de 1 vez al mes,Nunca o menos de 1 vez al mes,2 a 4 veces por semana,Nunca o menos de 1 vez al mes,1 vez al dia,0,0,0,0,1,1,1
76724489,1 vez por semana,1 vez por semana,2 a 4 veces por semana,Nunca o menos de 1 vez al mes,1 vez al dia,0,0,0,0,1,1,1
76724492,Nunca o menos de 1 vez al mes,1 vez al dia,1 vez por semana,Nunca o menos de 1 vez al mes,1 vez al dia,0,1,0,0,1,1,2
76727344,2 a 4 veces por semana,Nunca o menos de 1 vez al mes,2 a 4 veces por semana,2 a 4 veces por semana,Entre 2 y 3 veces al dia,0,0,0,0,1,1,1
76735289,1 vez por semana,2 a 4 veces por semana,1 vez por semana,1 vez por semana,Entre 2 y 3 veces al dia,0,0,0,0,1,1,1
76735291,1 vez por semana,2 a 4 veces por semana,1 vez al dia,Nunca o menos de 1 vez al mes,Entre 4 y 5 veces al dia,0,0,1,0,1,1,2
76738351,2 a 4 veces por semana,1 vez por semana,1 vez al dia,5 a 6 veces por semana,1 vez por semana,0,0,1,1,0,1,2
76738876,1 vez por semana,5 a 6 veces por semana,5 a 6 veces por semana,Nunca o menos de 1 vez al mes,2 a 4 veces por semana,0,1,1,0,0,1,2
76741476,2 a 4 veces por semana,2 a 4 veces por semana,2 a 4 veces por semana,2 a 4 veces por semana,2 a 4 veces por semana,0,0,0,0,0,0,0
76742732,Nunca o menos de 1 vez al mes,2 a 4 veces por semana,1 vez al dia,2 a 4 veces por semana,Entre 2 y 3 veces al dia,0,0,1,0,1,1,2
76743260,Entre 1 y 3 veces al mes,2 a 4 veces por semana,Entre 1 y 3 veces al mes,Nunca o menos de 1 vez al mes,2 a 4 veces por semana,0,0,0,0,0,0,0
76743592,1 vez por semana,1 vez al dia,1 vez al dia,Nunca o menos de 1 vez al mes,1 vez al dia,0,1,1,0,1,1,3
76756234,2 a 4 veces por semana,2 a 4 veces por semana,Nunca o menos de 1 vez al mes,Entre 1 y 3 veces al mes,1 vez al dia,0,0,0,0,1,1,1
76756397,Nunca o menos de 1 vez al mes,Nunca o menos de 1 vez al mes,Nunca o menos de 1 vez al mes,Nunca o menos de 1 vez al mes,Nunca o menos de 1 vez al mes,0,0,0,0,0,0,0
76764583,Nunca o menos de 1 vez al mes,2 a 4 veces por semana,1 vez por semana,Nunca o menos de 1 vez al mes,2 a 4 veces por semana,0,0,0,0,0,0,0
76769982,Entre 1 y 3 veces al mes,Nunca o menos de 1 vez al mes,1 vez al dia,Nunca o menos de 1 vez al mes,Nunca o menos de 1 vez al mes,0,0,1,0,0,1,1
76771901,Nunca o menos de 1 vez al mes,2 a 4 veces por semana,Entre 1 y 3 veces al mes,Nunca o menos de 1 vez al mes,5 a 6 veces por semana,0,0,0,0,1,1,1
76775902,Entre 1 y 3 veces al mes,Nunca o menos de 1 vez al mes,1 vez por semana,Nunca o menos de 1 vez al mes,2 a 4 veces por semana,0,0,0,0,0,0,0
76780915,2 a 4 veces por semana,Entre 2 y 3 veces al dia,1 vez al dia,Nunca o menos de 1 vez al mes,2 a 4 veces por semana,0,1,1,0,0,1,2
76797060,Entre 1 y 3 veces al mes,1 vez al dia,1 vez por semana,Nunca o menos de 1 vez al mes,1 vez al dia,0,1,0,0,1,1,2
76800913,1 vez por semana,Entre 1 y 3 veces al mes,Entre 1 y 3 veces al mes,1 vez por semana,1 vez por semana,0,0,0,0,0,0,0
76806886,Nunca o menos de 1 vez al mes,2 a 4 veces por semana,2 a 4 veces por semana,Nunca o menos de 1 vez al mes,1 vez por semana,0,0,0,0,0,0,0
76812710,1 vez por semana,Entre 1 y 3 veces al mes,1 vez al dia,Entre 1 y 3 veces al mes,5 a 6 veces por semana,0,0,1,0,1,1,2
76819068,Entre 1 y 3 veces al mes,Nunca o menos de 1 vez al mes,1 vez por semana,Nunca o menos de 1 vez al mes,2 a 4 veces por semana,0,0,0,0,0,0,0
76821878,1 vez por semana,2 a 4 veces por semana,Entre 1 y 3 veces al mes,Nunca o menos de 1 vez al mes,1 vez al dia,0,0,0,0,1,1,1
76826066,2 a 4 veces por semana,Entre 1 y 3 veces al mes,1 vez al dia,Nunca o menos de 1 vez al mes,1 vez al dia,0,0,1,0,1,1,2
76826067,1 vez por semana,2 a 4 veces por semana,1 vez al dia,Nunca o menos de 1 vez al mes,5 a 6 veces por semana,0,0,1,0,1,1,2
76829611,5 a 6 veces por semana,1 vez por semana,1 vez por semana,1 vez por semana,1 vez por semana,1,0,0,0,0,1,1
76833496,5 a 6 veces por semana,2 a 4 veces por semana,Nunca o menos de 1 vez al mes,2 a 4 veces por semana,1 vez al dia,1,0,0,0,1,1,2
76834328,2 a 4 veces por semana,2 a 4 veces por semana,1 vez al dia,Entre 1 y 3 veces al mes,Entre 4 y 5 veces al dia,0,0,1,0,1,1,2
76837859,Nunca o menos de 1 vez al mes,1 vez al dia,Entre 2 y 3 veces al dia,Entre 1 y 3 veces al mes,Entre 2 y 3 veces al dia,0,1,1,0,1,1,3
76841388,Nunca o menos de 1 vez al mes,Entre 2 y 3 veces al dia,2 a 4 veces por semana,Nunca o menos de 1 vez al mes,2 a 4 veces por semana,0,1,0,0,0,1,1
76843980,Entre 1 y 3 veces al mes,2 a 4 veces por semana,1 vez por semana,Nunca o menos de 1 vez al mes,Entre 2 y 3 veces al dia,0,0,0,0,1,1,1
76845523,1 vez al dia,2 a 4 veces por semana,2 a 4 veces por semana,Nunca o menos de 1 vez al mes,1 vez al dia,1,0,0,0,1,1,2
76845524,Entre 1 y 3 veces al mes,1 vez al dia,Nunca o menos de 1 vez al mes,Nunca o menos de 1 vez al mes,1 vez al dia,0,1,0,0,1,1,2
76848773,2 a 4 veces por semana,Nunca o menos de 1 vez al mes,Nunca o menos de 1 vez al mes,Nunca o menos de 1 vez al mes,Entre 2 y 3 veces al dia,0,0,0,0,1,1,1
76848781,Nunca o menos de 1 vez al mes,2 a 4 veces por semana,Nunca o menos de 1 vez al mes,Nunca o menos de 1 vez al mes,Entre 2 y 3 veces al dia,0,0,0,0,1,1,1
76860996,1 vez por semana,1 vez al dia,1 vez por semana,1 vez por semana,Entre 2 y 3 veces al dia,0,1,0,0,1,1,2
76865987,1 vez por semana,2 a 4 veces por semana,2 a 4 veces por semana,Nunca o menos de 1 vez al mes,Nunca o menos de 1 vez al mes,0,0,0,0,0,0,0
76875711,1 vez al dia,5 a 6 veces por semana,1 vez por semana,Nunca o menos de 1 vez al mes,Entre 2 y 3 veces al dia,1,1,0,0,1,1,3
76879647,2 a 4 veces por semana,5 a 6 veces por semana,2 a 4 veces por semana,Nunca o menos de 1 vez al mes,Entre 2 y 3 veces al dia,0,1,0,0,1,1,2
76884777,1 vez por semana,Entre 1 y 3 veces al mes,1 vez por semana,Nunca o menos de 1 vez al mes,Entre 1 y 3 veces al mes,0,0,0,0,0,0,0
76886653,1 vez por semana,1 vez por semana,2 a 4 veces por semana,Nunca o menos de 1 vez al mes,Entre 2 y 3 veces al dia,0,0,0,0,1,1,1
76886654,1 vez al dia,Nunca o menos de 1 vez al mes,1 vez al dia,Nunca o menos de 1 vez al mes,Entre 2 y 3 veces al dia,1,0,1,0,1,1,3
76887447,1 vez por semana,1 vez por semana,Entre 1 y 3 veces al mes,Nunca o menos de 1 vez al mes,1 vez al dia,0,0,0,0,1,1,1
76903784,1 vez por semana,1 vez por semana,Entre 1 y 3 veces al mes,Entre 1 y 3 veces al mes,1 vez por semana,0,0,0,0,0,0,0
76909329,1 vez por semana,2 a 4 veces por semana,Nunca o menos de 1 vez al mes,Nunca o menos de 1 vez al mes,Entre 2 y 3 veces al dia,0,0,0,0,1,1,1
76912148,Nunca o menos de 1 vez al mes,Nunca o menos de 1 vez al mes,2 a 4 veces por semana,Nunca o menos de 1 vez al mes,Entre 2 y 3 veces al dia,0,0,0,0,1,1,1
76914112,Entre 1 y 3 veces al mes,Entre 1 y 3 veces al mes,Entre 2 y 3 veces al dia,Nunca o menos de 1 vez al mes,2 a 4 veces por semana,0,0,1,0,0,1,1
76916459,1 vez por semana,1 vez por semana,1 vez por semana,Nunca o menos de 1 vez al mes,2 a 4 veces por semana,0,0,0,0,0,0,0
76917638,2 a 4 veces por semana,5 a 6 veces por semana,5 a 6 veces por semana,Nunca o menos de 1 vez al mes,Nunca o menos de 1 vez al mes,0,1,1,0,0,1,2
76923953,Entre 1 y 3 veces al mes,Entre 1 y 3 veces al mes,Entre 1 y 3 veces al mes,Nunca o menos de 1 vez al mes,1 vez por semana,0,0,0,0,0,0,0
76926341,Entre 1 y 3 veces al mes,Entre 1 y 3 veces al mes,2 a 4 veces por semana,Entre 1 y 3 veces al mes,Entre 1 y 3 veces al mes,0,0,0,0,0,0,0
76932718,2 a 4 veces por semana,Nunca o menos de 1 vez al mes,1 vez por semana,Nunca o menos de 1 vez al mes,Entre 2 y 3 veces al dia,0,0,0,0,1,1,1
76935422,2 a 4 veces por semana,1 vez al dia,1 vez por semana,Nunca o menos de 1 vez al mes,Entre 4 y 5 veces al dia,0,1,0,0,1,1,2
76935424,Nunca o menos de 1 vez al mes,5 a 6 veces por semana,5 a 6 veces por semana,1 vez por semana,1 vez por semana,0,1,1,0,0,1,2
76951545,2 a 4 veces por semana,1 vez al dia,5 a 6 veces por semana,Nunca o menos de 1 vez al mes,1 vez al dia,0,1,1,0,1,1,3
76952329,Nunca o menos de 1 vez al mes,2 a 4 veces por semana,1 vez por semana,Nunca o menos de 1 vez al mes,Entre 2 y 3 veces al dia,0,0,0,0,1,1,1
76953847,1 vez al dia,Entre 2 y 3 veces al dia,Entre 1 y 3 veces al mes,Nunca o menos de 1 vez al mes,1 vez al dia,1,1,0,0,1,1,3
76953851,2 a 4 veces por semana,2 a 4 veces por semana,1 vez al dia,Nunca o menos de 1 vez al mes,Entre 2 y 3 veces al dia,0,0,1,0,1,1,2
76955938,Nunca o menos de 1 vez al mes,Entre 1 y 3 veces al mes,1 vez por semana,Nunca o menos de 1 vez al mes,Entre 1 y 3 veces al mes,0,0,0,0,0,0,0
76977503,Nunca o menos de 1 vez al mes,Nunca o menos de 1 vez al mes,Nunca o menos de 1 vez al mes,Entre 1 y 3 veces al mes,Entre 2 y 3 veces al dia,0,0,0,0,1,1,1
76985172,Entre 1 y 3 veces al mes,1 vez al dia,2 a 4 veces por semana,Nunca o menos de 1 vez al mes,Entre 2 y 3 veces al dia,0,1,0,0,1,1,2
76990602,Entre 1 y 3 veces al mes,Nunca o menos de 1 vez al mes,1 vez al dia,Nunca o menos de 1 vez al mes,1 vez al dia,0,0,1,0,1,1,2
76990603,Entre 1 y 3 veces al mes,2 a 4 veces por semana,1 vez al dia,Nunca o menos de 1 vez al mes,1 vez al dia,0,0,1,0,1,1,2
76991771,1 vez por semana,2 a 4 veces por semana,2 a 4 veces por semana,5 a 6 veces por semana,1 vez por semana,0,0,0,1,0,1,1
76992278,Nunca o menos de 1 vez al mes,Nunca o menos de 1 vez al mes,Entre 1 y 3 veces al mes,2 a 4 veces por semana,1 vez al dia,0,0,0,0,1,1,1
76992280,Nunca o menos de 1 vez al mes,Entre 1 y 3 veces al mes,Nunca o menos de 1 vez al mes,Nunca o menos de 1 vez al mes,5 a 6 veces por semana,0,0,0,0,1,1,1
77028526,1 vez por semana,1 vez al dia,1 vez por semana,2 a 4 veces por semana,Entre 2 y 3 veces al dia,0,1,0,0,1,1,2
77068901,Entre 1 y 3 veces al mes,2 a 4 veces por semana,Entre 1 y 3 veces al mes,Entre 1 y 3 veces al mes,Entre 1 y 3 veces al mes,0,0,0,0,0,0,0
77076711,Nunca o menos de 1 vez al mes,2 a 4 veces por semana,1 vez por semana,Nunca o menos de 1 vez al mes,1 vez al dia,0,0,0,0,1,1,1
77076899,1 vez por semana,1 vez al dia,2 a 4 veces por semana,Entre 1 y 3 veces al mes,1 vez al dia,0,1,0,0,1,1,2
77092830,1 vez por semana,2 a 4 veces por semana,2 a 4 veces por semana,1 vez por semana,2 a 4 veces por semana,0,0,0,0,0,0,0
77094826,1 vez por semana,2 a 4 veces por semana,1 vez por semana,Nunca o menos de 1 vez al mes,5 a 6 veces por semana,0,0,0,0,1,1,1
77097532,Entre 1 y 3 veces al mes,5 a 6 veces por semana,1 vez al dia,Nunca o menos de 1 vez al mes,1 vez al dia,0,1,1,0,1,1,3
77140994,Nunca o menos de 1 vez al mes,Entre 1 y 3 veces al mes,Entre 1 y 3 veces al mes,Nunca o menos de 1 vez al mes,2 a 4 veces por semana,0,0,0,0,0,0,0
77144414,Entre 1 y 3 veces al mes,1 vez al dia,Entre 1 y 3 veces al mes,Nunca o menos de 1 vez al mes,Entre 2 y 3 veces al dia,0,1,0,0,1,1,2
77151947,Entre 1 y 3 veces al mes,1 vez al dia,1 vez al dia,Nunca o menos de 1 vez al mes,Entre 2 y 3 veces al dia,0,1,1,0,1,1,3
77155231,Nunca o menos de 1 vez al mes,2 a 4 veces por semana,Nunca o menos de 1 vez al mes,Entre 1 y 3 veces al mes,2 a 4 veces por semana,0,0,0,0,0,0,0
77171627,Nunca o menos de 1 vez al mes,Nunca o menos de 1 vez al mes,2 a 4 veces por semana,Nunca o menos de 1 vez al mes,1 vez al dia,0,0,0,0,1,1,1
77176129,Entre 1 y 3 veces al mes,2 a 4 veces por semana,2 a 4 veces por semana,Nunca o menos de 1 vez al mes,Nunca o menos de 1 vez al mes,0,0,0,0,0,0,0
77179510,Nunca o menos de 1 vez al mes,1 vez por semana,2 a 4 veces por semana,Nunca o menos de 1 vez al mes,Nunca o menos de 1 vez al mes,0,0,0,0,0,0,0
77183136,Entre 1 y 3 veces al mes,5 a 6 veces por semana,2 a 4 veces por semana,Nunca o menos de 1 vez al mes,Entre 4 y 5 veces al dia,0,1,0,0,1,1,2
77184952,Nunca o menos de 1 vez al mes,1 vez por semana,1 vez al dia,Nunca o menos de 1 vez al mes,Nunca o menos de 1 vez al mes,0,0,1,0,0,1,1
77187821,5 a 6 veces por semana,Nunca o menos de 1 vez al mes,Nunca o menos de 1 vez al mes,Nunca o menos de 1 vez al mes,1 vez al dia,1,0,0,0,1,1,2
77190539,Nunca o menos de 1 vez al mes,1 vez por semana,1 vez por semana,Nunca o menos de 1 vez al mes,1 vez al dia,0,0,0,0,1,1,1
77190540,1 vez por semana,1 vez por semana,2 a 4 veces por semana,2 a 4 veces por semana,1 vez al dia,0,0,0,0,1,1,1
77190542,1 vez al dia,2 a 4 veces por semana,2 a 4 veces por semana,Nunca o menos de 1 vez al mes,5 a 6 veces por semana,1,0,0,0,1,1,2
77201679,Nunca o menos de 1 vez al mes,Entre 1 y 3 veces al mes,2 a 4 veces por semana,Nunca o menos de 1 vez al mes,2 a 4 veces por semana,0,0,0,0,0,0,0
77202447,Entre 1 y 3 veces al mes,5 a 6 veces por semana,5 a 6 veces por semana,2 a 4 veces por semana,Entre 1 y 3 veces al mes,0,1,1,0,0,1,2
77221373,1 vez por semana,1 vez por semana,Nunca o menos de 1 vez al mes,Nunca o menos de 1 vez al mes,2 a 4 veces por semana,0,0,0,0,0,0,0
77223915,1 vez al dia,2 a 4 veces por semana,1 vez por semana,Nunca o menos de 1 vez al mes,1 vez al dia,1,0,0,0,1,1,2
77226668,1 vez por semana,2 a 4 veces por semana,5 a 6 veces por semana,1 vez por semana,Nunca o menos de 1 vez al mes,0,0,1,0,0,1,1
77226669,Entre 1 y 3 veces al mes,Nunca o menos de 1 vez al mes,2 a 4 veces por semana,1 vez por semana,Entre 2 y 3 veces al dia,0,0,0,0,1,1,1
77233187,Nunca o menos de 1 vez al mes,Entre 1 y 3 veces al mes,1 vez al dia,Nunca o menos de 1 vez al mes,2 a 4 veces por semana,0,0,1,0,0,1,1
77250019,2 a 4 veces por semana,1 vez al dia,1 vez por semana,Entre 1 y 3 veces al mes,5 a 6 veces por semana,0,1,0,0,1,1,2
77250021,2 a 4 veces por semana,1 vez al dia,Entre 1 y 3 veces al mes,2 a 4 veces por semana,2 a 4 veces por semana,0,1,0,0,0,1,1
77256258,Entre 1 y 3 veces al mes,1 vez por semana,Entre 1 y 3 veces al mes,Nunca o menos de 1 vez al mes,1 vez por semana,0,0,0,0,0,0,0
77256259,Nunca o menos de 1 vez al mes,Entre 1 y 3 veces al mes,Nunca o menos de 1 vez al mes,Nunca o menos de 1 vez al mes,Entre 1 y 3 veces al mes,0,0,0,0,0,0,0
77258622,1 vez por semana,2 a 4 veces por semana,1 vez por semana,Nunca o menos de 1 vez al mes,1 vez al dia,0,0,0,0,1,1,1
77267107,Nunca o menos de 1 vez al mes,2 a 4 veces por semana,Entre 2 y 3 veces al dia,Nunca o menos de 1 vez al mes,Nunca o menos de 1 vez al mes,0,0,1,0,0,1,1
77267108,Nunca o menos de 1 vez al mes,2 a 4 veces por semana,1 vez al dia,Nunca o menos de 1 vez al mes,Entre 2 y 3 veces al dia,0,0,1,0,1,1,2
77267832,2 a 4 veces por semana,Entre 1 y 3 veces al mes,Entre 1 y 3 veces al mes,Entre 1 y 3 veces al mes,Entre 2 y 3 veces al dia,0,0,0,0,1,1,1
77267921,1 vez por semana,Entre 2 y 3 veces al dia,Nunca o menos de 1 vez al mes,Nunca o menos de 1 vez al mes,1 vez al dia,0,1,0,0,1,1,2
77272735,1 vez por semana,2 a 4 veces por semana,Nunca o menos de 1 vez al mes,Entre 1 y 3 veces al mes,2 a 4 veces por semana,0,0,0,0,0,0,0
77272736,Entre 1 y 3 veces al mes,2 a 4 veces por semana,2 a 4 veces por semana,Entre 1 y 3 veces al mes,1 vez por semana,0,0,0,0,0,0,0
77280124,1 vez por semana,2 a 4 veces por semana,1 vez por semana,2 a 4 veces por semana,1 vez por semana,0,0,0,0,0,0,0
77281786,2 a 4 veces por semana,1 vez al dia,Entre 1 y 3 veces al mes,Nunca o menos de 1 vez al mes,Entre 2 y 3 veces al dia,0,1,0,0,1,1,2
77282252,Nunca o menos de 1 vez al mes,1 vez al dia,1 vez al dia,Nunca o menos de 1 vez al mes,Entre 2 y 3 veces al dia,0,1,1,0,1,1,3
77282303,1 vez por semana,1 vez por semana,Entre 1 y 3 veces al mes,Entre 1 y 3 veces al mes,Entre 1 y 3 veces al mes,0,0,0,0,0,0,0
77283282,Entre 1 y 3 veces al mes,2 a 4 veces por semana,1 vez por semana,Entre 1 y 3 veces al mes,1 vez por semana,0,0,0,0,0,0,0
77285121,Entre 1 y 3 veces al mes,Entre 1 y 3 veces al mes,1 vez por semana,Nunca o menos de 1 vez al mes,2 a 4 veces por semana,0,0,0,0,0,0,0
77285127,2 a 4 veces por semana,1 vez por semana,1 vez por semana,Nunca o menos de 1 vez al mes,1 vez al dia,0,0,0,0,1,1,1
77294844,1 vez por semana,1 vez por semana,Entre 1 y 3 veces al mes,1 vez por semana,1 vez por semana,0,0,0,0,0,0,0
77295442,Entre 2 y 3 veces al dia,1 vez por semana,1 vez por semana,Entre 1 y 3 veces al mes,Entre 2 y 3 veces al dia,1,0,0,0,1,1,2
77296534,Entre 1 y 3 veces al mes,Entre 1 y 3 veces al mes,Nunca o menos de 1 vez al mes,Nunca o menos de 1 vez al mes,Nunca o menos de 1 vez al mes,0,0,0,0,0,0,0
77317012,Entre 1 y 3 veces al mes,2 a 4 veces por semana,5 a 6 veces por semana,Nunca o menos de 1 vez al mes,5 a 6 veces por semana,0,0,1,0,1,1,2
77317210,1 vez por semana,2 a 4 veces por semana,Nunca o menos de 1 vez al mes,Nunca o menos de 1 vez al mes,1 vez por semana,0,0,0,0,0,0,0
77318912,2 a 4 veces por semana,1 vez por semana,1 vez por semana,Nunca o menos de 1 vez al mes,2 a 4 veces por semana,0,0,0,0,0,0,0
77325024,Entre 1 y 3 veces al mes,Entre 2 y 3 veces al dia,Entre 1 y 3 veces al mes,Entre 1 y 3 veces al mes,Entre 4 y 5 veces al dia,0,1,0,0,1,1,2
77349545,Nunca o menos de 1 vez al mes,Nunca o menos de 1 vez al mes,2 a 4 veces por semana,Nunca o menos de 1 vez al mes,Entre 2 y 3 veces al dia,0,0,0,0,1,1,1
77349546,Nunca o menos de 1 vez al mes,1 vez al dia,5 a 6 veces por semana,Nunca o menos de 1 vez al mes,Entre 2 y 3 veces al dia,0,1,1,0,1,1,3
77351632,Nunca o menos de 1 vez al mes,1 vez al dia,1 vez por semana,Nunca o menos de 1 vez al mes,Nunca o menos de 1 vez al mes,0,1,0,0,0,1,1
77369604,Entre 1 y 3 veces al mes,2 a 4 veces por semana,Entre 1 y 3 veces al mes,Nunca o menos de 1 vez al mes,1 vez por semana,0,0,0,0,0,0,0
77378915,2 a 4 veces por semana,5 a 6 veces por semana,2 a 4 veces por semana,Nunca o menos de 1 vez al mes,2 a 4 veces por semana,0,1,0,0,0,1,1
77382119,2 a 4 veces por semana,2 a 4 veces por semana,2 a 4 veces por semana,2 a 4 veces por semana,5 a 6 veces por semana,0,0,0,0,1,1,1
77390495,Entre 1 y 3 veces al mes,Nunca o menos de 1 vez al mes,Entre 1 y 3 veces al mes,Nunca o menos de 1 vez al mes,1 vez al dia,0,0,0,0,1,1,1
77392064,1 vez por semana,1 vez por semana,1 vez por semana,Nunca o menos de 1 vez al mes,1 vez al dia,0,0,0,0,1,1,1
77402804,1 vez por semana,2 a 4 veces por semana,1 vez al dia,Nunca o menos de 1 vez al mes,1 vez al dia,0,0,1,0,1,1,2
77414335,2 a 4 veces por semana,2 a 4 veces por semana,2 a 4 veces por semana,Nunca o menos de 1 vez al mes,Nunca o menos de 1 vez al mes,0,0,0,0,0,0,0
77434404,1 vez por semana,1 vez al dia,2 a 4 veces por semana,Nunca o menos de 1 vez al mes,Entre 2 y 3 veces al dia,0,1,0,0,1,1,2
77442577,Entre 1 y 3 veces al mes,Nunca o menos de 1 vez al mes,2 a 4 veces por semana,Entre 1 y 3 veces al mes,1 vez por semana,0,0,0,0,0,0,0
77442579,2 a 4 veces por semana,Nunca o menos de 1 vez al mes,5 a 6 veces por semana,Nunca o menos de 1 vez al mes,1 vez al dia,0,0,1,0,1,1,2
77452606,Entre 1 y 3 veces al mes,Nunca o menos de 1 vez al mes,Entre 1 y 3 veces al mes,1 vez al dia,Entre 1 y 3 veces al mes,0,0,0,1,0,1,1
77457159,2 a 4 veces por semana,2 a 4 veces por semana,Nunca o menos de 1 vez al mes,Nunca o menos de 1 vez al mes,Entre 2 y 3 veces al dia,0,0,0,0,1,1,1
77457160,Nunca o menos de 1 vez al mes,Nunca o menos de 1 vez al mes,1 vez al dia,2 a 4 veces por semana,1 vez al dia,0,0,1,0,1,1,2
77459255,Nunca o menos de 1 vez al mes,2 a 4 veces por semana,5 a 6 veces por semana,2 a 4 veces por semana,Nunca o menos de 1 vez al mes,0,0,1,0,0,1,1
77464952,Entre 1 y 3 veces al mes,2 a 4 veces por semana,1 vez por semana,5 a 6 veces por semana,1 vez al dia,0,0,0,1,1,1,2
77469497,1 vez por semana,1 vez por semana,2 a 4 veces por semana,Nunca o menos de 1 vez al mes,1 vez por semana,0,0,0,0,0,0,0
77470183,5 a 6 veces por semana,1 vez por semana,5 a 6 veces por semana,1 vez por semana,1 vez por semana,1,0,1,0,0,1,2
77473520,2 a 4 veces por semana,2 a 4 veces por semana,Nunca o menos de 1 vez al mes,Nunca o menos de 1 vez al mes,1 vez al dia,0,0,0,0,1,1,1
77473521,5 a 6 veces por semana,5 a 6 veces por semana,Nunca o menos de 1 vez al mes,Nunca o menos de 1 vez al mes,1 vez al dia,1,1,0,0,1,1,3
77481404,Nunca o menos de 1 vez al mes,1 vez al dia,1 vez por semana,Nunca o menos de 1 vez al mes,1 vez por semana,0,1,0,0,0,1,1
77481405,Nunca o menos de 1 vez al mes,1 vez por semana,2 a 4 veces por semana,Nunca o menos de 1 vez al mes,Entre 2 y 3 veces al dia,0,0,0,0,1,1,1
77483588,2 a 4 veces por semana,Entre 1 y 3 veces al mes,2 a 4 veces por semana,Nunca o menos de 1 vez al mes,1 vez al dia,0,0,0,0,1,1,1
77485083,Entre 1 y 3 veces al mes,5 a 6 veces por semana,2 a 4 veces por semana,Nunca o menos de 1 vez al mes,1 vez al dia,0,1,0,0,1,1,2
77518963,2 a 4 veces por semana,Entre 1 y 3 veces al mes,1 vez al dia,Nunca o menos de 1 vez al mes,1 vez al dia,0,0,1,0,1,1,2
77518965,1 vez por semana,2 a 4 veces por semana,5 a 6 veces por semana,Nunca o menos de 1 vez al mes,Entre 2 y 3 veces al dia,0,0,1,0,1,1,2
77518971,2 a 4 veces por semana,1 vez al dia,1 vez por semana,Nunca o menos de 1 vez al mes,1 vez al dia,0,1,0,0,1,1,2
77519672,1 vez por semana,Entre 1 y 3 veces al mes,1 vez por semana,2 a 4 veces por semana,2 a 4 veces por semana,0,0,0,0,0,0,0
77523922,1 vez por semana,1 vez al dia,1 vez al dia,Nunca o menos de 1 vez al mes,Nunca o menos de 1 vez al mes,0,1,1,0,0,1,2
77523924,Nunca o menos de 1 vez al mes,Nunca o menos de 1 vez al mes,1 vez al dia,2 a 4 veces por semana,Entre 1 y 3 veces al mes,0,0,1,0,0,1,1
77533810,Entre 1 y 3 veces al mes,1 vez por semana,1 vez al dia,2 a 4 veces por semana,Entre 1 y 3 veces al mes,0,0,1,0,0,1,1
77543021,2 a 4 veces por semana,1 vez por semana,Entre 2 y 3 veces al dia,Nunca o menos de 1 vez al mes,Entre 4 y 5 veces al dia,0,0,1,0,1,1,2
77546553,Nunca o menos de 1 vez al mes,Nunca o menos de 1 vez al mes,1 vez por semana,Nunca o menos de 1 vez al mes,1 vez por semana,0,0,0,0,0,0,0
77555918,Entre 1 y 3 veces al mes,Entre 2 y 3 veces al dia,Entre 2 y 3 veces al dia,1 vez por semana,Entre 2 y 3 veces al dia,0,1,1,0,1,1,3
77555919,Nunca o menos de 1 vez al mes,Entre 4 y 5 veces al dia,2 a 4 veces por semana,Entre 1 y 3 veces al mes,5 a 6 veces por semana,0,1,0,0,1,1,2
77565098,Entre 2 y 3 veces al dia,1 vez al dia,1 vez por semana,Nunca o menos de 1 vez al mes,Entre 2 y 3 veces al dia,1,1,0,0,1,1,3
77566335,Nunca o menos de 1 vez al mes,1 vez al dia,2 a 4 veces por semana,Nunca o menos de 1 vez al mes,1 vez al dia,0,1,0,0,1,1,2
77566344,1 vez por semana,2 a 4 veces por semana,2 a 4 veces por semana,Nunca o menos de 1 vez al mes,1 vez al dia,0,0,0,0,1,1,1
77569091,Nunca o menos de 1 vez al mes,1 vez por semana,2 a 4 veces por semana,Nunca o menos de 1 vez al mes,Entre 2 y 3 veces al dia,0,0,0,0,1,1,1
77569092,2 a 4 veces por semana,1 vez al dia,2 a 4 veces por semana,Nunca o menos de 1 vez al mes,Entre 2 y 3 veces al dia,0,1,0,0,1,1,2
77573261,Entre 1 y 3 veces al mes,Nunca o menos de 1 vez al mes,Nunca o menos de 1 vez al mes,2 a 4 veces por semana,Nunca o menos de 1 vez al mes,0,0,0,0,0,0,0
77575225,Nunca o menos de 1 vez al mes,Entre 1 y 3 veces al mes,Nunca o menos de 1 vez al mes,Entre 1 y 3 veces al mes,Nunca o menos de 1 vez al mes,0,0,0,0,0,0,0
77577337,1 vez por semana,1 vez al dia,Nunca o menos de 1 vez al mes,Nunca o menos de 1 vez al mes,1 vez al dia,0,1,0,0,1,1,2
77579834,5 a 6 veces por semana,1 vez al dia,2 a 4 veces por semana,Nunca o menos de 1 vez al mes,Entre 1 y 3 veces al mes,1,1,0,0,0,1,2
77580979,Entre 1 y 3 veces al mes,Entre 1 y 3 veces al mes,Entre 1 y 3 veces al mes,Nunca o menos de 1 vez al mes,1 vez al dia,0,0,0,0,1,1,1
77597285,1 vez por semana,2 a 4 veces por semana,1 vez por semana,Nunca o menos de 1 vez al mes,1 vez por semana,0,0,0,0,0,0,0
77597298,1 vez por semana,1 vez al dia,1 vez al dia,Nunca o menos de 1 vez al mes,1 vez al dia,0,1,1,0,1,1,3
77597299,1 vez por semana,2 a 4 veces por semana,2 a 4 veces por semana,Nunca o menos de 1 vez al mes,Entre 4 y 5 veces al dia,0,0,0,0,1,1,1
77601233,2 a 4 veces por semana,Nunca o menos de 1 vez al mes,Entre 1 y 3 veces al mes,Nunca o menos de 1 vez al mes,2 a 4 veces por semana,0,0,0,0,0,0,0
77609428,1 vez por semana,Nunca o menos de 1 vez al mes,1 vez al dia,Nunca o menos de 1 vez al mes,1 vez al dia,0,0,1,0,1,1,2
77618164,Nunca o menos de 1 vez al mes,Nunca o menos de 1 vez al mes,Entre 1 y 3 veces al mes,Nunca o menos de 1 vez al mes,2 a 4 veces por semana,0,0,0,0,0,0,0
77618176,Entre 1 y 3 veces al mes,Nunca o menos de 1 vez al mes,Entre 1 y 3 veces al mes,Entre 1 y 3 veces al mes,1 vez por semana,0,0,0,0,0,0,0
77618877,5 a 6 veces por semana,5 a 6 veces por semana,2 a 4 veces por semana,Nunca o menos de 1 vez al mes,Entre 1 y 3 veces al mes,1,1,0,0,0,1,2
77618878,Entre 1 y 3 veces al mes,2 a 4 veces por semana,1 vez por semana,Nunca o menos de 1 vez al mes,1 vez por semana,0,0,0,0,0,0,0
77619260,Entre 1 y 3 veces al mes,1 vez por semana,2 a 4 veces por semana,1 vez por semana,1 vez por semana,0,0,0,0,0,0,0
77624924,Nunca o menos de 1 vez al mes,2 a 4 veces por semana,Nunca o menos de 1 vez al mes,Nunca o menos de 1 vez al mes,2 a 4 veces por semana,0,0,0,0,0,0,0
77625277,2 a 4 veces por semana,Nunca o menos de 1 vez al mes,Entre 1 y 3 veces al mes,1 vez por semana,5 a 6 veces por semana,0,0,0,0,1,1,1
77625278,1 vez por semana,2 a 4 veces por semana,2 a 4 veces por semana,1 vez por semana,1 vez al dia,0,0,0,0,1,1,1
77638846,1 vez por semana,Entre 2 y 3 veces al dia,1 vez por semana,Nunca o menos de 1 vez al mes,Entre 2 y 3 veces al dia,0,1,0,0,1,1,2
77639088,1 vez por semana,2 a 4 veces por semana,2 a 4 veces por semana,Nunca o menos de 1 vez al mes,Entre 2 y 3 veces al dia,0,0,0,0,1,1,1
77639924,Entre 1 y 3 veces al mes,2 a 4 veces por semana,Entre 1 y 3 veces al mes,2 a 4 veces por semana,1 vez al dia,0,0,0,0,1,1,1
77641048,Nunca o menos de 1 vez al mes,1 vez al dia,2 a 4 veces por semana,Nunca o menos de 1 vez al mes,1 vez por semana,0,1,0,0,0,1,1
77641322,2 a 4 veces por semana,Entre 2 y 3 veces al dia,2 a 4 veces por semana,1 vez por semana,Entre 2 y 3 veces al dia,0,1,0,0,1,1,2
77641328,Nunca o menos de 1 vez al mes,1 vez al dia,Nunca o menos de 1 vez al mes,Entre 1 y 3 veces al mes,1 vez al dia,0,1,0,0,1,1,2
77645461,2 a 4 veces por semana,Nunca o menos de 1 vez al mes,2 a 4 veces por semana,Nunca o menos de 1 vez al mes,Entre 2 y 3 veces al dia,0,0,0,0,1,1,1
77649467,Nunca o menos de 1 vez al mes,5 a 6 veces por semana,Entre 1 y 3 veces al mes,Entre 1 y 3 veces al mes,1 vez al dia,0,1,0,0,1,1,2
77649469,Nunca o menos de 1 vez al mes,Nunca o menos de 1 vez al mes,2 a 4 veces por semana,Nunca o menos de 1 vez al mes,1 vez al dia,0,0,0,0,1,1,1
77651227,Entre 1 y 3 veces al mes,Entre 1 y 3 veces al mes,2 a 4 veces por semana,Entre 1 y 3 veces al mes,Entre 4 y 5 veces al dia,0,0,0,0,1,1,1
77655415,Nunca o menos de 1 vez al mes,Entre 2 y 3 veces al dia,1 vez por semana,2 a 4 veces por semana,2 a 4 veces por semana,0,1,0,0,0,1,1
77657215,Nunca o menos de 1 vez al mes,2 a 4 veces por semana,2 a 4 veces por semana,Nunca o menos de 1 vez al mes,Entre 2 y 3 veces al dia,0,0,0,0,1,1,1
77657220,1 vez por semana,5 a 6 veces por semana,2 a 4 veces por semana,Nunca o menos de 1 vez al mes,2 a 4 veces por semana,0,1,0,0,0,1,1
77658349,1 vez al dia,1 vez por semana,1 vez al dia,Nunca o menos de 1 vez al mes,2 a 4 veces por semana,1,0,1,0,0,1,2
77659752,2 a 4 veces por semana,2 a 4 veces por semana,Entre 1 y 3 veces al mes,Nunca o menos de 1 vez al mes,1 vez al dia,0,0,0,0,1,1,1
77663727,Nunca o menos de 1 vez al mes,Entre 1 y 3 veces al mes,Entre 1 y 3 veces al mes,Nunca o menos de 1 vez al mes,Entre 1 y 3 veces al mes,0,0,0,0,0,0,0
77673339,Nunca o menos de 1 vez al mes,1 vez al dia,5 a 6 veces por semana,Nunca o menos de 1 vez al mes,1 vez por semana,0,1,1,0,0,1,2
77683863,1 vez por semana,2 a 4 veces por semana,2 a 4 veces por semana,Nunca o menos de 1 vez al mes,2 a 4 veces por semana,0,0,0,0,0,0,0
77685719,1 vez por semana,2 a 4 veces por semana,1 vez por semana,Nunca o menos de 1 vez al mes,1 vez al dia,0,0,0,0,1,1,1
77686854,1 vez por semana,Nunca o menos de 1 vez al mes,2 a 4 veces por semana,Nunca o menos de 1 vez al mes,Entre 2 y 3 veces al dia,0,0,0,0,1,1,1
77686856,1 vez por semana,2 a 4 veces por semana,1 vez por semana,Nunca o menos de 1 vez al mes,Entre 2 y 3 veces al dia,0,0,0,0,1,1,1
77689954,Entre 1 y 3 veces al mes,2 a 4 veces por semana,2 a 4 veces por semana,Nunca o menos de 1 vez al mes,2 a 4 veces por semana,0,0,0,0,0,0,0
77696840,Entre 1 y 3 veces al mes,1 vez por semana,1 vez por semana,Entre 1 y 3 veces al mes,1 vez al dia,0,0,0,0,1,1,1
77696841,Entre 1 y 3 veces al mes,Entre 1 y 3 veces al mes,1 vez por semana,Entre 1 y 3 veces al mes,1 vez al dia,0,0,0,0,1,1,1
77699837,Entre 1 y 3 veces al mes,2 a 4 veces por semana,1 vez por semana,Nunca o menos de 1 vez al mes,2 a 4 veces por semana,0,0,0,0,0,0,0
77708682,Entre 1 y 3 veces al mes,2 a 4 veces por semana,1 vez al dia,Nunca o menos de 1 vez al mes,Entre 2 y 3 veces al dia,0,0,1,0,1,1,2
77709187,Entre 1 y 3 veces al mes,Entre 1 y 3 veces al mes,2 a 4 veces por semana,Nunca o menos de 1 vez al mes,5 a 6 veces por semana,0,0,0,0,1,1,1
77710059,Nunca o menos de 1 vez al mes,1 vez por semana,2 a 4 veces por semana,Entre 1 y 3 veces al mes,1 vez al dia,0,0,0,0,1,1,1
77716970,Entre 1 y 3 veces al mes,Entre 2 y 3 veces al dia,2 a 4 veces por semana,Nunca o menos de 1 vez al mes,Entre 2 y 3 veces al dia,0,1,0,0,1,1,2
77730411,1 vez por semana,2 a 4 veces por semana,1 vez al dia,1 vez al dia,Nunca o menos de 1 vez al mes,0,0,1,1,0,1,2
77736051,Nunca o menos de 1 vez al mes,Entre 1 y 3 veces al mes,Nunca o menos de 1 vez al mes,Nunca o menos de 1 vez al mes,Entre 1 y 3 veces al mes,0,0,0,0,0,0,0
77739855,Nunca o menos de 1 vez al mes,Entre 2 y 3 veces al dia,1 vez al dia,Nunca o menos de 1 vez al mes,Nunca o menos de 1 vez al mes,0,1,1,0,0,1,2
77763801,Nunca o menos de 1 vez al mes,1 vez al dia,1 vez por semana,Nunca o menos de 1 vez al mes,2 a 4 veces por semana,0,1,0,0,0,1,1
77770089,1 vez por semana,Entre 1 y 3 veces al mes,1 vez por semana,Nunca o menos de 1 vez al mes,Nunca o menos de 1 vez al mes,0,0,0,0,0,0,0
77770703,1 vez por semana,Nunca o menos de 1 vez al mes,2 a 4 veces por semana,Nunca o menos de 1 vez al mes,Entre 4 y 5 veces al dia,0,0,0,0,1,1,1
77781435,1 vez al dia,Entre 1 y 3 veces al mes,1 vez al dia,Nunca o menos de 1 vez al mes,Entre 2 y 3 veces al dia,1,0,1,0,1,1,3
77790654,Nunca o menos de 1 vez al mes,1 vez por semana,Nunca o menos de 1 vez al mes,Nunca o menos de 1 vez al mes,2 a 4 veces por semana,0,0,0,0,0,0,0
77793656,Entre 1 y 3 veces al mes,1 vez por semana,2 a 4 veces por semana,1 vez por semana,Nunca o menos de 1 vez al mes,0,0,0,0,0,0,0
77796680,1 vez por semana,2 a 4 veces por semana,2 a 4 veces por semana,Nunca o menos de 1 vez al mes,2 a 4 veces por semana,0,0,0,0,0,0,0
77798232,2 a 4 veces por semana,2 a 4 veces por semana,1 vez por semana,1 vez por semana,Entre 2 y 3 veces al dia,0,0,0,0,1,1,1
77800548,Nunca o menos de 1 vez al mes,1 vez por semana,2 a 4 veces por semana,Nunca o menos de 1 vez al mes,1 vez al dia,0,0,0,0,1,1,1
77804427,Nunca o menos de 1 vez al mes,Nunca o menos de 1 vez al mes,Nunca o menos de 1 vez al mes,Nunca o menos de 1 vez al mes,Nunca o menos de 1 vez al mes,0,0,0,0,0,0,0
77805649,1 vez por semana,1 vez al dia,Nunca o menos de 1 vez al mes,Nunca o menos de 1 vez al mes,2 a 4 veces por semana,0,1,0,0,0,1,1
77806266,Entre 1 y 3 veces al mes,Entre 1 y 3 veces al mes,2 a 4 veces por semana,Nunca o menos de 1 vez al mes,1 vez por semana,0,0,0,0,0,0,0
77806332,Entre 1 y 3 veces al mes,1 vez al dia,Nunca o menos de 1 vez al mes,Nunca o menos de 1 vez al mes,1 vez al dia,0,1,0,0,1,1,2
77806379,Entre 1 y 3 veces al mes,1 vez al dia,2 a 4 veces por semana,Nunca o menos de 1 vez al mes,1 vez por semana,0,1,0,0,0,1,1
77806382,1 vez por semana,5 a 6 veces por semana,1 vez por semana,2 a 4 veces por semana,1 vez por semana,0,1,0,0,0,1,1
77807627,1 vez por semana,1 vez al dia,2 a 4 veces por semana,Nunca o menos de 1 vez al mes,1 vez al dia,0,1,0,0,1,1,2
77808556,2 a 4 veces por semana,2 a 4 veces por semana,1 vez por semana,Nunca o menos de 1 vez al mes,Entre 2 y 3 veces al dia,0,0,0,0,1,1,1
77811986,Entre 1 y 3 veces al mes,1 vez al dia,2 a 4 veces por semana,Nunca o menos de 1 vez al mes,1 vez por semana,0,1,0,0,0,1,1
77822643,Nunca o menos de 1 vez al mes,2 a 4 veces por semana,2 a 4 veces por semana,Nunca o menos de 1 vez al mes,Entre 2 y 3 veces al dia,0,0,0,0,1,1,1
77824985,1 vez por semana,2 a 4 veces por semana,1 vez al dia,Nunca o menos de 1 vez al mes,2 a 4 veces por semana,0,0,1,0,0,1,1
77824989,2 a 4 veces por semana,5 a 6 veces por semana,2 a 4 veces por semana,Nunca o menos de 1 vez al mes,2 a 4 veces por semana,0,1,0,0,0,1,1
77825004,Entre 1 y 3 veces al mes,2 a 4 veces por semana,Entre 2 y 3 veces al dia,Nunca o menos de 1 vez al mes,2 a 4 veces por semana,0,0,1,0,0,1,1
77825009,2 a 4 veces por semana,1 vez por semana,Nunca o menos de 1 vez al mes,Nunca o menos de 1 vez al mes,2 a 4 veces por semana,0,0,0,0,0,0,0
77825013,1 vez por semana,Entre 2 y 3 veces al dia,2 a 4 veces por semana,Nunca o menos de 1 vez al mes,2 a 4 veces por semana,0,1,0,0,0,1,1
77826045,1 vez por semana,2 a 4 veces por semana,2 a 4 veces por semana,Nunca o menos de 1 vez al mes,Entre 2 y 3 veces al dia,0,0,0,0,1,1,1
77827863,2 a 4 veces por semana,1 vez al dia,1 vez por semana,Nunca o menos de 1 vez al mes,1 vez al dia,0,1,0,0,1,1,2
77841100,Entre 1 y 3 veces al mes,2 a 4 veces por semana,Entre 1 y 3 veces al mes,Nunca o menos de 1 vez al mes,1 vez al dia,0,0,0,0,1,1,1
77842597,Nunca o menos de 1 vez al mes,2 a 4 veces por semana,1 vez al dia,Nunca o menos de 1 vez al mes,Entre 2 y 3 veces al dia,0,0,1,0,1,1,2
77845508,Entre 1 y 3 veces al mes,1 vez por semana,2 a 4 veces por semana,Nunca o menos de 1 vez al mes,2 a 4 veces por semana,0,0,0,0,0,0,0
77845810,2 a 4 veces por semana,1 vez al dia,2 a 4 veces por semana,Nunca o menos de 1 vez al mes,Entre 4 y 5 veces al dia,0,1,0,0,1,1,2
77853583,Entre 1 y 3 veces al mes,1 vez al dia,1 vez al dia,2 a 4 veces por semana,1 vez al dia,0,1,1,0,1,1,3
77853586,Nunca o menos de 1 vez al mes,Entre 1 y 3 veces al mes,1 vez al dia,Entre 1 y 3 veces al mes,Entre 2 y 3 veces al dia,0,0,1,0,1,1,2
77855264,2 a 4 veces por semana,1 vez al dia,Nunca o menos de 1 vez al mes,2 a 4 veces por semana,1 vez al dia,0,1,0,0,1,1,2
77864584,1 vez por semana,1 vez al dia,Entre 1 y 3 veces al mes,Nunca o menos de 1 vez al mes,1 vez al dia,0,1,0,0,1,1,2
77871144,Entre 1 y 3 veces al mes,1 vez por semana,Nunca o menos de 1 vez al mes,Nunca o menos de 1 vez al mes,Nunca o menos de 1 vez al mes,0,0,0,0,0,0,0
77874365,1 vez por semana,1 vez por semana,Entre 2 y 3 veces al dia,Nunca o menos de 1 vez al mes,Entre 4 y 5 veces al dia,0,0,1,0,1,1,2
77874368,Entre 1 y 3 veces al mes,2 a 4 veces por semana,Entre 1 y 3 veces al mes,Nunca o menos de 1 vez al mes,Nunca o menos de 1 vez al mes,0,0,0,0,0,0,0
77874372,Nunca o menos de 1 vez al mes,2 a 4 veces por semana,5 a 6 veces por semana,Entre 1 y 3 veces al mes,Entre 2 y 3 veces al dia,0,0,1,0,1,1,2
77876773,Nunca o menos de 1 vez al mes,Nunca o menos de 1 vez al mes,1 vez por semana,Nunca o menos de 1 vez al mes,2 a 4 veces por semana,0,0,0,0,0,0,0
77880320,1 vez por semana,5 a 6 veces por semana,1 vez por semana,2 a 4 veces por semana,2 a 4 veces por semana,0,1,0,0,0,1,1
77885983,Nunca o menos de 1 vez al mes,Nunca o menos de 1 vez al mes,1 vez por semana,Nunca o menos de 1 vez al mes,2 a 4 veces por semana,0,0,0,0,0,0,0
77890803,2 a 4 veces por semana,2 a 4 veces por semana,2 a 4 veces por semana,Nunca o menos de 1 vez al mes,1 vez al dia,0,0,0,0,1,1,1
77891043,Entre 1 y 3 veces al mes,Entre 1 y 3 veces al mes,1 vez por semana,Nunca o menos de 1 vez al mes,2 a 4 veces por semana,0,0,0,0,0,0,0
77896398,Entre 1 y 3 veces al mes,1 vez al dia,1 vez al dia,Nunca o menos de 1 vez al mes,Entre 2 y 3 veces al dia,0,1,1,0,1,1,3
77896399,Entre 1 y 3 veces al mes,1 vez al dia,1 vez por semana,1 vez por semana,Nunca o menos de 1 vez al mes,0,1,0,0,0,1,1
77898532,Nunca o menos de 1 vez al mes,Nunca o menos de 1 vez al mes,5 a 6 veces por semana,Nunca o menos de 1 vez al mes,Entre 2 y 3 veces al dia,0,0,1,0,1,1,2
77901217,Nunca o menos de 1 vez al mes,2 a 4 veces por semana,Nunca o menos de 1 vez al mes,Nunca o menos de 1 vez al mes,1 vez por semana,0,0,0,0,0,0,0
77907657,Nunca o menos de 1 vez al mes,Entre 1 y 3 veces al mes,1 vez por semana,Entre 1 y 3 veces al mes,2 a 4 veces por semana,0,0,0,0,0,0,0
77908432,1 vez por semana,2 a 4 veces por semana,Entre 1 y 3 veces al mes,Nunca o menos de 1 vez al mes,2 a 4 veces por semana,0,0,0,0,0,0,0
77908433,2 a 4 veces por semana,2 a 4 veces por semana,Nunca o menos de 1 vez al mes,Nunca o menos de 1 vez al mes,2 a 4 veces por semana,0,0,0,0,0,0,0
77910419,Nunca o menos de 1 vez al mes,1 vez por semana,Nunca o menos de 1 vez al mes,Nunca o menos de 1 vez al mes,1 vez por semana,0,0,0,0,0,0,0
77910420,1 vez por semana,1 vez al dia,1 vez por semana,Nunca o menos de 1 vez al mes,1 vez por semana,0,1,0,0,0,1,1
77926331,Entre 1 y 3 veces al mes,1 vez al dia,1 vez por semana,Nunca o menos de 1 vez al mes,2 a 4 veces por semana,0,1,0,0,0,1,1
77926332,1 vez por semana,2 a 4 veces por semana,1 vez por semana,Nunca o menos de 1 vez al mes,1 vez por semana,0,0,0,0,0,0,0
77937552,Entre 1 y 3 veces al mes,Entre 2 y 3 veces al dia,2 a 4 veces por semana,Nunca o menos de 1 vez al mes,2 a 4 veces por semana,0,1,0,0,0,1,1
77939030,1 vez por semana,Nunca o menos de 1 vez al mes,1 vez por semana,2 a 4 veces por semana,1 vez por semana,0,0,0,0,0,0,0
77948587,1 vez por semana,2 a 4 veces por semana,2 a 4 veces por semana,Nunca o menos de 1 vez al mes,2 a 4 veces por semana,0,0,0,0,0,0,0
77950298,5 a 6 veces por semana,1 vez al dia,2 a 4 veces por semana,Nunca o menos de 1 vez al mes,Entre 4 y 5 veces al dia,1,1,0,0,1,1,3
77952140,2 a 4 veces por semana,2 a 4 veces por semana,2 a 4 veces por semana,5 a 6 veces por semana,5 a 6 veces por semana,0,0,0,1,1,1,2
77953101,Nunca o menos de 1 vez al mes,Nunca o menos de 1 vez al mes,Nunca o menos de 1 vez al mes,Nunca o menos de 1 vez al mes,1 vez al dia,0,0,0,0,1,1,1
77964570,Nunca o menos de 1 vez al mes,Nunca o menos de 1 vez al mes,Entre 1 y 3 veces al mes,Nunca o menos de 1 vez al mes,1 vez por semana,0,0,0,0,0,0,0
77967881,Entre 1 y 3 veces al mes,2 a 4 veces por semana,1 vez por semana,Nunca o menos de 1 vez al mes,Entre 2 y 3 veces al dia,0,0,0,0,1,1,1
77968008,5 a 6 veces por semana,5 a 6 veces por semana,2 a 4 veces por semana,Nunca o menos de 1 vez al mes,1 vez al dia,1,1,0,0,1,1,3
77968032,Nunca o menos de 1 vez al mes,1 vez al dia,1 vez por semana,Nunca o menos de 1 vez al mes,2 a 4 veces por semana,0,1,0,0,0,1,1
77969973,Nunca o menos de 1 vez al mes,Entre 1 y 3 veces al mes,Entre 1 y 3 veces al mes,Nunca o menos de 1 vez al mes,Entre 1 y 3 veces al mes,0,0,0,0,0,0,0
77970414,Nunca o menos de 1 vez al mes,1 vez al dia,1 vez al dia,Nunca o menos de 1 vez al mes,1 vez por semana,0,1,1,0,0,1,2
77971835,1 vez por semana,5 a 6 veces por semana,2 a 4 veces por semana,Nunca o menos de 1 vez al mes,Nunca o menos de 1 vez al mes,0,1,0,0,0,1,1
77975718,Nunca o menos de 1 vez al mes,2 a 4 veces por semana,2 a 4 veces por semana,Nunca o menos de 1 vez al mes,1 vez por semana,0,0,0,0,0,0,0
77978283,1 vez por semana,2 a 4 veces por semana,2 a 4 veces por semana,Nunca o menos de 1 vez al mes,2 a 4 veces por semana,0,0,0,0,0,0,0
77979347,1 vez por semana,1 vez por semana,1 vez por semana,Nunca o menos de 1 vez al mes,Entre 1 y 3 veces al mes,0,0,0,0,0,0,0
77979348,1 vez por semana,2 a 4 veces por semana,2 a 4 veces por semana,Nunca o menos de 1 vez al mes,1 vez por semana,0,0,0,0,0,0,0
77987217,Nunca o menos de 1 vez al mes,1 vez al dia,Nunca o menos de 1 vez al mes,Nunca o menos de 1 vez al mes,Entre 4 y 5 veces al dia,0,1,0,0,1,1,2
77988329,2 a 4 veces por semana,2 a 4 veces por semana,2 a 4 veces por semana,Entre 1 y 3 veces al mes,1 vez por semana,0,0,0,0,0,0,0
77990461,2 a 4 veces por semana,1 vez al dia,Entre 1 y 3 veces al mes,Nunca o menos de 1 vez al mes,1 vez al dia,0,1,0,0,1,1,2
78023054,Nunca o menos de 1 vez al mes,Nunca o menos de 1 vez al mes,1 vez por semana,Entre 1 y 3 veces al mes,1 vez al dia,0,0,0,0,1,1,1
78029261,Entre 1 y 3 veces al mes,1 vez al dia,1 vez al dia,Nunca o menos de 1 vez al mes,1 vez al dia,0,1,1,0,1,1,3
78031907,1 vez por semana,1 vez al dia,Nunca o menos de 1 vez al mes,2 a 4 veces por semana,Nunca o menos de 1 vez al mes,0,1,0,0,0,1,1
78033336,2 a 4 veces por semana,2 a 4 veces por semana,2 a 4 veces por semana,2 a 4 veces por semana,Entre 2 y 3 veces al dia,0,0,0,0,1,1,1
78033889,1 vez por semana,2 a 4 veces por semana,Entre 1 y 3 veces al mes,2 a 4 veces por semana,2 a 4 veces por semana,0,0,0,0,0,0,0
78034427,Entre 1 y 3 veces al mes,1 vez por semana,2 a 4 veces por semana,Nunca o menos de 1 vez al mes,1 vez por semana,0,0,0,0,0,0,0
78036387,Nunca o menos de 1 vez al mes,1 vez por semana,2 a 4 veces por semana,Nunca o menos de 1 vez al mes,1 vez por semana,0,0,0,0,0,0,0
78038831,1 vez por semana,1 vez por semana,1 vez al dia,Nunca o menos de 1 vez al mes,1 vez por semana,0,0,1,0,0,1,1
78040358,Entre 1 y 3 veces al mes,Nunca o menos de 1 vez al mes,1 vez por semana,Nunca o menos de 1 vez al mes,Entre 1 y 3 veces al mes,0,0,0,0,0,0,0
78042103,1 vez por semana,Entre 1 y 3 veces al mes,1 vez por semana,1 vez por semana,5 a 6 veces por semana,0,0,0,0,1,1,1
78043672,1 vez por semana,2 a 4 veces por semana,1 vez por semana,Nunca o menos de 1 vez al mes,1 vez al dia,0,0,0,0,1,1,1
78045518,Entre 1 y 3 veces al mes,2 a 4 veces por semana,Entre 2 y 3 veces al dia,Nunca o menos de 1 vez al mes,2 a 4 veces por semana,0,0,1,0,0,1,1
78047282,Entre 1 y 3 veces al mes,Entre 1 y 3 veces al mes,1 vez por semana,Nunca o menos de 1 vez al mes,1 vez por semana,0,0,0,0,0,0,0
78047285,Nunca o menos de 1 vez al mes,Nunca o menos de 1 vez al mes,2 a 4 veces por semana,Nunca o menos de 1 vez al mes,1 vez por semana,0,0,0,0,0,0,0
78047439,2 a 4 veces por semana,5 a 6 veces por semana,Entre 2 y 3 veces al dia,Nunca o menos de 1 vez al mes,2 a 4 veces por semana,0,1,1,0,0,1,2
78048885,1 vez por semana,2 a 4 veces por semana,2 a 4 veces por semana,Nunca o menos de 1 vez al mes,Entre 2 y 3 veces al dia,0,0,0,0,1,1,1
78049433,1 vez por semana,1 vez por semana,2 a 4 veces por semana,Nunca o menos de 1 vez al mes,2 a 4 veces por semana,0,0,0,0,0,0,0
78052844,1 vez por semana,1 vez por semana,2 a 4 veces por semana,1 vez por semana,1 vez por semana,0,0,0,0,0,0,0
78053767,1 vez por semana,1 vez por semana,2 a 4 veces por semana,Nunca o menos de 1 vez al mes,2 a 4 veces por semana,0,0,0,0,0,0,0
78054527,Nunca o menos de 1 vez al mes,Nunca o menos de 1 vez al mes,1 vez al dia,Nunca o menos de 1 vez al mes,Nunca o menos de 1 vez al mes,0,0,1,0,0,1,1
78060712,Nunca o menos de 1 vez al mes,1 vez al dia,1 vez al dia,Nunca o menos de 1 vez al mes,2 a 4 veces por semana,0,1,1,0,0,1,2
78063881,1 vez por semana,Entre 1 y 3 veces al mes,Entre 1 y 3 veces al mes,Nunca o menos de 1 vez al mes,1 vez al dia,0,0,0,0,1,1,1
78066143,Nunca o menos de 1 vez al mes,2 a 4 veces por semana,2 a 4 veces por semana,1 vez por semana,Nunca o menos de 1 vez al mes,0,0,0,0,0,0,0
78066176,Nunca o menos de 1 vez al mes,Nunca o menos de 1 vez al mes,1 vez por semana,Nunca o menos de 1 vez al mes,1 vez por semana,0,0,0,0,0,0,0
78067041,Nunca o menos de 1 vez al mes,1 vez al dia,Entre 1 y 3 veces al mes,Nunca o menos de 1 vez al mes,5 a 6 veces por semana,0,1,0,0,1,1,2
78067736,Entre 1 y 3 veces al mes,Entre 1 y 3 veces al mes,2 a 4 veces por semana,2 a 4 veces por semana,1 vez por semana,0,0,0,0,0,0,0
78068063,1 vez por semana,2 a 4 veces por semana,2 a 4 veces por semana,Nunca o menos de 1 vez al mes,1 vez por semana,0,0,0,0,0,0,0
78068072,2 a 4 veces por semana,2 a 4 veces por semana,1 vez por semana,Nunca o menos de 1 vez al mes,1 vez por semana,0,0,0,0,0,0,0
78070174,Entre 1 y 3 veces al mes,Nunca o menos de 1 vez al mes,1 vez por semana,Nunca o menos de 1 vez al mes,1 vez por semana,0,0,0,0,0,0,0
78070182,1 vez por semana,2 a 4 veces por semana,1 vez al dia,Nunca o menos de 1 vez al mes,2 a 4 veces por semana,0,0,1,0,0,1,1
78070183,1 vez por semana,2 a 4 veces por semana,2 a 4 veces por semana,Nunca o menos de 1 vez al mes,2 a 4 veces por semana,0,0,0,0,0,0,0
78071340,Entre 1 y 3 veces al mes,Nunca o menos de 1 vez al mes,1 vez por semana,Nunca o menos de 1 vez al mes,1 vez por semana,0,0,0,0,0,0,0
78080383,1 vez por semana,1 vez por semana,Entre 1 y 3 veces al mes,Nunca o menos de 1 vez al mes,Nunca o menos de 1 vez al mes,0,0,0,0,0,0,0
78088483,Nunca o menos de 1 vez al mes,2 a 4 veces por semana,2 a 4 veces por semana,Nunca o menos de 1 vez al mes,Nunca o menos de 1 vez al mes,0,0,0,0,0,0,0
78089476,1 vez por semana,2 a 4 veces por semana,1 vez por semana,Nunca o menos de 1 vez al mes,1 vez al dia,0,0,0,0,1,1,1
78092361,Nunca o menos de 1 vez al mes,1 vez por semana,1 vez por semana,Nunca o menos de 1 vez al mes,1 vez al dia,0,0,0,0,1,1,1
78095041,Nunca o menos de 1 vez al mes,2 a 4 veces por semana,Entre 1 y 3 veces al mes,Nunca o menos de 1 vez al mes,Entre 2 y 3 veces al dia,0,0,0,0,1,1,1
78097303,Nunca o menos de 1 vez al mes,1 vez por semana,2 a 4 veces por semana,Nunca o menos de 1 vez al mes,Entre 2 y 3 veces al dia,0,0,0,0,1,1,1
78101615,2 a 4 veces por semana,5 a 6 veces por semana,1 vez por semana,2 a 4 veces por semana,1 vez por semana,0,1,0,0,0,1,1
78101900,5 a 6 veces por semana,2 a 4 veces por semana,2 a 4 veces por semana,1 vez por semana,2 a 4 veces por semana,1,0,0,0,0,1,1
78103945,1 vez por semana,1 vez por semana,2 a 4 veces por semana,Nunca o menos de 1 vez al mes,1 vez por semana,0,0,0,0,0,0,0
78103946,1 vez por semana,Entre 1 y 3 veces al mes,1 vez por semana,Nunca o menos de 1 vez al mes,2 a 4 veces por semana,0,0,0,0,0,0,0
78117191,Entre 1 y 3 veces al mes,Entre 1 y 3 veces al mes,1 vez por semana,Nunca o menos de 1 vez al mes,Entre 1 y 3 veces al mes,0,0,0,0,0,0,0
78124346,2 a 4 veces por semana,1 vez al dia,1 vez al dia,Nunca o menos de 1 vez al mes,Entre 2 y 3 veces al dia,0,1,1,0,1,1,3
78124348,2 a 4 veces por semana,2 a 4 veces por semana,1 vez al dia,1 vez por semana,1 vez al dia,0,0,1,0,1,1,2
78124349,2 a 4 veces por semana,1 vez al dia,1 vez al dia,Nunca o menos de 1 vez al mes,1 vez al dia,0,1,1,0,1,1,3
78126140,1 vez por semana,1 vez por semana,2 a 4 veces por semana,Nunca o menos de 1 vez al mes,1 vez al dia,0,0,0,0,1,1,1
78126645,Entre 1 y 3 veces al mes,2 a 4 veces por semana,5 a 6 veces por semana,5 a 6 veces por semana,5 a 6 veces por semana,0,0,1,1,1,1,3
78126646,1 vez por semana,1 vez al dia,5 a 6 veces por semana,5 a 6 veces por semana,2 a 4 veces por semana,0,1,1,1,0,1,3
78127242,Entre 2 y 3 veces al dia,Entre 4 y 5 veces al dia,1 vez al dia,Nunca o menos de 1 vez al mes,Entre 4 y 5 veces al dia,1,1,1,0,1,1,4
78134244,1 vez por semana,1 vez al dia,1 vez por semana,1 vez por semana,Entre 1 y 3 veces al mes,0,1,0,0,0,1,1
78135124,Nunca o menos de 1 vez al mes,1 vez al dia,1 vez al dia,Entre 1 y 3 veces al mes,1 vez al dia,0,1,1,0,1,1,3
78150999,Nunca o menos de 1 vez al mes,2 a 4 veces por semana,2 a 4 veces por semana,Nunca o menos de 1 vez al mes,5 a 6 veces por semana,0,0,0,0,1,1,1
78164250,2 a 4 veces por semana,Nunca o menos de 1 vez al mes,2 a 4 veces por semana,Nunca o menos de 1 vez al mes,2 a 4 veces por semana,0,0,0,0,0,0,0
78164384,2 a 4 veces por semana,5 a 6 veces por semana,2 a 4 veces por semana,Nunca o menos de 1 vez al mes,2 a 4 veces por semana,0,1,0,0,0,1,1
78164690,1 vez por semana,2 a 4 veces por semana,1 vez al dia,1 vez por semana,1 vez al dia,0,0,1,0,1,1,2
78164932,Nunca o menos de 1 vez al mes,Nunca o menos de 1 vez al mes,Nunca o menos de 1 vez al mes,Nunca o menos de 1 vez al mes,1 vez por semana,0,0,0,0,0,0,0
78168562,Nunca o menos de 1 vez al mes,1 vez al dia,Entre 1 y 3 veces al mes,Nunca o menos de 1 vez al mes,1 vez al dia,0,1,0,0,1,1,2
78171176,Nunca o menos de 1 vez al mes,2 a 4 veces por semana,Entre 4 y 5 veces al dia,2 a 4 veces por semana,1 vez por semana,0,0,1,0,0,1,1
78186400,1 vez al dia,Nunca o menos de 1 vez al mes,Nunca o menos de 1 vez al mes,Nunca o menos de 1 vez al mes,1 vez al dia,1,0,0,0,1,1,2
78186661,1 vez por semana,Nunca o menos de 1 vez al mes,Nunca o menos de 1 vez al mes,2 a 4 veces por semana,1 vez al dia,0,0,0,0,1,1,1
78187499,Entre 1 y 3 veces al mes,2 a 4 veces por semana,5 a 6 veces por semana,Nunca o menos de 1 vez al mes,Nunca o menos de 1 vez al mes,0,0,1,0,0,1,1
78192715,1 vez por semana,5 a 6 veces por semana,1 vez por semana,Nunca o menos de 1 vez al mes,1 vez por semana,0,1,0,0,0,1,1
78193639,1 vez por semana,Entre 2 y 3 veces al dia,Entre 2 y 3 veces al dia,Nunca o menos de 1 vez al mes,Entre 2 y 3 veces al dia,0,1,1,0,1,1,3
78194666,1 vez por semana,1 vez por semana,1 vez por semana,Nunca o menos de 1 vez al mes,1 vez al dia,0,0,0,0,1,1,1
78208066,1 vez por semana,1 vez al dia,1 vez al dia,Entre 1 y 3 veces al mes,Entre 4 y 5 veces al dia,0,1,1,0,1,1,3
78209811,Nunca o menos de 1 vez al mes,Nunca o menos de 1 vez al mes,1 vez por semana,Nunca o menos de 1 vez al mes,1 vez al dia,0,0,0,0,1,1,1
78211461,1 vez por semana,5 a 6 veces por semana,Nunca o menos de 1 vez al mes,Entre 2 y 3 veces al dia,2 a 4 veces por semana,0,1,0,1,0,1,2
78212955,2 a 4 veces por semana,Entre 1 y 3 veces al mes,1 vez por semana,2 a 4 veces por semana,1 vez al dia,0,0,0,0,1,1,1
78229005,2 a 4 veces por semana,1 vez al dia,Entre 1 y 3 veces al mes,Nunca o menos de 1 vez al mes,1 vez al dia,0,1,0,0,1,1,2
78235527,Entre 1 y 3 veces al mes,1 vez al dia,2 a 4 veces por semana,Nunca o menos de 1 vez al mes,5 a 6 veces por semana,0,1,0,0,1,1,2
78244676,Nunca o menos de 1 vez al mes,Nunca o menos de 1 vez al mes,Nunca o menos de 1 vez al mes,Nunca o menos de 1 vez al mes,Nunca o menos de 1 vez al mes,0,0,0,0,0,0,0
78246323,Nunca o menos de 1 vez al mes,Nunca o menos de 1 vez al mes,1 vez por semana,Nunca o menos de 1 vez al mes,1 vez al dia,0,0,0,0,1,1,1
78246324,Nunca o menos de 1 vez al mes,2 a 4 veces por semana,Entre 1 y 3 veces al mes,Nunca o menos de 1 vez al mes,Entre 2 y 3 veces al dia,0,0,0,0,1,1,1
78247456,1 vez por semana,Entre 1 y 3 veces al mes,2 a 4 veces por semana,Nunca o menos de 1 vez al mes,5 a 6 veces por semana,0,0,0,0,1,1,1
78250414,1 vez por semana,Entre 1 y 3 veces al mes,1 vez al dia,2 a 4 veces por semana,1 vez por semana,0,0,1,0,0,1,1
78257748,Entre 1 y 3 veces al mes,2 a 4 veces por semana,2 a 4 veces por semana,Nunca o menos de 1 vez al mes,2 a 4 veces por semana,0,0,0,0,0,0,0
78260433,1 vez por semana,2 a 4 veces por semana,2 a 4 veces por semana,Nunca o menos de 1 vez al mes,2 a 4 veces por semana,0,0,0,0,0,0,0
78271391,1 vez por semana,Nunca o menos de 1 vez al mes,1 vez por semana,2 a 4 veces por semana,1 vez por semana,0,0,0,0,0,0,0
78274188,2 a 4 veces por semana,6 veces o m?ís por d?¡a,2 a 4 veces por semana,Nunca o menos de 1 vez al mes,Entre 2 y 3 veces al dia,0,0,0,0,1,1,1
78274542,Nunca o menos de 1 vez al mes,2 a 4 veces por semana,1 vez por semana,Nunca o menos de 1 vez al mes,5 a 6 veces por semana,0,0,0,0,1,1,1
78280140,Entre 1 y 3 veces al mes,Entre 1 y 3 veces al mes,2 a 4 veces por semana,Nunca o menos de 1 vez al mes,1 vez al dia,0,0,0,0,1,1,1
78280931,Nunca o menos de 1 vez al mes,2 a 4 veces por semana,1 vez por semana,Nunca o menos de 1 vez al mes,1 vez por semana,0,0,0,0,0,0,0
78280932,1 vez por semana,2 a 4 veces por semana,2 a 4 veces por semana,Nunca o menos de 1 vez al mes,1 vez por semana,0,0,0,0,0,0,0
78280933,Nunca o menos de 1 vez al mes,Nunca o menos de 1 vez al mes,1 vez al dia,Nunca o menos de 1 vez al mes,Nunca o menos de 1 vez al mes,0,0,1,0,0,1,1
78284257,Entre 1 y 3 veces al mes,1 vez por semana,2 a 4 veces por semana,Nunca o menos de 1 vez al mes,1 vez al dia,0,0,0,0,1,1,1
78324364,Entre 1 y 3 veces al mes,2 a 4 veces por semana,1 vez al dia,Nunca o menos de 1 vez al mes,1 vez por semana,0,0,1,0,0,1,1
78330699,2 a 4 veces por semana,5 a 6 veces por semana,2 a 4 veces por semana,Nunca o menos de 1 vez al mes,5 a 6 veces por semana,0,1,0,0,1,1,2
78336479,1 vez por semana,1 vez por semana,Entre 1 y 3 veces al mes,Nunca o menos de 1 vez al mes,Nunca o menos de 1 vez al mes,0,0,0,0,0,0,0
78338038,Entre 1 y 3 veces al mes,1 vez al dia,1 vez por semana,Nunca o menos de 1 vez al mes,2 a 4 veces por semana,0,1,0,0,0,1,1
78338864,Nunca o menos de 1 vez al mes,2 a 4 veces por semana,1 vez al dia,Nunca o menos de 1 vez al mes,Nunca o menos de 1 vez al mes,0,0,1,0,0,1,1
78338865,Nunca o menos de 1 vez al mes,2 a 4 veces por semana,1 vez al dia,Nunca o menos de 1 vez al mes,Nunca o menos de 1 vez al mes,0,0,1,0,0,1,1
78350679,Nunca o menos de 1 vez al mes,Nunca o menos de 1 vez al mes,5 a 6 veces por semana,Nunca o menos de 1 vez al mes,Nunca o menos de 1 vez al mes,0,0,1,0,0,1,1
78350680,1 vez por semana,2 a 4 veces por semana,1 vez al dia,Nunca o menos de 1 vez al mes,2 a 4 veces por semana,0,0,1,0,0,1,1
78355969,Entre 1 y 3 veces al mes,Entre 1 y 3 veces al mes,5 a 6 veces por semana,Nunca o menos de 1 vez al mes,5 a 6 veces por semana,0,0,1,0,1,1,2
78357074,Entre 1 y 3 veces al mes,1 vez por semana,Nunca o menos de 1 vez al mes,Nunca o menos de 1 vez al mes,1 vez por semana,0,0,0,0,0,0,0
78357580,Nunca o menos de 1 vez al mes,1 vez al dia,Entre 1 y 3 veces al mes,2 a 4 veces por semana,1 vez por semana,0,1,0,0,0,1,1
78357581,1 vez al dia,1 vez al dia,1 vez al dia,Nunca o menos de 1 vez al mes,1 vez al dia,1,1,1,0,1,1,4
78357981,Entre 1 y 3 veces al mes,Entre 1 y 3 veces al mes,2 a 4 veces por semana,Nunca o menos de 1 vez al mes,Nunca o menos de 1 vez al mes,0,0,0,0,0,0,0
78360783,Nunca o menos de 1 vez al mes,2 a 4 veces por semana,2 a 4 veces por semana,Nunca o menos de 1 vez al mes,2 a 4 veces por semana,0,0,0,0,0,0,0
78364542,Nunca o menos de 1 vez al mes,Nunca o menos de 1 vez al mes,2 a 4 veces por semana,Nunca o menos de 1 vez al mes,Nunca o menos de 1 vez al mes,0,0,0,0,0,0,0
78366156,1 vez por semana,Nunca o menos de 1 vez al mes,2 a 4 veces por semana,Nunca o menos de 1 vez al mes,2 a 4 veces por semana,0,0,0,0,0,0,0
78371059,Entre 1 y 3 veces al mes,Nunca o menos de 1 vez al mes,1 vez al dia,Nunca o menos de 1 vez al mes,Entre 1 y 3 veces al mes,0,0,1,0,0,1,1
78371274,2 a 4 veces por semana,5 a 6 veces por semana,1 vez por semana,Nunca o menos de 1 vez al mes,2 a 4 veces por semana,0,1,0,0,0,1,1
78375321,2 a 4 veces por semana,1 vez por semana,5 a 6 veces por semana,2 a 4 veces por semana,1 vez al dia,0,0,1,0,1,1,2
78381008,Entre 1 y 3 veces al mes,2 a 4 veces por semana,1 vez por semana,2 a 4 veces por semana,Nunca o menos de 1 vez al mes,0,0,0,0,0,0,0
78381424,Nunca o menos de 1 vez al mes,Entre 1 y 3 veces al mes,2 a 4 veces por semana,Nunca o menos de 1 vez al mes,2 a 4 veces por semana,0,0,0,0,0,0,0
78381429,1 vez por semana,1 vez al dia,2 a 4 veces por semana,Nunca o menos de 1 vez al mes,2 a 4 veces por semana,0,1,0,0,0,1,1
78383431,Nunca o menos de 1 vez al mes,1 vez por semana,Nunca o menos de 1 vez al mes,Nunca o menos de 1 vez al mes,Entre 1 y 3 veces al mes,0,0,0,0,0,0,0
78384845,Nunca o menos de 1 vez al mes,Entre 1 y 3 veces al mes,Entre 2 y 3 veces al dia,1 vez por semana,1 vez por semana,0,0,1,0,0,1,1
78399186,Entre 1 y 3 veces al mes,5 a 6 veces por semana,2 a 4 veces por semana,Nunca o menos de 1 vez al mes,Entre 2 y 3 veces al dia,0,1,0,0,1,1,2
78402733,2 a 4 veces por semana,1 vez al dia,Nunca o menos de 1 vez al mes,Entre 1 y 3 veces al mes,1 vez por semana,0,1,0,0,0,1,1
78405589,1 vez por semana,1 vez al dia,2 a 4 veces por semana,Nunca o menos de 1 vez al mes,1 vez por semana,0,1,0,0,0,1,1
78405590,1 vez por semana,1 vez al dia,1 vez por semana,Nunca o menos de 1 vez al mes,Nunca o menos de 1 vez al mes,0,1,0,0,0,1,1
78405591,1 vez por semana,5 a 6 veces por semana,Nunca o menos de 1 vez al mes,Nunca o menos de 1 vez al mes,1 vez por semana,0,1,0,0,0,1,1
78414640,Entre 1 y 3 veces al mes,1 vez por semana,5 a 6 veces por semana,Nunca o menos de 1 vez al mes,2 a 4 veces por semana,0,0,1,0,0,1,1
78421119,2 a 4 veces por semana,1 vez al dia,Entre 2 y 3 veces al dia,1 vez por semana,Entre 2 y 3 veces al dia,0,1,1,0,1,1,3
78421121,2 a 4 veces por semana,2 a 4 veces por semana,1 vez por semana,Nunca o menos de 1 vez al mes,2 a 4 veces por semana,0,0,0,0,0,0,0
78421497,Nunca o menos de 1 vez al mes,1 vez por semana,2 a 4 veces por semana,Nunca o menos de 1 vez al mes,1 vez al dia,0,0,0,0,1,1,1
78426746,1 vez por semana,1 vez al dia,Nunca o menos de 1 vez al mes,Nunca o menos de 1 vez al mes,Nunca o menos de 1 vez al mes,0,1,0,0,0,1,1
78427045,1 vez por semana,2 a 4 veces por semana,1 vez por semana,Nunca o menos de 1 vez al mes,2 a 4 veces por semana,0,0,0,0,0,0,0
78431433,Nunca o menos de 1 vez al mes,Nunca o menos de 1 vez al mes,1 vez al dia,Nunca o menos de 1 vez al mes,2 a 4 veces por semana,0,0,1,0,0,1,1
78441100,1 vez por semana,Nunca o menos de 1 vez al mes,Entre 1 y 3 veces al mes,2 a 4 veces por semana,Entre 1 y 3 veces al mes,0,0,0,0,0,0,0
78444458,Nunca o menos de 1 vez al mes,Nunca o menos de 1 vez al mes,1 vez por semana,1 vez por semana,Nunca o menos de 1 vez al mes,0,0,0,0,0,0,0
78447353,1 vez por semana,Entre 1 y 3 veces al mes,Entre 1 y 3 veces al mes,Nunca o menos de 1 vez al mes,Nunca o menos de 1 vez al mes,0,0,0,0,0,0,0
78447417,1 vez por semana,5 a 6 veces por semana,5 a 6 veces por semana,Nunca o menos de 1 vez al mes,2 a 4 veces por semana,0,1,1,0,0,1,2
78448795,1 vez por semana,1 vez al dia,1 vez al dia,Nunca o menos de 1 vez al mes,Entre 2 y 3 veces al dia,0,1,1,0,1,1,3
78451395,Nunca o menos de 1 vez al mes,Entre 1 y 3 veces al mes,1 vez por semana,Entre 1 y 3 veces al mes,2 a 4 veces por semana,0,0,0,0,0,0,0
78454544,Entre 1 y 3 veces al mes,Nunca o menos de 1 vez al mes,2 a 4 veces por semana,2 a 4 veces por semana,5 a 6 veces por semana,0,0,0,0,1,1,1
78454545,2 a 4 veces por semana,Entre 2 y 3 veces al dia,Entre 2 y 3 veces al dia,Nunca o menos de 1 vez al mes,Entre 4 y 5 veces al dia,0,1,1,0,1,1,3
78455788,1 vez por semana,Entre 2 y 3 veces al dia,Entre 2 y 3 veces al dia,Nunca o menos de 1 vez al mes,2 a 4 veces por semana,0,1,1,0,0,1,2
78458289,1 vez por semana,1 vez al dia,Entre 2 y 3 veces al dia,Entre 1 y 3 veces al mes,Entre 4 y 5 veces al dia,0,1,1,0,1,1,3
78458985,1 vez por semana,5 a 6 veces por semana,5 a 6 veces por semana,2 a 4 veces por semana,Entre 1 y 3 veces al mes,0,1,1,0,0,1,2
78458986,2 a 4 veces por semana,1 vez por semana,Entre 2 y 3 veces al dia,2 a 4 veces por semana,Nunca o menos de 1 vez al mes,0,0,1,0,0,1,1
78459806,Entre 1 y 3 veces al mes,1 vez al dia,2 a 4 veces por semana,Entre 1 y 3 veces al mes,Nunca o menos de 1 vez al mes,0,1,0,0,0,1,1
78464406,2 a 4 veces por semana,2 a 4 veces por semana,2 a 4 veces por semana,Nunca o menos de 1 vez al mes,Nunca o menos de 1 vez al mes,0,0,0,0,0,0,0
78481286,Nunca o menos de 1 vez al mes,1 vez por semana,2 a 4 veces por semana,Nunca o menos de 1 vez al mes,Nunca o menos de 1 vez al mes,0,0,0,0,0,0,0
78481287,1 vez por semana,Nunca o menos de 1 vez al mes,Nunca o menos de 1 vez al mes,Nunca o menos de 1 vez al mes,1 vez por semana,0,0,0,0,0,0,0
78489906,2 a 4 veces por semana,2 a 4 veces por semana,2 a 4 veces por semana,Nunca o menos de 1 vez al mes,2 a 4 veces por semana,0,0,0,0,0,0,0
78491165,Nunca o menos de 1 vez al mes,1 vez por semana,1 vez al dia,Nunca o menos de 1 vez al mes,1 vez al dia,0,0,1,0,1,1,2
78491806,2 a 4 veces por semana,2 a 4 veces por semana,5 a 6 veces por semana,1 vez por semana,2 a 4 veces por semana,0,0,1,0,0,1,1
78504832,Nunca o menos de 1 vez al mes,Nunca o menos de 1 vez al mes,1 vez al dia,Nunca o menos de 1 vez al mes,2 a 4 veces por semana,0,0,1,0,0,1,1
78505794,1 vez por semana,2 a 4 veces por semana,5 a 6 veces por semana,Nunca o menos de 1 vez al mes,1 vez al dia,0,0,1,0,1,1,2
78510004,1 vez por semana,1 vez al dia,Nunca o menos de 1 vez al mes,2 a 4 veces por semana,Entre 1 y 3 veces al mes,0,1,0,0,0,1,1
78513274,Nunca o menos de 1 vez al mes,Nunca o menos de 1 vez al mes,Nunca o menos de 1 vez al mes,Nunca o menos de 1 vez al mes,1 vez al dia,0,0,0,0,1,1,1
78514590,1 vez al dia,1 vez por semana,1 vez por semana,Nunca o menos de 1 vez al mes,Entre 2 y 3 veces al dia,1,0,0,0,1,1,2
78517465,Nunca o menos de 1 vez al mes,1 vez por semana,Nunca o menos de 1 vez al mes,Nunca o menos de 1 vez al mes,1 vez por semana,0,0,0,0,0,0,0
78517615,Entre 1 y 3 veces al mes,Entre 1 y 3 veces al mes,2 a 4 veces por semana,Nunca o menos de 1 vez al mes,2 a 4 veces por semana,0,0,0,0,0,0,0
78517778,Nunca o menos de 1 vez al mes,Nunca o menos de 1 vez al mes,Entre 1 y 3 veces al mes,Nunca o menos de 1 vez al mes,Nunca o menos de 1 vez al mes,0,0,0,0,0,0,0
78520957,Entre 1 y 3 veces al mes,Nunca o menos de 1 vez al mes,Entre 1 y 3 veces al mes,Nunca o menos de 1 vez al mes,5 a 6 veces por semana,0,0,0,0,1,1,1
78525111,Entre 1 y 3 veces al mes,1 vez por semana,1 vez por semana,Nunca o menos de 1 vez al mes,1 vez por semana,0,0,0,0,0,0,0
78528823,Entre 1 y 3 veces al mes,1 vez al dia,1 vez por semana,Nunca o menos de 1 vez al mes,1 vez por semana,0,1,0,0,0,1,1
78538870,1 vez al dia,Entre 2 y 3 veces al dia,Entre 2 y 3 veces al dia,Nunca o menos de 1 vez al mes,2 a 4 veces por semana,1,1,1,0,0,1,3
78539114,Entre 1 y 3 veces al mes,Nunca o menos de 1 vez al mes,1 vez por semana,Nunca o menos de 1 vez al mes,Nunca o menos de 1 vez al mes,0,0,0,0,0,0,0
78541936,2 a 4 veces por semana,Entre 2 y 3 veces al dia,1 vez al dia,Nunca o menos de 1 vez al mes,Entre 2 y 3 veces al dia,0,1,1,0,1,1,3
78541938,5 a 6 veces por semana,Entre 1 y 3 veces al mes,Entre 1 y 3 veces al mes,Nunca o menos de 1 vez al mes,2 a 4 veces por semana,1,0,0,0,0,1,1
78554869,2 a 4 veces por semana,2 a 4 veces por semana,Nunca o menos de 1 vez al mes,1 vez por semana,Entre 2 y 3 veces al dia,0,0,0,0,1,1,1
78563661,1 vez por semana,1 vez por semana,1 vez al dia,Nunca o menos de 1 vez al mes,Entre 4 y 5 veces al dia,0,0,1,0,1,1,2
78570512,Nunca o menos de 1 vez al mes,2 a 4 veces por semana,2 a 4 veces por semana,Nunca o menos de 1 vez al mes,Entre 2 y 3 veces al dia,0,0,0,0,1,1,1
78573018,Entre 1 y 3 veces al mes,2 a 4 veces por semana,Entre 1 y 3 veces al mes,Nunca o menos de 1 vez al mes,2 a 4 veces por semana,0,0,0,0,0,0,0
78577443,2 a 4 veces por semana,5 a 6 veces por semana,1 vez por semana,Nunca o menos de 1 vez al mes,5 a 6 veces por semana,0,1,0,0,1,1,2
78579965,5 a 6 veces por semana,1 vez al dia,Entre 2 y 3 veces al dia,Entre 2 y 3 veces al dia,Entre 4 y 5 veces al dia,1,1,1,1,1,1,5
78588121,Entre 2 y 3 veces al dia,Nunca o menos de 1 vez al mes,1 vez por semana,Nunca o menos de 1 vez al mes,5 a 6 veces por semana,1,0,0,0,1,1,2
78591221,2 a 4 veces por semana,5 a 6 veces por semana,5 a 6 veces por semana,2 a 4 veces por semana,2 a 4 veces por semana,0,1,1,0,0,1,2
78593259,1 vez por semana,2 a 4 veces por semana,2 a 4 veces por semana,Entre 1 y 3 veces al mes,1 vez por semana,0,0,0,0,0,0,0
78594364,Entre 1 y 3 veces al mes,1 vez por semana,1 vez por semana,Nunca o menos de 1 vez al mes,1 vez por semana,0,0,0,0,0,0,0
78603815,Nunca o menos de 1 vez al mes,1 vez al dia,1 vez al dia,Nunca o menos de 1 vez al mes,Entre 4 y 5 veces al dia,0,1,1,0,1,1,3
78604023,Nunca o menos de 1 vez al mes,1 vez al dia,1 vez por semana,Entre 1 y 3 veces al mes,2 a 4 veces por semana,0,1,0,0,0,1,1
78604026,Entre 1 y 3 veces al mes,Nunca o menos de 1 vez al mes,1 vez por semana,Nunca o menos de 1 vez al mes,1 vez al dia,0,0,0,0,1,1,1
78604027,2 a 4 veces por semana,5 a 6 veces por semana,1 vez por semana,1 vez por semana,Nunca o menos de 1 vez al mes,0,1,0,0,0,1,1
78604029,Nunca o menos de 1 vez al mes,2 a 4 veces por semana,2 a 4 veces por semana,Nunca o menos de 1 vez al mes,1 vez al dia,0,0,0,0,1,1,1
78604128,Entre 1 y 3 veces al mes,1 vez por semana,2 a 4 veces por semana,1 vez por semana,Entre 2 y 3 veces al dia,0,0,0,0,1,1,1
78604790,1 vez por semana,2 a 4 veces por semana,2 a 4 veces por semana,1 vez por semana,Entre 2 y 3 veces al dia,0,0,0,0,1,1,1
78607512,1 vez por semana,1 vez al dia,1 vez al dia,Nunca o menos de 1 vez al mes,1 vez por semana,0,1,1,0,0,1,2
78611848,2 a 4 veces por semana,2 a 4 veces por semana,Nunca o menos de 1 vez al mes,2 a 4 veces por semana,1 vez al dia,0,0,0,0,1,1,1
78612459,Nunca o menos de 1 vez al mes,1 vez al dia,Entre 2 y 3 veces al dia,Nunca o menos de 1 vez al mes,2 a 4 veces por semana,0,1,1,0,0,1,2
78613332,1 vez por semana,5 a 6 veces por semana,2 a 4 veces por semana,Nunca o menos de 1 vez al mes,5 a 6 veces por semana,0,1,0,0,1,1,2
78617779,Nunca o menos de 1 vez al mes,Nunca o menos de 1 vez al mes,1 vez por semana,Nunca o menos de 1 vez al mes,Nunca o menos de 1 vez al mes,0,0,0,0,0,0,0
78620269,Nunca o menos de 1 vez al mes,2 a 4 veces por semana,Nunca o menos de 1 vez al mes,Nunca o menos de 1 vez al mes,5 a 6 veces por semana,0,0,0,0,1,1,1
78625658,2 a 4 veces por semana,2 a 4 veces por semana,2 a 4 veces por semana,Nunca o menos de 1 vez al mes,2 a 4 veces por semana,0,0,0,0,0,0,0
78625688,2 a 4 veces por semana,2 a 4 veces por semana,1 vez por semana,Nunca o menos de 1 vez al mes,1 vez al dia,0,0,0,0,1,1,1
78626226,Nunca o menos de 1 vez al mes,2 a 4 veces por semana,2 a 4 veces por semana,1 vez por semana,Entre 2 y 3 veces al dia,0,0,0,0,1,1,1
78641930,2 a 4 veces por semana,1 vez al dia,2 a 4 veces por semana,Nunca o menos de 1 vez al mes,2 a 4 veces por semana,0,1,0,0,0,1,1
78641933,2 a 4 veces por semana,1 vez al dia,1 vez al dia,2 a 4 veces por semana,Entre 2 y 3 veces al dia,0,1,1,0,1,1,3
78642046,1 vez por semana,2 a 4 veces por semana,1 vez por semana,Nunca o menos de 1 vez al mes,5 a 6 veces por semana,0,0,0,0,1,1,1
78646831,1 vez por semana,1 vez al dia,1 vez por semana,Nunca o menos de 1 vez al mes,Nunca o menos de 1 vez al mes,0,1,0,0,0,1,1
78649690,Nunca o menos de 1 vez al mes,5 a 6 veces por semana,5 a 6 veces por semana,Nunca o menos de 1 vez al mes,Entre 2 y 3 veces al dia,0,1,1,0,1,1,3
78651821,2 a 4 veces por semana,Entre 2 y 3 veces al dia,1 vez al dia,Nunca o menos de 1 vez al mes,Entre 2 y 3 veces al dia,0,1,1,0,1,1,3
78651822,Entre 1 y 3 veces al mes,Entre 2 y 3 veces al dia,1 vez al dia,Nunca o menos de 1 vez al mes,Entre 2 y 3 veces al dia,0,1,1,0,1,1,3
78653426,1 vez por semana,2 a 4 veces por semana,1 vez al dia,Nunca o menos de 1 vez al mes,Entre 1 y 3 veces al mes,0,0,1,0,0,1,1
78655606,2 a 4 veces por semana,5 a 6 veces por semana,1 vez por semana,1 vez por semana,5 a 6 veces por semana,0,1,0,0,1,1,2
78655877,1 vez por semana,2 a 4 veces por semana,Nunca o menos de 1 vez al mes,Nunca o menos de 1 vez al mes,1 vez al dia,0,0,0,0,1,1,1
78665780,Entre 1 y 3 veces al mes,Entre 1 y 3 veces al mes,Entre 1 y 3 veces al mes,Nunca o menos de 1 vez al mes,Entre 2 y 3 veces al dia,0,0,0,0,1,1,1
78666597,1 vez al dia,1 vez al dia,1 vez al dia,Nunca o menos de 1 vez al mes,1 vez al dia,1,1,1,0,1,1,4
78677608,2 a 4 veces por semana,2 a 4 veces por semana,2 a 4 veces por semana,Nunca o menos de 1 vez al mes,1 vez al dia,0,0,0,0,1,1,1
78683590,Entre 1 y 3 veces al mes,2 a 4 veces por semana,1 vez al dia,1 vez por semana,5 a 6 veces por semana,0,0,1,0,1,1,2
78684241,Entre 1 y 3 veces al mes,Nunca o menos de 1 vez al mes,1 vez al dia,Nunca o menos de 1 vez al mes,1 vez al dia,0,0,1,0,1,1,2
78687078,Nunca o menos de 1 vez al mes,Entre 1 y 3 veces al mes,Entre 1 y 3 veces al mes,1 vez por semana,2 a 4 veces por semana,0,0,0,0,0,0,0
78690542,Nunca o menos de 1 vez al mes,2 a 4 veces por semana,Nunca o menos de 1 vez al mes,Entre 1 y 3 veces al mes,Nunca o menos de 1 vez al mes,0,0,0,0,0,0,0
78692046,1 vez por semana,1 vez por semana,1 vez por semana,Entre 1 y 3 veces al mes,Entre 1 y 3 veces al mes,0,0,0,0,0,0,0
78697699,2 a 4 veces por semana,2 a 4 veces por semana,Entre 2 y 3 veces al dia,Entre 1 y 3 veces al mes,1 vez al dia,0,0,1,0,1,1,2
78698906,1 vez por semana,Nunca o menos de 1 vez al mes,Nunca o menos de 1 vez al mes,Nunca o menos de 1 vez al mes,1 vez al dia,0,0,0,0,1,1,1
78702894,1 vez por semana,1 vez al dia,2 a 4 veces por semana,Nunca o menos de 1 vez al mes,Entre 2 y 3 veces al dia,0,1,0,0,1,1,2
78704035,1 vez por semana,Entre 1 y 3 veces al mes,Entre 1 y 3 veces al mes,2 a 4 veces por semana,5 a 6 veces por semana,0,0,0,0,1,1,1
78704248,1 vez por semana,1 vez por semana,1 vez por semana,1 vez por semana,Entre 2 y 3 veces al dia,0,0,0,0,1,1,1
78709626,2 a 4 veces por semana,1 vez al dia,Entre 2 y 3 veces al dia,Entre 1 y 3 veces al mes,Nunca o menos de 1 vez al mes,0,1,1,0,0,1,2
78719891,Nunca o menos de 1 vez al mes,1 vez por semana,1 vez al dia,Nunca o menos de 1 vez al mes,1 vez por semana,0,0,1,0,0,1,1
78722370,1 vez por semana,Entre 2 y 3 veces al dia,Entre 2 y 3 veces al dia,Nunca o menos de 1 vez al mes,Entre 4 y 5 veces al dia,0,1,1,0,1,1,3
78730773,2 a 4 veces por semana,2 a 4 veces por semana,1 vez al dia,Nunca o menos de 1 vez al mes,Entre 2 y 3 veces al dia,0,0,1,0,1,1,2
78732447,2 a 4 veces por semana,2 a 4 veces por semana,5 a 6 veces por semana,2 a 4 veces por semana,2 a 4 veces por semana,0,0,1,0,0,1,1
78734099,Entre 1 y 3 veces al mes,1 vez por semana,Entre 1 y 3 veces al mes,2 a 4 veces por semana,Nunca o menos de 1 vez al mes,0,0,0,0,0,0,0
78737768,Nunca o menos de 1 vez al mes,Nunca o menos de 1 vez al mes,Nunca o menos de 1 vez al mes,Nunca o menos de 1 vez al mes,1 vez por semana,0,0,0,0,0,0,0
78741512,Nunca o menos de 1 vez al mes,Nunca o menos de 1 vez al mes,1 vez por semana,Nunca o menos de 1 vez al mes,1 vez al dia,0,0,0,0,1,1,1
78744847,2 a 4 veces por semana,2 a 4 veces por semana,2 a 4 veces por semana,Nunca o menos de 1 vez al mes,Entre 2 y 3 veces al dia,0,0,0,0,1,1,1
78746739,Nunca o menos de 1 vez al mes,2 a 4 veces por semana,1 vez al dia,Nunca o menos de 1 vez al mes,1 vez por semana,0,0,1,0,0,1,1
78755949,1 vez por semana,Entre 1 y 3 veces al mes,1 vez por semana,Entre 1 y 3 veces al mes,Entre 1 y 3 veces al mes,0,0,0,0,0,0,0
78755950,1 vez por semana,1 vez por semana,2 a 4 veces por semana,1 vez por semana,2 a 4 veces por semana,0,0,0,0,0,0,0
78759333,1 vez por semana,1 vez por semana,2 a 4 veces por semana,Nunca o menos de 1 vez al mes,6 veces o m?ís por d?¡a,0,0,0,0,0,0,0
78760284,Entre 1 y 3 veces al mes,2 a 4 veces por semana,Nunca o menos de 1 vez al mes,Nunca o menos de 1 vez al mes,2 a 4 veces por semana,0,0,0,0,0,0,0
78761500,Nunca o menos de 1 vez al mes,1 vez al dia,Nunca o menos de 1 vez al mes,Nunca o menos de 1 vez al mes,1 vez por semana,0,1,0,0,0,1,1
78765639,Entre 1 y 3 veces al mes,2 a 4 veces por semana,Nunca o menos de 1 vez al mes,Nunca o menos de 1 vez al mes,1 vez al dia,0,0,0,0,1,1,1
78767692,2 a 4 veces por semana,1 vez por semana,Entre 1 y 3 veces al mes,Entre 1 y 3 veces al mes,1 vez al dia,0,0,0,0,1,1,1
78769807,Nunca o menos de 1 vez al mes,Nunca o menos de 1 vez al mes,2 a 4 veces por semana,Nunca o menos de 1 vez al mes,5 a 6 veces por semana,0,0,0,0,1,1,1
78769808,2 a 4 veces por semana,1 vez por semana,1 vez por semana,Entre 1 y 3 veces al mes,5 a 6 veces por semana,0,0,0,0,1,1,1
78769809,Nunca o menos de 1 vez al mes,2 a 4 veces por semana,5 a 6 veces por semana,Nunca o menos de 1 vez al mes,1 vez por semana,0,0,1,0,0,1,1
78775091,5 a 6 veces por semana,Entre 1 y 3 veces al mes,Entre 1 y 3 veces al mes,Nunca o menos de 1 vez al mes,2 a 4 veces por semana,1,0,0,0,0,1,1
78793312,1 vez por semana,1 vez al dia,Entre 2 y 3 veces al dia,Nunca o menos de 1 vez al mes,Entre 2 y 3 veces al dia,0,1,1,0,1,1,3
78795264,Entre 1 y 3 veces al mes,2 a 4 veces por semana,Nunca o menos de 1 vez al mes,Nunca o menos de 1 vez al mes,5 a 6 veces por semana,0,0,0,0,1,1,1
78800648,Entre 1 y 3 veces al mes,Nunca o menos de 1 vez al mes,Nunca o menos de 1 vez al mes,Entre 1 y 3 veces al mes,1 vez por semana,0,0,0,0,0,0,0
78800649,Nunca o menos de 1 vez al mes,5 a 6 veces por semana,Nunca o menos de 1 vez al mes,Nunca o menos de 1 vez al mes,1 vez por semana,0,1,0,0,0,1,1
78800650,2 a 4 veces por semana,Entre 1 y 3 veces al mes,1 vez por semana,Nunca o menos de 1 vez al mes,2 a 4 veces por semana,0,0,0,0,0,0,0
78810849,Nunca o menos de 1 vez al mes,Nunca o menos de 1 vez al mes,1 vez por semana,Nunca o menos de 1 vez al mes,Entre 1 y 3 veces al mes,0,0,0,0,0,0,0
78812078,1 vez por semana,1 vez por semana,1 vez por semana,Nunca o menos de 1 vez al mes,1 vez por semana,0,0,0,0,0,0,0
78819446,1 vez por semana,2 a 4 veces por semana,2 a 4 veces por semana,Nunca o menos de 1 vez al mes,2 a 4 veces por semana,0,0,0,0,0,0,0
78819448,1 vez por semana,Nunca o menos de 1 vez al mes,Nunca o menos de 1 vez al mes,Nunca o menos de 1 vez al mes,2 a 4 veces por semana,0,0,0,0,0,0,0
78823419,Entre 1 y 3 veces al mes,1 vez por semana,2 a 4 veces por semana,Nunca o menos de 1 vez al mes,2 a 4 veces por semana,0,0,0,0,0,0,0
78856338,Nunca o menos de 1 vez al mes,2 a 4 veces por semana,2 a 4 veces por semana,Nunca o menos de 1 vez al mes,Nunca o menos de 1 vez al mes,0,0,0,0,0,0,0
78863480,Entre 1 y 3 veces al mes,Entre 1 y 3 veces al mes,2 a 4 veces por semana,Nunca o menos de 1 vez al mes,1 vez por semana,0,0,0,0,0,0,0
78863489,Entre 1 y 3 veces al mes,1 vez por semana,2 a 4 veces por semana,Nunca o menos de 1 vez al mes,Entre 2 y 3 veces al dia,0,0,0,0,1,1,1
78891947,1 vez por semana,2 a 4 veces por semana,Entre 1 y 3 veces al mes,2 a 4 veces por semana,2 a 4 veces por semana,0,0,0,0,0,0,0
78905085,1 vez por semana,1 vez por semana,Entre 1 y 3 veces al mes,Nunca o menos de 1 vez al mes,2 a 4 veces por semana,0,0,0,0,0,0,0
78908299,2 a 4 veces por semana,1 vez al dia,1 vez por semana,Nunca o menos de 1 vez al mes,1 vez al dia,0,1,0,0,1,1,2
78911210,Entre 1 y 3 veces al mes,Nunca o menos de 1 vez al mes,1 vez por semana,Nunca o menos de 1 vez al mes,Nunca o menos de 1 vez al mes,0,0,0,0,0,0,0
78912927,Nunca o menos de 1 vez al mes,2 a 4 veces por semana,2 a 4 veces por semana,Nunca o menos de 1 vez al mes,1 vez por semana,0,0,0,0,0,0,0
78922399,1 vez al dia,Entre 1 y 3 veces al mes,2 a 4 veces por semana,Nunca o menos de 1 vez al mes,Entre 2 y 3 veces al dia,1,0,0,0,1,1,2
78922403,1 vez al dia,1 vez al dia,2 a 4 veces por semana,Nunca o menos de 1 vez al mes,Entre 4 y 5 veces al dia,1,1,0,0,1,1,3
78927464,Entre 1 y 3 veces al mes,2 a 4 veces por semana,Nunca o menos de 1 vez al mes,1 vez por semana,Nunca o menos de 1 vez al mes,0,0,0,0,0,0,0
78931228,Nunca o menos de 1 vez al mes,Entre 1 y 3 veces al mes,Nunca o menos de 1 vez al mes,Nunca o menos de 1 vez al mes,2 a 4 veces por semana,0,0,0,0,0,0,0
78931229,2 a 4 veces por semana,1 vez al dia,1 vez por semana,Entre 1 y 3 veces al mes,1 vez al dia,0,1,0,0,1,1,2
78934709,Entre 2 y 3 veces al dia,1 vez al dia,1 vez al dia,Entre 1 y 3 veces al mes,Entre 2 y 3 veces al dia,1,1,1,0,1,1,4
78941977,Entre 1 y 3 veces al mes,5 a 6 veces por semana,1 vez por semana,Nunca o menos de 1 vez al mes,Entre 2 y 3 veces al dia,0,1,0,0,1,1,2
78941980,Entre 1 y 3 veces al mes,2 a 4 veces por semana,2 a 4 veces por semana,Nunca o menos de 1 vez al mes,Entre 2 y 3 veces al dia,0,0,0,0,1,1,1
78942091,1 vez por semana,Nunca o menos de 1 vez al mes,2 a 4 veces por semana,Nunca o menos de 1 vez al mes,Entre 2 y 3 veces al dia,0,0,0,0,1,1,1
78942094,Entre 1 y 3 veces al mes,2 a 4 veces por semana,2 a 4 veces por semana,Nunca o menos de 1 vez al mes,Entre 2 y 3 veces al dia,0,0,0,0,1,1,1
78955045,1 vez por semana,1 vez por semana,2 a 4 veces por semana,Nunca o menos de 1 vez al mes,2 a 4 veces por semana,0,0,0,0,0,0,0
78955190,2 a 4 veces por semana,1 vez por semana,1 vez por semana,Nunca o menos de 1 vez al mes,1 vez por semana,0,0,0,0,0,0,0
78959579,Entre 1 y 3 veces al mes,Nunca o menos de 1 vez al mes,5 a 6 veces por semana,2 a 4 veces por semana,1 vez al dia,0,0,1,0,1,1,2
78960815,Entre 1 y 3 veces al mes,2 a 4 veces por semana,Entre 1 y 3 veces al mes,Nunca o menos de 1 vez al mes,2 a 4 veces por semana,0,0,0,0,0,0,0
78981676,Entre 1 y 3 veces al mes,2 a 4 veces por semana,1 vez al dia,1 vez por semana,Entre 2 y 3 veces al dia,0,0,1,0,1,1,2
78987883,1 vez por semana,1 vez al dia,1 vez por semana,Nunca o menos de 1 vez al mes,1 vez al dia,0,1,0,0,1,1,2
78992251,Nunca o menos de 1 vez al mes,1 vez al dia,1 vez al dia,Nunca o menos de 1 vez al mes,Entre 2 y 3 veces al dia,0,1,1,0,1,1,3
78999828,Entre 1 y 3 veces al mes,1 vez por semana,Entre 1 y 3 veces al mes,Nunca o menos de 1 vez al mes,Nunca o menos de 1 vez al mes,0,0,0,0,0,0,0
78999864,Entre 1 y 3 veces al mes,1 vez al dia,2 a 4 veces por semana,Nunca o menos de 1 vez al mes,Entre 1 y 3 veces al mes,0,1,0,0,0,1,1
79002025,1 vez por semana,Entre 1 y 3 veces al mes,1 vez por semana,Entre 1 y 3 veces al mes,1 vez por semana,0,0,0,0,0,0,0
79021250,Entre 1 y 3 veces al mes,Entre 1 y 3 veces al mes,Entre 1 y 3 veces al mes,2 a 4 veces por semana,Entre 2 y 3 veces al dia,0,0,0,0,1,1,1
79023677,Nunca o menos de 1 vez al mes,1 vez al dia,5 a 6 veces por semana,Nunca o menos de 1 vez al mes,Entre 2 y 3 veces al dia,0,1,1,0,1,1,3
79028679,Nunca o menos de 1 vez al mes,2 a 4 veces por semana,Entre 1 y 3 veces al mes,Entre 1 y 3 veces al mes,Entre 1 y 3 veces al mes,0,0,0,0,0,0,0
79031515,Entre 2 y 3 veces al dia,1 vez por semana,Nunca o menos de 1 vez al mes,Nunca o menos de 1 vez al mes,1 vez al dia,1,0,0,0,1,1,2
79031516,Nunca o menos de 1 vez al mes,Nunca o menos de 1 vez al mes,1 vez por semana,Nunca o menos de 1 vez al mes,2 a 4 veces por semana,0,0,0,0,0,0,0
79031525,Entre 1 y 3 veces al mes,2 a 4 veces por semana,Entre 1 y 3 veces al mes,Nunca o menos de 1 vez al mes,1 vez al dia,0,0,0,0,1,1,1
79031963,1 vez al dia,1 vez al dia,2 a 4 veces por semana,1 vez por semana,2 a 4 veces por semana,1,1,0,0,0,1,2
79032602,1 vez por semana,1 vez al dia,2 a 4 veces por semana,Nunca o menos de 1 vez al mes,1 vez por semana,0,1,0,0,0,1,1
79033829,Entre 1 y 3 veces al mes,5 a 6 veces por semana,Entre 1 y 3 veces al mes,Entre 1 y 3 veces al mes,5 a 6 veces por semana,0,1,0,0,1,1,2
79034285,Entre 1 y 3 veces al mes,Entre 1 y 3 veces al mes,2 a 4 veces por semana,Entre 1 y 3 veces al mes,Entre 1 y 3 veces al mes,0,0,0,0,0,0,0
79035035,2 a 4 veces por semana,2 a 4 veces por semana,2 a 4 veces por semana,1 vez por semana,2 a 4 veces por semana,0,0,0,0,0,0,0
79035036,Nunca o menos de 1 vez al mes,Nunca o menos de 1 vez al mes,1 vez por semana,2 a 4 veces por semana,Nunca o menos de 1 vez al mes,0,0,0,0,0,0,0
79035472,Entre 1 y 3 veces al mes,Entre 1 y 3 veces al mes,1 vez por semana,Entre 1 y 3 veces al mes,1 vez por semana,0,0,0,0,0,0,0
79035475,Entre 1 y 3 veces al mes,2 a 4 veces por semana,2 a 4 veces por semana,Nunca o menos de 1 vez al mes,2 a 4 veces por semana,0,0,0,0,0,0,0
79037295,1 vez por semana,1 vez al dia,2 a 4 veces por semana,Nunca o menos de 1 vez al mes,Entre 2 y 3 veces al dia,0,1,0,0,1,1,2
79038225,1 vez por semana,Entre 1 y 3 veces al mes,2 a 4 veces por semana,Nunca o menos de 1 vez al mes,2 a 4 veces por semana,0,0,0,0,0,0,0
79038406,2 a 4 veces por semana,2 a 4 veces por semana,5 a 6 veces por semana,Nunca o menos de 1 vez al mes,Entre 2 y 3 veces al dia,0,0,1,0,1,1,2
79038408,Nunca o menos de 1 vez al mes,1 vez al dia,2 a 4 veces por semana,Nunca o menos de 1 vez al mes,2 a 4 veces por semana,0,1,0,0,0,1,1
79039113,Entre 1 y 3 veces al mes,2 a 4 veces por semana,1 vez al dia,Nunca o menos de 1 vez al mes,1 vez por semana,0,0,1,0,0,1,1
79041994,Nunca o menos de 1 vez al mes,2 a 4 veces por semana,1 vez por semana,5 a 6 veces por semana,Nunca o menos de 1 vez al mes,0,0,0,1,0,1,1
79048858,2 a 4 veces por semana,2 a 4 veces por semana,1 vez al dia,Nunca o menos de 1 vez al mes,1 vez al dia,0,0,1,0,1,1,2
79048861,1 vez por semana,1 vez al dia,2 a 4 veces por semana,1 vez por semana,1 vez por semana,0,1,0,0,0,1,1
79048862,1 vez por semana,1 vez al dia,1 vez al dia,1 vez por semana,1 vez por semana,0,1,1,0,0,1,2
79067730,Nunca o menos de 1 vez al mes,Entre 1 y 3 veces al mes,1 vez al dia,Nunca o menos de 1 vez al mes,1 vez al dia,0,0,1,0,1,1,2
79067731,1 vez por semana,1 vez al dia,1 vez al dia,Nunca o menos de 1 vez al mes,Entre 4 y 5 veces al dia,0,1,1,0,1,1,3
79071460,Entre 1 y 3 veces al mes,2 a 4 veces por semana,5 a 6 veces por semana,2 a 4 veces por semana,Entre 4 y 5 veces al dia,0,0,1,0,1,1,2
79072486,Entre 1 y 3 veces al mes,1 vez al dia,1 vez por semana,Nunca o menos de 1 vez al mes,1 vez al dia,0,1,0,0,1,1,2
79072489,1 vez por semana,Entre 2 y 3 veces al dia,Nunca o menos de 1 vez al mes,Nunca o menos de 1 vez al mes,1 vez al dia,0,1,0,0,1,1,2
79077330,1 vez por semana,1 vez al dia,Nunca o menos de 1 vez al mes,Entre 1 y 3 veces al mes,1 vez al dia,0,1,0,0,1,1,2
79084225,Nunca o menos de 1 vez al mes,Entre 1 y 3 veces al mes,1 vez por semana,Nunca o menos de 1 vez al mes,6 veces o m?ís por d?¡a,0,0,0,0,0,0,0
79091612,Nunca o menos de 1 vez al mes,2 a 4 veces por semana,1 vez al dia,Nunca o menos de 1 vez al mes,Entre 2 y 3 veces al dia,0,0,1,0,1,1,2
79101142,2 a 4 veces por semana,2 a 4 veces por semana,5 a 6 veces por semana,1 vez por semana,5 a 6 veces por semana,0,0,1,0,1,1,2
79108331,1 vez por semana,Nunca o menos de 1 vez al mes,2 a 4 veces por semana,Nunca o menos de 1 vez al mes,1 vez al dia,0,0,0,0,1,1,1
79111682,Nunca o menos de 1 vez al mes,2 a 4 veces por semana,2 a 4 veces por semana,Nunca o menos de 1 vez al mes,Entre 2 y 3 veces al dia,0,0,0,0,1,1,1
79117563,1 vez por semana,Nunca o menos de 1 vez al mes,1 vez al dia,Nunca o menos de 1 vez al mes,1 vez al dia,0,0,1,0,1,1,2
79117565,Nunca o menos de 1 vez al mes,2 a 4 veces por semana,Nunca o menos de 1 vez al mes,Entre 1 y 3 veces al mes,Nunca o menos de 1 vez al mes,0,0,0,0,0,0,0
79129018,Entre 1 y 3 veces al mes,5 a 6 veces por semana,5 a 6 veces por semana,Nunca o menos de 1 vez al mes,Nunca o menos de 1 vez al mes,0,1,1,0,0,1,2
79129099,2 a 4 veces por semana,Entre 1 y 3 veces al mes,1 vez al dia,Nunca o menos de 1 vez al mes,2 a 4 veces por semana,0,0,1,0,0,1,1
79130947,1 vez por semana,2 a 4 veces por semana,Entre 1 y 3 veces al mes,2 a 4 veces por semana,1 vez al dia,0,0,0,0,1,1,1
79134253,Nunca o menos de 1 vez al mes,2 a 4 veces por semana,2 a 4 veces por semana,1 vez por semana,5 a 6 veces por semana,0,0,0,0,1,1,1
79134896,Entre 1 y 3 veces al mes,Entre 1 y 3 veces al mes,Entre 1 y 3 veces al mes,Nunca o menos de 1 vez al mes,Entre 2 y 3 veces al dia,0,0,0,0,1,1,1
79139799,1 vez por semana,2 a 4 veces por semana,Nunca o menos de 1 vez al mes,Entre 1 y 3 veces al mes,Nunca o menos de 1 vez al mes,0,0,0,0,0,0,0
79141575,Entre 1 y 3 veces al mes,Nunca o menos de 1 vez al mes,2 a 4 veces por semana,Nunca o menos de 1 vez al mes,Entre 2 y 3 veces al dia,0,0,0,0,1,1,1
79141847,1 vez al dia,1 vez al dia,2 a 4 veces por semana,Entre 1 y 3 veces al mes,2 a 4 veces por semana,1,1,0,0,0,1,2
79162636,2 a 4 veces por semana,Nunca o menos de 1 vez al mes,2 a 4 veces por semana,Nunca o menos de 1 vez al mes,2 a 4 veces por semana,0,0,0,0,0,0,0
79162637,Entre 1 y 3 veces al mes,Entre 1 y 3 veces al mes,5 a 6 veces por semana,Nunca o menos de 1 vez al mes,Entre 2 y 3 veces al dia,0,0,1,0,1,1,2
79163637,Entre 1 y 3 veces al mes,2 a 4 veces por semana,1 vez al dia,Nunca o menos de 1 vez al mes,1 vez por semana,0,0,1,0,0,1,1
79172442,1 vez por semana,1 vez por semana,1 vez por semana,Nunca o menos de 1 vez al mes,1 vez por semana,0,0,0,0,0,0,0
79174823,2 a 4 veces por semana,5 a 6 veces por semana,1 vez por semana,1 vez por semana,5 a 6 veces por semana,0,1,0,0,1,1,2
79181562,1 vez por semana,1 vez al dia,1 vez por semana,Nunca o menos de 1 vez al mes,Nunca o menos de 1 vez al mes,0,1,0,0,0,1,1
79190941,1 vez por semana,2 a 4 veces por semana,Nunca o menos de 1 vez al mes,Nunca o menos de 1 vez al mes,1 vez por semana,0,0,0,0,0,0,0
79193122,1 vez al dia,5 a 6 veces por semana,5 a 6 veces por semana,Nunca o menos de 1 vez al mes,Entre 2 y 3 veces al dia,1,1,1,0,1,1,4
79194098,Nunca o menos de 1 vez al mes,Nunca o menos de 1 vez al mes,1 vez por semana,Nunca o menos de 1 vez al mes,2 a 4 veces por semana,0,0,0,0,0,0,0
79202621,Entre 1 y 3 veces al mes,2 a 4 veces por semana,2 a 4 veces por semana,Nunca o menos de 1 vez al mes,2 a 4 veces por semana,0,0,0,0,0,0,0
79206184,Nunca o menos de 1 vez al mes,1 vez al dia,Entre 1 y 3 veces al mes,Entre 1 y 3 veces al mes,Entre 4 y 5 veces al dia,0,1,0,0,1,1,2
79206185,Entre 1 y 3 veces al mes,2 a 4 veces por semana,2 a 4 veces por semana,Nunca o menos de 1 vez al mes,Entre 2 y 3 veces al dia,0,0,0,0,1,1,1
79209926,2 a 4 veces por semana,1 vez al dia,2 a 4 veces por semana,Nunca o menos de 1 vez al mes,Entre 2 y 3 veces al dia,0,1,0,0,1,1,2
79214789,1 vez por semana,Entre 1 y 3 veces al mes,1 vez al dia,Nunca o menos de 1 vez al mes,Entre 1 y 3 veces al mes,0,0,1,0,0,1,1
79215686,Nunca o menos de 1 vez al mes,Nunca o menos de 1 vez al mes,1 vez al dia,Nunca o menos de 1 vez al mes,2 a 4 veces por semana,0,0,1,0,0,1,1
79226823,Entre 1 y 3 veces al mes,Entre 1 y 3 veces al mes,2 a 4 veces por semana,Entre 1 y 3 veces al mes,1 vez por semana,0,0,0,0,0,0,0
79229336,2 a 4 veces por semana,1 vez al dia,Entre 1 y 3 veces al mes,Nunca o menos de 1 vez al mes,Entre 2 y 3 veces al dia,0,1,0,0,1,1,2
79229384,1 vez por semana,Nunca o menos de 1 vez al mes,1 vez al dia,Nunca o menos de 1 vez al mes,Nunca o menos de 1 vez al mes,0,0,1,0,0,1,1
79229386,2 a 4 veces por semana,2 a 4 veces por semana,2 a 4 veces por semana,Nunca o menos de 1 vez al mes,1 vez por semana,0,0,0,0,0,0,0
79229388,1 vez por semana,2 a 4 veces por semana,2 a 4 veces por semana,Nunca o menos de 1 vez al mes,2 a 4 veces por semana,0,0,0,0,0,0,0
79229420,Entre 1 y 3 veces al mes,2 a 4 veces por semana,1 vez por semana,Nunca o menos de 1 vez al mes,5 a 6 veces por semana,0,0,0,0,1,1,1
79229453,2 a 4 veces por semana,5 a 6 veces por semana,1 vez por semana,Nunca o menos de 1 vez al mes,2 a 4 veces por semana,0,1,0,0,0,1,1
79229460,2 a 4 veces por semana,2 a 4 veces por semana,1 vez por semana,Nunca o menos de 1 vez al mes,1 vez al dia,0,0,0,0,1,1,1
79235414,Nunca o menos de 1 vez al mes,2 a 4 veces por semana,2 a 4 veces por semana,Nunca o menos de 1 vez al mes,Nunca o menos de 1 vez al mes,0,0,0,0,0,0,0
79258875,Nunca o menos de 1 vez al mes,1 vez por semana,Nunca o menos de 1 vez al mes,Nunca o menos de 1 vez al mes,Entre 2 y 3 veces al dia,0,0,0,0,1,1,1
79259351,2 a 4 veces por semana,Entre 2 y 3 veces al dia,Entre 2 y 3 veces al dia,1 vez al dia,Entre 2 y 3 veces al dia,0,1,1,1,1,1,4
79259352,Entre 2 y 3 veces al dia,Entre 2 y 3 veces al dia,Entre 2 y 3 veces al dia,Entre 2 y 3 veces al dia,Entre 4 y 5 veces al dia,1,1,1,1,1,1,5
79271865,Entre 2 y 3 veces al dia,Entre 2 y 3 veces al dia,1 vez al dia,Entre 2 y 3 veces al dia,Entre 4 y 5 veces al dia,1,1,1,1,1,1,5
79272928,Entre 1 y 3 veces al mes,Nunca o menos de 1 vez al mes,1 vez por semana,Nunca o menos de 1 vez al mes,2 a 4 veces por semana,0,0,0,0,0,0,0
79273527,1 vez por semana,1 vez al dia,1 vez por semana,Nunca o menos de 1 vez al mes,1 vez al dia,0,1,0,0,1,1,2
79278262,1 vez al dia,1 vez por semana,1 vez por semana,Nunca o menos de 1 vez al mes,1 vez por semana,1,0,0,0,0,1,1
79281862,Entre 1 y 3 veces al mes,Nunca o menos de 1 vez al mes,1 vez por semana,Nunca o menos de 1 vez al mes,1 vez al dia,0,0,0,0,1,1,1
79288131,2 a 4 veces por semana,1 vez por semana,Entre 2 y 3 veces al dia,1 vez por semana,Entre 2 y 3 veces al dia,0,0,1,0,1,1,2
79290854,1 vez por semana,1 vez al dia,Entre 1 y 3 veces al mes,Nunca o menos de 1 vez al mes,2 a 4 veces por semana,0,1,0,0,0,1,1
79295463,1 vez por semana,2 a 4 veces por semana,2 a 4 veces por semana,Nunca o menos de 1 vez al mes,Entre 2 y 3 veces al dia,0,0,0,0,1,1,1
79298744,Nunca o menos de 1 vez al mes,Entre 1 y 3 veces al mes,1 vez al dia,2 a 4 veces por semana,5 a 6 veces por semana,0,0,1,0,1,1,2
79298792,Entre 1 y 3 veces al mes,1 vez al dia,1 vez al dia,2 a 4 veces por semana,Entre 2 y 3 veces al dia,0,1,1,0,1,1,3
79298793,1 vez por semana,1 vez al dia,1 vez por semana,Nunca o menos de 1 vez al mes,1 vez al dia,0,1,0,0,1,1,2
79298795,2 a 4 veces por semana,2 a 4 veces por semana,1 vez al dia,Entre 1 y 3 veces al mes,1 vez al dia,0,0,1,0,1,1,2
79300087,2 a 4 veces por semana,2 a 4 veces por semana,5 a 6 veces por semana,Entre 1 y 3 veces al mes,Entre 2 y 3 veces al dia,0,0,1,0,1,1,2
79303836,Nunca o menos de 1 vez al mes,Nunca o menos de 1 vez al mes,5 a 6 veces por semana,Entre 1 y 3 veces al mes,1 vez por semana,0,0,1,0,0,1,1
79304318,Nunca o menos de 1 vez al mes,2 a 4 veces por semana,Nunca o menos de 1 vez al mes,Nunca o menos de 1 vez al mes,Nunca o menos de 1 vez al mes,0,0,0,0,0,0,0
79308660,Nunca o menos de 1 vez al mes,Nunca o menos de 1 vez al mes,5 a 6 veces por semana,Nunca o menos de 1 vez al mes,Entre 1 y 3 veces al mes,0,0,1,0,0,1,1
79308666,1 vez por semana,1 vez al dia,1 vez por semana,1 vez por semana,Nunca o menos de 1 vez al mes,0,1,0,0,0,1,1
79310519,Nunca o menos de 1 vez al mes,Entre 1 y 3 veces al mes,2 a 4 veces por semana,Entre 1 y 3 veces al mes,Nunca o menos de 1 vez al mes,0,0,0,0,0,0,0
79312478,Nunca o menos de 1 vez al mes,5 a 6 veces por semana,2 a 4 veces por semana,2 a 4 veces por semana,Nunca o menos de 1 vez al mes,0,1,0,0,0,1,1
79313413,2 a 4 veces por semana,Nunca o menos de 1 vez al mes,Entre 2 y 3 veces al dia,Nunca o menos de 1 vez al mes,Entre 2 y 3 veces al dia,0,0,1,0,1,1,2
79320865,Nunca o menos de 1 vez al mes,1 vez al dia,2 a 4 veces por semana,Entre 1 y 3 veces al mes,Entre 2 y 3 veces al dia,0,1,0,0,1,1,2
79322361,1 vez por semana,Entre 2 y 3 veces al dia,Entre 2 y 3 veces al dia,Nunca o menos de 1 vez al mes,6 veces o m?ís por d?¡a,0,1,1,0,0,1,2
79322375,1 vez por semana,1 vez al dia,1 vez al dia,Nunca o menos de 1 vez al mes,Entre 4 y 5 veces al dia,0,1,1,0,1,1,3
79330398,1 vez al dia,1 vez al dia,Entre 2 y 3 veces al dia,2 a 4 veces por semana,Entre 4 y 5 veces al dia,1,1,1,0,1,1,4
79344692,5 a 6 veces por semana,1 vez al dia,Nunca o menos de 1 vez al mes,2 a 4 veces por semana,1 vez al dia,1,1,0,0,1,1,3
79346005,Entre 1 y 3 veces al mes,Nunca o menos de 1 vez al mes,Entre 1 y 3 veces al mes,Nunca o menos de 1 vez al mes,Entre 1 y 3 veces al mes,0,0,0,0,0,0,0
79346381,2 a 4 veces por semana,1 vez al dia,Nunca o menos de 1 vez al mes,1 vez por semana,1 vez al dia,0,1,0,0,1,1,2
79350189,1 vez por semana,1 vez al dia,Entre 2 y 3 veces al dia,Nunca o menos de 1 vez al mes,2 a 4 veces por semana,0,1,1,0,0,1,2
79350429,Entre 1 y 3 veces al mes,1 vez por semana,1 vez por semana,Nunca o menos de 1 vez al mes,2 a 4 veces por semana,0,0,0,0,0,0,0
79357443,Nunca o menos de 1 vez al mes,1 vez al dia,1 vez por semana,Nunca o menos de 1 vez al mes,Nunca o menos de 1 vez al mes,0,1,0,0,0,1,1
79374271,1 vez por semana,Entre 2 y 3 veces al dia,Nunca o menos de 1 vez al mes,5 a 6 veces por semana,5 a 6 veces por semana,0,1,0,1,1,1,3
79381018,2 a 4 veces por semana,5 a 6 veces por semana,5 a 6 veces por semana,Nunca o menos de 1 vez al mes,6 veces o m?ís por d?¡a,0,1,1,0,0,1,2
79388188,Nunca o menos de 1 vez al mes,5 a 6 veces por semana,1 vez al dia,Nunca o menos de 1 vez al mes,5 a 6 veces por semana,0,1,1,0,1,1,3
79390870,2 a 4 veces por semana,2 a 4 veces por semana,Entre 1 y 3 veces al mes,2 a 4 veces por semana,Entre 2 y 3 veces al dia,0,0,0,0,1,1,1
79400695,2 a 4 veces por semana,2 a 4 veces por semana,2 a 4 veces por semana,Nunca o menos de 1 vez al mes,Entre 2 y 3 veces al dia,0,0,0,0,1,1,1
79406608,1 vez por semana,5 a 6 veces por semana,1 vez al dia,Entre 1 y 3 veces al mes,1 vez al dia,0,1,1,0,1,1,3
79434098,1 vez por semana,1 vez al dia,1 vez por semana,1 vez por semana,Entre 4 y 5 veces al dia,0,1,0,0,1,1,2
79435696,2 a 4 veces por semana,1 vez al dia,2 a 4 veces por semana,Nunca o menos de 1 vez al mes,Entre 4 y 5 veces al dia,0,1,0,0,1,1,2
79467897,1 vez por semana,1 vez al dia,1 vez por semana,Nunca o menos de 1 vez al mes,2 a 4 veces por semana,0,1,0,0,0,1,1
79480682,Entre 1 y 3 veces al mes,2 a 4 veces por semana,Entre 2 y 3 veces al dia,Nunca o menos de 1 vez al mes,Entre 2 y 3 veces al dia,0,0,1,0,1,1,2
79486156,2 a 4 veces por semana,5 a 6 veces por semana,1 vez al dia,Nunca o menos de 1 vez al mes,Entre 2 y 3 veces al dia,0,1,1,0,1,1,3
79496238,Nunca o menos de 1 vez al mes,2 a 4 veces por semana,Nunca o menos de 1 vez al mes,Entre 1 y 3 veces al mes,Entre 2 y 3 veces al dia,0,0,0,0,1,1,1
79496239,Entre 1 y 3 veces al mes,2 a 4 veces por semana,Nunca o menos de 1 vez al mes,Nunca o menos de 1 vez al mes,2 a 4 veces por semana,0,0,0,0,0,0,0
79496247,Nunca o menos de 1 vez al mes,2 a 4 veces por semana,Nunca o menos de 1 vez al mes,Nunca o menos de 1 vez al mes,1 vez por semana,0,0,0,0,0,0,0
79503445,1 vez por semana,1 vez por semana,5 a 6 veces por semana,Nunca o menos de 1 vez al mes,2 a 4 veces por semana,0,0,1,0,0,1,1
79504086,Nunca o menos de 1 vez al mes,Nunca o menos de 1 vez al mes,Nunca o menos de 1 vez al mes,Nunca o menos de 1 vez al mes,Nunca o menos de 1 vez al mes,0,0,0,0,0,0,0
79538459,Nunca o menos de 1 vez al mes,Nunca o menos de 1 vez al mes,2 a 4 veces por semana,Nunca o menos de 1 vez al mes,Nunca o menos de 1 vez al mes,0,0,0,0,0,0,0
79541553,Entre 1 y 3 veces al mes,2 a 4 veces por semana,2 a 4 veces por semana,Nunca o menos de 1 vez al mes,5 a 6 veces por semana,0,0,0,0,1,1,1
79542525,5 a 6 veces por semana,2 a 4 veces por semana,5 a 6 veces por semana,Nunca o menos de 1 vez al mes,Entre 2 y 3 veces al dia,1,0,1,0,1,1,3
79542724,5 a 6 veces por semana,2 a 4 veces por semana,2 a 4 veces por semana,Nunca o menos de 1 vez al mes,2 a 4 veces por semana,1,0,0,0,0,1,1
79543019,5 a 6 veces por semana,5 a 6 veces por semana,1 vez por semana,1 vez por semana,5 a 6 veces por semana,1,1,0,0,1,1,3
79549695,Nunca o menos de 1 vez al mes,1 vez al dia,Entre 2 y 3 veces al dia,Nunca o menos de 1 vez al mes,Entre 2 y 3 veces al dia,0,1,1,0,1,1,3
79551774,Nunca o menos de 1 vez al mes,1 vez al dia,1 vez por semana,Nunca o menos de 1 vez al mes,2 a 4 veces por semana,0,1,0,0,0,1,1
79568814,1 vez por semana,Entre 1 y 3 veces al mes,1 vez por semana,Nunca o menos de 1 vez al mes,1 vez por semana,0,0,0,0,0,0,0
79573830,2 a 4 veces por semana,1 vez al dia,1 vez al dia,2 a 4 veces por semana,1 vez por semana,0,1,1,0,0,1,2
79573832,1 vez por semana,2 a 4 veces por semana,2 a 4 veces por semana,Nunca o menos de 1 vez al mes,Nunca o menos de 1 vez al mes,0,0,0,0,0,0,0
79589180,2 a 4 veces por semana,5 a 6 veces por semana,2 a 4 veces por semana,Nunca o menos de 1 vez al mes,5 a 6 veces por semana,0,1,0,0,1,1,2
79589182,2 a 4 veces por semana,2 a 4 veces por semana,2 a 4 veces por semana,Nunca o menos de 1 vez al mes,5 a 6 veces por semana,0,0,0,0,1,1,1
79591581,Nunca o menos de 1 vez al mes,2 a 4 veces por semana,Nunca o menos de 1 vez al mes,Nunca o menos de 1 vez al mes,Entre 2 y 3 veces al dia,0,0,0,0,1,1,1
79591583,1 vez por semana,Entre 1 y 3 veces al mes,Nunca o menos de 1 vez al mes,Nunca o menos de 1 vez al mes,1 vez al dia,0,0,0,0,1,1,1
79591639,Nunca o menos de 1 vez al mes,Nunca o menos de 1 vez al mes,2 a 4 veces por semana,Nunca o menos de 1 vez al mes,Entre 2 y 3 veces al dia,0,0,0,0,1,1,1
79592006,Nunca o menos de 1 vez al mes,1 vez al dia,2 a 4 veces por semana,Nunca o menos de 1 vez al mes,Nunca o menos de 1 vez al mes,0,1,0,0,0,1,1
79592010,Nunca o menos de 1 vez al mes,Nunca o menos de 1 vez al mes,2 a 4 veces por semana,Nunca o menos de 1 vez al mes,Entre 2 y 3 veces al dia,0,0,0,0,1,1,1
79592013,Nunca o menos de 1 vez al mes,Entre 4 y 5 veces al dia,2 a 4 veces por semana,Entre 1 y 3 veces al mes,Entre 4 y 5 veces al dia,0,1,0,0,1,1,2
79593570,2 a 4 veces por semana,1 vez por semana,1 vez al dia,2 a 4 veces por semana,6 veces o m?ís por d?¡a,0,0,1,0,0,1,1
79593571,1 vez por semana,Entre 2 y 3 veces al dia,1 vez al dia,Nunca o menos de 1 vez al mes,Entre 2 y 3 veces al dia,0,1,1,0,1,1,3
79597323,Nunca o menos de 1 vez al mes,2 a 4 veces por semana,Nunca o menos de 1 vez al mes,Nunca o menos de 1 vez al mes,1 vez al dia,0,0,0,0,1,1,1
79598832,5 a 6 veces por semana,1 vez al dia,2 a 4 veces por semana,2 a 4 veces por semana,1 vez al dia,1,1,0,0,1,1,3
79602319,1 vez por semana,1 vez por semana,1 vez por semana,Nunca o menos de 1 vez al mes,1 vez al dia,0,0,0,0,1,1,1
79602320,Nunca o menos de 1 vez al mes,Nunca o menos de 1 vez al mes,Entre 1 y 3 veces al mes,Nunca o menos de 1 vez al mes,1 vez al dia,0,0,0,0,1,1,1
79602322,1 vez al dia,1 vez al dia,1 vez por semana,Nunca o menos de 1 vez al mes,1 vez al dia,1,1,0,0,1,1,3
79602607,Nunca o menos de 1 vez al mes,Nunca o menos de 1 vez al mes,Nunca o menos de 1 vez al mes,2 a 4 veces por semana,1 vez al dia,0,0,0,0,1,1,1
79603727,Nunca o menos de 1 vez al mes,Nunca o menos de 1 vez al mes,2 a 4 veces por semana,Nunca o menos de 1 vez al mes,Entre 2 y 3 veces al dia,0,0,0,0,1,1,1
79603728,Nunca o menos de 1 vez al mes,2 a 4 veces por semana,1 vez por semana,Nunca o menos de 1 vez al mes,1 vez al dia,0,0,0,0,1,1,1
79607659,Entre 1 y 3 veces al mes,1 vez por semana,2 a 4 veces por semana,Nunca o menos de 1 vez al mes,Nunca o menos de 1 vez al mes,0,0,0,0,0,0,0
79607660,1 vez por semana,2 a 4 veces por semana,2 a 4 veces por semana,Nunca o menos de 1 vez al mes,1 vez por semana,0,0,0,0,0,0,0
79626352,Nunca o menos de 1 vez al mes,Nunca o menos de 1 vez al mes,Nunca o menos de 1 vez al mes,Nunca o menos de 1 vez al mes,Entre 4 y 5 veces al dia,0,0,0,0,1,1,1
79639145,Entre 1 y 3 veces al mes,1 vez por semana,Entre 1 y 3 veces al mes,Nunca o menos de 1 vez al mes,Entre 1 y 3 veces al mes,0,0,0,0,0,0,0
79647888,1 vez por semana,2 a 4 veces por semana,1 vez por semana,Nunca o menos de 1 vez al mes,2 a 4 veces por semana,0,0,0,0,0,0,0
79659788,1 vez al dia,2 a 4 veces por semana,Nunca o menos de 1 vez al mes,Nunca o menos de 1 vez al mes,Entre 2 y 3 veces al dia,1,0,0,0,1,1,2
79659795,1 vez por semana,2 a 4 veces por semana,2 a 4 veces por semana,Nunca o menos de 1 vez al mes,1 vez al dia,0,0,0,0,1,1,1
79662365,1 vez por semana,Entre 1 y 3 veces al mes,Entre 1 y 3 veces al mes,Nunca o menos de 1 vez al mes,2 a 4 veces por semana,0,0,0,0,0,0,0
79671161,1 vez al dia,2 a 4 veces por semana,2 a 4 veces por semana,Entre 1 y 3 veces al mes,1 vez al dia,1,0,0,0,1,1,2
79676164,Entre 1 y 3 veces al mes,2 a 4 veces por semana,Entre 1 y 3 veces al mes,Nunca o menos de 1 vez al mes,1 vez por semana,0,0,0,0,0,0,0
79677543,Entre 1 y 3 veces al mes,Entre 1 y 3 veces al mes,1 vez por semana,1 vez por semana,2 a 4 veces por semana,0,0,0,0,0,0,0
79677544,1 vez por semana,Nunca o menos de 1 vez al mes,1 vez por semana,Entre 1 y 3 veces al mes,1 vez por semana,0,0,0,0,0,0,0
79677616,1 vez por semana,2 a 4 veces por semana,1 vez por semana,Nunca o menos de 1 vez al mes,5 a 6 veces por semana,0,0,0,0,1,1,1
79677995,2 a 4 veces por semana,2 a 4 veces por semana,1 vez por semana,Nunca o menos de 1 vez al mes,5 a 6 veces por semana,0,0,0,0,1,1,1
79679631,Entre 1 y 3 veces al mes,Nunca o menos de 1 vez al mes,1 vez por semana,Nunca o menos de 1 vez al mes,Nunca o menos de 1 vez al mes,0,0,0,0,0,0,0
79680686,1 vez por semana,1 vez al dia,1 vez al dia,2 a 4 veces por semana,Entre 2 y 3 veces al dia,0,1,1,0,1,1,3
79683191,2 a 4 veces por semana,Entre 2 y 3 veces al dia,1 vez al dia,Nunca o menos de 1 vez al mes,Entre 2 y 3 veces al dia,0,1,1,0,1,1,3
79683192,1 vez por semana,Nunca o menos de 1 vez al mes,Entre 2 y 3 veces al dia,1 vez por semana,Entre 1 y 3 veces al mes,0,0,1,0,0,1,1
79684532,Nunca o menos de 1 vez al mes,Nunca o menos de 1 vez al mes,1 vez por semana,Nunca o menos de 1 vez al mes,1 vez por semana,0,0,0,0,0,0,0
79684923,Nunca o menos de 1 vez al mes,Nunca o menos de 1 vez al mes,Nunca o menos de 1 vez al mes,5 a 6 veces por semana,2 a 4 veces por semana,0,0,0,1,0,1,1
79684927,2 a 4 veces por semana,Entre 2 y 3 veces al dia,1 vez al dia,Nunca o menos de 1 vez al mes,Entre 2 y 3 veces al dia,0,1,1,0,1,1,3
79685690,1 vez por semana,Nunca o menos de 1 vez al mes,Entre 1 y 3 veces al mes,Nunca o menos de 1 vez al mes,1 vez por semana,0,0,0,0,0,0,0
79690204,Entre 1 y 3 veces al mes,2 a 4 veces por semana,1 vez por semana,Entre 1 y 3 veces al mes,Nunca o menos de 1 vez al mes,0,0,0,0,0,0,0
79691720,1 vez por semana,2 a 4 veces por semana,1 vez por semana,Nunca o menos de 1 vez al mes,Entre 1 y 3 veces al mes,0,0,0,0,0,0,0
79696433,Entre 1 y 3 veces al mes,1 vez al dia,2 a 4 veces por semana,Nunca o menos de 1 vez al mes,1 vez por semana,0,1,0,0,0,1,1
79698276,1 vez por semana,Entre 2 y 3 veces al dia,Entre 1 y 3 veces al mes,Nunca o menos de 1 vez al mes,2 a 4 veces por semana,0,1,0,0,0,1,1
79699540,2 a 4 veces por semana,1 vez por semana,2 a 4 veces por semana,Nunca o menos de 1 vez al mes,2 a 4 veces por semana,0,0,0,0,0,0,0
79701176,1 vez al dia,1 vez al dia,1 vez al dia,Nunca o menos de 1 vez al mes,Entre 4 y 5 veces al dia,1,1,1,0,1,1,4
79702779,1 vez por semana,2 a 4 veces por semana,1 vez al dia,1 vez por semana,Entre 2 y 3 veces al dia,0,0,1,0,1,1,2
79724485,1 vez por semana,1 vez por semana,2 a 4 veces por semana,Nunca o menos de 1 vez al mes,1 vez por semana,0,0,0,0,0,0,0
79741392,1 vez por semana,2 a 4 veces por semana,Nunca o menos de 1 vez al mes,Nunca o menos de 1 vez al mes,2 a 4 veces por semana,0,0,0,0,0,0,0
79748635,Entre 1 y 3 veces al mes,1 vez al dia,5 a 6 veces por semana,Nunca o menos de 1 vez al mes,Entre 2 y 3 veces al dia,0,1,1,0,1,1,3
79754555,1 vez por semana,Nunca o menos de 1 vez al mes,Nunca o menos de 1 vez al mes,Nunca o menos de 1 vez al mes,Entre 4 y 5 veces al dia,0,0,0,0,1,1,1
79754910,Nunca o menos de 1 vez al mes,2 a 4 veces por semana,1 vez por semana,Nunca o menos de 1 vez al mes,1 vez por semana,0,0,0,0,0,0,0
79756403,1 vez por semana,2 a 4 veces por semana,2 a 4 veces por semana,Entre 1 y 3 veces al mes,2 a 4 veces por semana,0,0,0,0,0,0,0
79767217,1 vez por semana,2 a 4 veces por semana,1 vez al dia,Nunca o menos de 1 vez al mes,5 a 6 veces por semana,0,0,1,0,1,1,2
79767218,1 vez por semana,2 a 4 veces por semana,1 vez al dia,Nunca o menos de 1 vez al mes,2 a 4 veces por semana,0,0,1,0,0,1,1
79767222,1 vez por semana,2 a 4 veces por semana,5 a 6 veces por semana,Nunca o menos de 1 vez al mes,1 vez por semana,0,0,1,0,0,1,1
79769537,2 a 4 veces por semana,5 a 6 veces por semana,5 a 6 veces por semana,Nunca o menos de 1 vez al mes,2 a 4 veces por semana,0,1,1,0,0,1,2
79771884,Entre 1 y 3 veces al mes,5 a 6 veces por semana,2 a 4 veces por semana,Entre 1 y 3 veces al mes,Nunca o menos de 1 vez al mes,0,1,0,0,0,1,1
79772435,2 a 4 veces por semana,Nunca o menos de 1 vez al mes,5 a 6 veces por semana,2 a 4 veces por semana,Nunca o menos de 1 vez al mes,0,0,1,0,0,1,1
79776325,2 a 4 veces por semana,Nunca o menos de 1 vez al mes,1 vez al dia,Nunca o menos de 1 vez al mes,2 a 4 veces por semana,0,0,1,0,0,1,1
79776326,2 a 4 veces por semana,2 a 4 veces por semana,2 a 4 veces por semana,Nunca o menos de 1 vez al mes,2 a 4 veces por semana,0,0,0,0,0,0,0
79776327,Nunca o menos de 1 vez al mes,2 a 4 veces por semana,2 a 4 veces por semana,Nunca o menos de 1 vez al mes,1 vez al dia,0,0,0,0,1,1,1
79777129,Entre 1 y 3 veces al mes,Entre 1 y 3 veces al mes,5 a 6 veces por semana,Nunca o menos de 1 vez al mes,Nunca o menos de 1 vez al mes,0,0,1,0,0,1,1
79777131,Nunca o menos de 1 vez al mes,2 a 4 veces por semana,2 a 4 veces por semana,Nunca o menos de 1 vez al mes,Entre 1 y 3 veces al mes,0,0,0,0,0,0,0
79784873,Entre 1 y 3 veces al mes,1 vez por semana,2 a 4 veces por semana,Nunca o menos de 1 vez al mes,1 vez por semana,0,0,0,0,0,0,0
79789004,1 vez al dia,Entre 1 y 3 veces al mes,1 vez por semana,Nunca o menos de 1 vez al mes,1 vez al dia,1,0,0,0,1,1,2
79793086,2 a 4 veces por semana,1 vez al dia,2 a 4 veces por semana,Entre 1 y 3 veces al mes,Entre 2 y 3 veces al dia,0,1,0,0,1,1,2
79794393,1 vez por semana,1 vez por semana,1 vez por semana,2 a 4 veces por semana,2 a 4 veces por semana,0,0,0,0,0,0,0
79800545,Entre 1 y 3 veces al mes,2 a 4 veces por semana,Entre 1 y 3 veces al mes,Entre 1 y 3 veces al mes,2 a 4 veces por semana,0,0,0,0,0,0,0
79807921,2 a 4 veces por semana,1 vez al dia,1 vez por semana,Nunca o menos de 1 vez al mes,2 a 4 veces por semana,0,1,0,0,0,1,1
79807922,1 vez por semana,2 a 4 veces por semana,2 a 4 veces por semana,Nunca o menos de 1 vez al mes,Entre 4 y 5 veces al dia,0,0,0,0,1,1,1
79807926,1 vez por semana,2 a 4 veces por semana,1 vez por semana,Nunca o menos de 1 vez al mes,2 a 4 veces por semana,0,0,0,0,0,0,0
79820085,1 vez por semana,2 a 4 veces por semana,1 vez por semana,Nunca o menos de 1 vez al mes,1 vez por semana,0,0,0,0,0,0,0
79828308,Nunca o menos de 1 vez al mes,1 vez por semana,Entre 1 y 3 veces al mes,Nunca o menos de 1 vez al mes,5 a 6 veces por semana,0,0,0,0,1,1,1
79845776,5 a 6 veces por semana,2 a 4 veces por semana,2 a 4 veces por semana,Entre 1 y 3 veces al mes,5 a 6 veces por semana,1,0,0,0,1,1,2
79845780,1 vez por semana,2 a 4 veces por semana,Nunca o menos de 1 vez al mes,Entre 1 y 3 veces al mes,Entre 1 y 3 veces al mes,0,0,0,0,0,0,0
79845794,1 vez al dia,Entre 2 y 3 veces al dia,Entre 2 y 3 veces al dia,1 vez por semana,Entre 2 y 3 veces al dia,1,1,1,0,1,1,4
79849320,1 vez al dia,1 vez al dia,1 vez por semana,1 vez por semana,1 vez al dia,1,1,0,0,1,1,3
79852592,2 a 4 veces por semana,2 a 4 veces por semana,5 a 6 veces por semana,5 a 6 veces por semana,1 vez al dia,0,0,1,1,1,1,3
79866463,5 a 6 veces por semana,1 vez al dia,1 vez al dia,2 a 4 veces por semana,1 vez al dia,1,1,1,0,1,1,4
79867692,2 a 4 veces por semana,1 vez al dia,1 vez al dia,Nunca o menos de 1 vez al mes,1 vez al dia,0,1,1,0,1,1,3
79869556,Nunca o menos de 1 vez al mes,Nunca o menos de 1 vez al mes,Nunca o menos de 1 vez al mes,Nunca o menos de 1 vez al mes,Entre 4 y 5 veces al dia,0,0,0,0,1,1,1
79870951,1 vez por semana,1 vez al dia,1 vez por semana,Nunca o menos de 1 vez al mes,1 vez al dia,0,1,0,0,1,1,2
79870954,Nunca o menos de 1 vez al mes,2 a 4 veces por semana,1 vez al dia,2 a 4 veces por semana,Nunca o menos de 1 vez al mes,0,0,1,0,0,1,1
79870955,Entre 1 y 3 veces al mes,1 vez por semana,2 a 4 veces por semana,1 vez por semana,Nunca o menos de 1 vez al mes,0,0,0,0,0,0,0
79871220,Nunca o menos de 1 vez al mes,1 vez por semana,2 a 4 veces por semana,Nunca o menos de 1 vez al mes,2 a 4 veces por semana,0,0,0,0,0,0,0
79875099,1 vez por semana,5 a 6 veces por semana,Entre 2 y 3 veces al dia,Nunca o menos de 1 vez al mes,Entre 2 y 3 veces al dia,0,1,1,0,1,1,3
79885327,Nunca o menos de 1 vez al mes,1 vez al dia,2 a 4 veces por semana,Nunca o menos de 1 vez al mes,Entre 2 y 3 veces al dia,0,1,0,0,1,1,2
79903671,Nunca o menos de 1 vez al mes,Nunca o menos de 1 vez al mes,1 vez por semana,Nunca o menos de 1 vez al mes,Entre 1 y 3 veces al mes,0,0,0,0,0,0,0
79903755,2 a 4 veces por semana,Entre 1 y 3 veces al mes,Entre 1 y 3 veces al mes,Nunca o menos de 1 vez al mes,Entre 2 y 3 veces al dia,0,0,0,0,1,1,1
79903759,1 vez por semana,2 a 4 veces por semana,1 vez por semana,Nunca o menos de 1 vez al mes,Entre 2 y 3 veces al dia,0,0,0,0,1,1,1
79911112,2 a 4 veces por semana,Entre 1 y 3 veces al mes,2 a 4 veces por semana,Nunca o menos de 1 vez al mes,1 vez al dia,0,0,0,0,1,1,1
79913172,Entre 1 y 3 veces al mes,2 a 4 veces por semana,Nunca o menos de 1 vez al mes,Nunca o menos de 1 vez al mes,1 vez al dia,0,0,0,0,1,1,1
79913173,Entre 1 y 3 veces al mes,2 a 4 veces por semana,2 a 4 veces por semana,Nunca o menos de 1 vez al mes,2 a 4 veces por semana,0,0,0,0,0,0,0
79934119,Entre 1 y 3 veces al mes,2 a 4 veces por semana,1 vez al dia,Nunca o menos de 1 vez al mes,Entre 2 y 3 veces al dia,0,0,1,0,1,1,2
79935208,Nunca o menos de 1 vez al mes,Entre 1 y 3 veces al mes,Nunca o menos de 1 vez al mes,Nunca o menos de 1 vez al mes,1 vez al dia,0,0,0,0,1,1,1
79953368,Entre 1 y 3 veces al mes,Nunca o menos de 1 vez al mes,1 vez por semana,Entre 1 y 3 veces al mes,5 a 6 veces por semana,0,0,0,0,1,1,1
79954629,1 vez por semana,Nunca o menos de 1 vez al mes,Nunca o menos de 1 vez al mes,2 a 4 veces por semana,Nunca o menos de 1 vez al mes,0,0,0,0,0,0,0
79959830,Nunca o menos de 1 vez al mes,Nunca o menos de 1 vez al mes,2 a 4 veces por semana,Nunca o menos de 1 vez al mes,1 vez por semana,0,0,0,0,0,0,0
79967183,1 vez por semana,Entre 1 y 3 veces al mes,5 a 6 veces por semana,Nunca o menos de 1 vez al mes,2 a 4 veces por semana,0,0,1,0,0,1,1
79970317,2 a 4 veces por semana,Entre 4 y 5 veces al dia,2 a 4 veces por semana,Nunca o menos de 1 vez al mes,2 a 4 veces por semana,0,1,0,0,0,1,1
79971255,Nunca o menos de 1 vez al mes,2 a 4 veces por semana,1 vez al dia,Nunca o menos de 1 vez al mes,Entre 2 y 3 veces al dia,0,0,1,0,1,1,2
79971256,Nunca o menos de 1 vez al mes,1 vez al dia,1 vez al dia,Nunca o menos de 1 vez al mes,1 vez al dia,0,1,1,0,1,1,3
79971257,Entre 1 y 3 veces al mes,2 a 4 veces por semana,Nunca o menos de 1 vez al mes,Nunca o menos de 1 vez al mes,1 vez al dia,0,0,0,0,1,1,1
79974395,Nunca o menos de 1 vez al mes,Nunca o menos de 1 vez al mes,Nunca o menos de 1 vez al mes,Nunca o menos de 1 vez al mes,2 a 4 veces por semana,0,0,0,0,0,0,0
79975599,Nunca o menos de 1 vez al mes,1 vez al dia,Nunca o menos de 1 vez al mes,Nunca o menos de 1 vez al mes,Nunca o menos de 1 vez al mes,0,1,0,0,0,1,1
79975723,Nunca o menos de 1 vez al mes,1 vez al dia,1 vez al dia,Entre 1 y 3 veces al mes,1 vez por semana,0,1,1,0,0,1,2
79976283,Nunca o menos de 1 vez al mes,Entre 1 y 3 veces al mes,Nunca o menos de 1 vez al mes,Entre 1 y 3 veces al mes,Nunca o menos de 1 vez al mes,0,0,0,0,0,0,0
79976712,Entre 1 y 3 veces al mes,Nunca o menos de 1 vez al mes,2 a 4 veces por semana,Nunca o menos de 1 vez al mes,2 a 4 veces por semana,0,0,0,0,0,0,0
80004367,Nunca o menos de 1 vez al mes,2 a 4 veces por semana,2 a 4 veces por semana,Nunca o menos de 1 vez al mes,Entre 1 y 3 veces al mes,0,0,0,0,0,0,0
80007132,1 vez por semana,1 vez al dia,1 vez al dia,Nunca o menos de 1 vez al mes,Entre 2 y 3 veces al dia,0,1,1,0,1,1,3
80007139,2 a 4 veces por semana,2 a 4 veces por semana,1 vez al dia,Entre 1 y 3 veces al mes,Entre 4 y 5 veces al dia,0,0,1,0,1,1,2
80013495,5 a 6 veces por semana,Entre 2 y 3 veces al dia,1 vez por semana,2 a 4 veces por semana,Entre 2 y 3 veces al dia,1,1,0,0,1,1,3
80013496,2 a 4 veces por semana,Nunca o menos de 1 vez al mes,Nunca o menos de 1 vez al mes,Nunca o menos de 1 vez al mes,Entre 2 y 3 veces al dia,0,0,0,0,1,1,1
80014088,1 vez por semana,2 a 4 veces por semana,1 vez por semana,1 vez por semana,5 a 6 veces por semana,0,0,0,0,1,1,1
80014299,2 a 4 veces por semana,Entre 1 y 3 veces al mes,1 vez por semana,Nunca o menos de 1 vez al mes,1 vez por semana,0,0,0,0,0,0,0
80022857,Nunca o menos de 1 vez al mes,2 a 4 veces por semana,2 a 4 veces por semana,Nunca o menos de 1 vez al mes,5 a 6 veces por semana,0,0,0,0,1,1,1
80023346,1 vez al dia,2 a 4 veces por semana,1 vez al dia,Nunca o menos de 1 vez al mes,1 vez al dia,1,0,1,0,1,1,3
80023349,Nunca o menos de 1 vez al mes,1 vez al dia,1 vez por semana,Nunca o menos de 1 vez al mes,Entre 2 y 3 veces al dia,0,1,0,0,1,1,2
80025548,1 vez por semana,Entre 2 y 3 veces al dia,Entre 2 y 3 veces al dia,Nunca o menos de 1 vez al mes,Entre 1 y 3 veces al mes,0,1,1,0,0,1,2
80025752,Nunca o menos de 1 vez al mes,1 vez por semana,2 a 4 veces por semana,Nunca o menos de 1 vez al mes,2 a 4 veces por semana,0,0,0,0,0,0,0
80031539,2 a 4 veces por semana,2 a 4 veces por semana,1 vez al dia,2 a 4 veces por semana,Entre 4 y 5 veces al dia,0,0,1,0,1,1,2
80038213,1 vez por semana,5 a 6 veces por semana,2 a 4 veces por semana,Nunca o menos de 1 vez al mes,5 a 6 veces por semana,0,1,0,0,1,1,2
80041357,Entre 1 y 3 veces al mes,Entre 1 y 3 veces al mes,2 a 4 veces por semana,Nunca o menos de 1 vez al mes,2 a 4 veces por semana,0,0,0,0,0,0,0
80043186,Nunca o menos de 1 vez al mes,2 a 4 veces por semana,2 a 4 veces por semana,1 vez por semana,Entre 2 y 3 veces al dia,0,0,0,0,1,1,1
80045547,Entre 1 y 3 veces al mes,Entre 1 y 3 veces al mes,2 a 4 veces por semana,Nunca o menos de 1 vez al mes,2 a 4 veces por semana,0,0,0,0,0,0,0
80048681,2 a 4 veces por semana,Entre 4 y 5 veces al dia,Entre 4 y 5 veces al dia,Nunca o menos de 1 vez al mes,Entre 2 y 3 veces al dia,0,1,1,0,1,1,3
80048683,Nunca o menos de 1 vez al mes,1 vez al dia,1 vez al dia,Nunca o menos de 1 vez al mes,Entre 1 y 3 veces al mes,0,1,1,0,0,1,2
80048684,1 vez por semana,Nunca o menos de 1 vez al mes,Nunca o menos de 1 vez al mes,Nunca o menos de 1 vez al mes,1 vez por semana,0,0,0,0,0,0,0
80048685,1 vez por semana,Entre 1 y 3 veces al mes,1 vez por semana,1 vez por semana,1 vez por semana,0,0,0,0,0,0,0
80049247,Nunca o menos de 1 vez al mes,2 a 4 veces por semana,1 vez por semana,Nunca o menos de 1 vez al mes,1 vez por semana,0,0,0,0,0,0,0
80049248,Entre 1 y 3 veces al mes,1 vez por semana,1 vez al dia,Nunca o menos de 1 vez al mes,1 vez por semana,0,0,1,0,0,1,1
80051852,1 vez por semana,1 vez al dia,2 a 4 veces por semana,Entre 1 y 3 veces al mes,Entre 2 y 3 veces al dia,0,1,0,0,1,1,2
80052845,Nunca o menos de 1 vez al mes,1 vez al dia,1 vez por semana,Nunca o menos de 1 vez al mes,2 a 4 veces por semana,0,1,0,0,0,1,1
80059480,Entre 1 y 3 veces al mes,1 vez por semana,Entre 1 y 3 veces al mes,Nunca o menos de 1 vez al mes,Entre 2 y 3 veces al dia,0,0,0,0,1,1,1
80065624,Nunca o menos de 1 vez al mes,2 a 4 veces por semana,2 a 4 veces por semana,Nunca o menos de 1 vez al mes,Entre 2 y 3 veces al dia,0,0,0,0,1,1,1
80072396,Entre 1 y 3 veces al mes,2 a 4 veces por semana,1 vez al dia,2 a 4 veces por semana,1 vez al dia,0,0,1,0,1,1,2
80072673,Nunca o menos de 1 vez al mes,1 vez al dia,Nunca o menos de 1 vez al mes,Nunca o menos de 1 vez al mes,Entre 2 y 3 veces al dia,0,1,0,0,1,1,2
80074331,Entre 1 y 3 veces al mes,2 a 4 veces por semana,1 vez al dia,Nunca o menos de 1 vez al mes,6 veces o m?ís por d?¡a,0,0,1,0,0,1,1
80074334,Entre 1 y 3 veces al mes,2 a 4 veces por semana,Nunca o menos de 1 vez al mes,Nunca o menos de 1 vez al mes,2 a 4 veces por semana,0,0,0,0,0,0,0
80089373,Entre 1 y 3 veces al mes,Entre 1 y 3 veces al mes,1 vez por semana,Nunca o menos de 1 vez al mes,Nunca o menos de 1 vez al mes,0,0,0,0,0,0,0
80089375,Entre 1 y 3 veces al mes,2 a 4 veces por semana,1 vez por semana,Nunca o menos de 1 vez al mes,5 a 6 veces por semana,0,0,0,0,1,1,1
80115998,Entre 1 y 3 veces al mes,Nunca o menos de 1 vez al mes,1 vez al dia,Nunca o menos de 1 vez al mes,1 vez al dia,0,0,1,0,1,1,2
80118782,1 vez por semana,Entre 1 y 3 veces al mes,Entre 1 y 3 veces al mes,Nunca o menos de 1 vez al mes,Entre 1 y 3 veces al mes,0,0,0,0,0,0,0
80119710,2 a 4 veces por semana,2 a 4 veces por semana,Entre 2 y 3 veces al dia,2 a 4 veces por semana,2 a 4 veces por semana,0,0,1,0,0,1,1
80121606,1 vez por semana,5 a 6 veces por semana,2 a 4 veces por semana,1 vez por semana,5 a 6 veces por semana,0,1,0,0,1,1,2
80151267,2 a 4 veces por semana,1 vez al dia,1 vez al dia,Nunca o menos de 1 vez al mes,1 vez al dia,0,1,1,0,1,1,3
80151270,2 a 4 veces por semana,2 a 4 veces por semana,5 a 6 veces por semana,Nunca o menos de 1 vez al mes,5 a 6 veces por semana,0,0,1,0,1,1,2
80153072,2 a 4 veces por semana,2 a 4 veces por semana,1 vez por semana,Nunca o menos de 1 vez al mes,5 a 6 veces por semana,0,0,0,0,1,1,1
80154249,Nunca o menos de 1 vez al mes,2 a 4 veces por semana,5 a 6 veces por semana,Nunca o menos de 1 vez al mes,5 a 6 veces por semana,0,0,1,0,1,1,2
80159277,1 vez por semana,2 a 4 veces por semana,1 vez al dia,Nunca o menos de 1 vez al mes,Entre 2 y 3 veces al dia,0,0,1,0,1,1,2
80189212,5 a 6 veces por semana,Entre 2 y 3 veces al dia,1 vez al dia,Nunca o menos de 1 vez al mes,1 vez al dia,1,1,1,0,1,1,4
80204039,Entre 1 y 3 veces al mes,Entre 1 y 3 veces al mes,2 a 4 veces por semana,Nunca o menos de 1 vez al mes,1 vez por semana,0,0,0,0,0,0,0
80207093,Nunca o menos de 1 vez al mes,1 vez por semana,Entre 1 y 3 veces al mes,Nunca o menos de 1 vez al mes,1 vez por semana,0,0,0,0,0,0,0
80215734,2 a 4 veces por semana,1 vez por semana,2 a 4 veces por semana,Entre 1 y 3 veces al mes,1 vez por semana,0,0,0,0,0,0,0
80220506,2 a 4 veces por semana,2 a 4 veces por semana,5 a 6 veces por semana,1 vez por semana,2 a 4 veces por semana,0,0,1,0,0,1,1
80242848,1 vez por semana,2 a 4 veces por semana,5 a 6 veces por semana,Nunca o menos de 1 vez al mes,Entre 2 y 3 veces al dia,0,0,1,0,1,1,2
80243290,2 a 4 veces por semana,2 a 4 veces por semana,2 a 4 veces por semana,Nunca o menos de 1 vez al mes,1 vez al dia,0,0,0,0,1,1,1
80243297,1 vez por semana,1 vez por semana,1 vez por semana,Nunca o menos de 1 vez al mes,1 vez al dia,0,0,0,0,1,1,1
80245294,1 vez por semana,2 a 4 veces por semana,1 vez por semana,Nunca o menos de 1 vez al mes,5 a 6 veces por semana,0,0,0,0,1,1,1
80246472,1 vez por semana,1 vez por semana,Entre 1 y 3 veces al mes,Nunca o menos de 1 vez al mes,Entre 2 y 3 veces al dia,0,0,0,0,1,1,1
80246922,Nunca o menos de 1 vez al mes,1 vez al dia,1 vez por semana,2 a 4 veces por semana,Entre 2 y 3 veces al dia,0,1,0,0,1,1,2
80248925,Nunca o menos de 1 vez al mes,2 a 4 veces por semana,2 a 4 veces por semana,1 vez por semana,2 a 4 veces por semana,0,0,0,0,0,0,0
80266555,2 a 4 veces por semana,5 a 6 veces por semana,2 a 4 veces por semana,Nunca o menos de 1 vez al mes,2 a 4 veces por semana,0,1,0,0,0,1,1
80266559,2 a 4 veces por semana,2 a 4 veces por semana,Entre 1 y 3 veces al mes,Nunca o menos de 1 vez al mes,1 vez por semana,0,0,0,0,0,0,0
80268332,Nunca o menos de 1 vez al mes,1 vez por semana,1 vez por semana,Nunca o menos de 1 vez al mes,1 vez al dia,0,0,0,0,1,1,1
80268334,Entre 1 y 3 veces al mes,Nunca o menos de 1 vez al mes,1 vez por semana,Nunca o menos de 1 vez al mes,1 vez al dia,0,0,0,0,1,1,1
80274973,Entre 1 y 3 veces al mes,1 vez al dia,Entre 1 y 3 veces al mes,Nunca o menos de 1 vez al mes,1 vez al dia,0,1,0,0,1,1,2
80277326,2 a 4 veces por semana,1 vez al dia,Entre 1 y 3 veces al mes,Entre 1 y 3 veces al mes,Entre 2 y 3 veces al dia,0,1,0,0,1,1,2
80278914,Entre 1 y 3 veces al mes,Nunca o menos de 1 vez al mes,Entre 2 y 3 veces al dia,Entre 1 y 3 veces al mes,1 vez al dia,0,0,1,0,1,1,2
80285413,2 a 4 veces por semana,5 a 6 veces por semana,Nunca o menos de 1 vez al mes,2 a 4 veces por semana,5 a 6 veces por semana,0,1,0,0,1,1,2
80289958,2 a 4 veces por semana,2 a 4 veces por semana,Nunca o menos de 1 vez al mes,Nunca o menos de 1 vez al mes,1 vez al dia,0,0,0,0,1,1,1
80302175,Entre 1 y 3 veces al mes,1 vez por semana,1 vez por semana,Entre 1 y 3 veces al mes,Nunca o menos de 1 vez al mes,0,0,0,0,0,0,0
80302176,Nunca o menos de 1 vez al mes,2 a 4 veces por semana,Nunca o menos de 1 vez al mes,Entre 1 y 3 veces al mes,1 vez al dia,0,0,0,0,1,1,1
80303335,2 a 4 veces por semana,1 vez al dia,1 vez por semana,Nunca o menos de 1 vez al mes,1 vez por semana,0,1,0,0,0,1,1
80303337,2 a 4 veces por semana,1 vez por semana,1 vez por semana,Nunca o menos de 1 vez al mes,Entre 2 y 3 veces al dia,0,0,0,0,1,1,1
80304430,1 vez por semana,1 vez por semana,1 vez al dia,Nunca o menos de 1 vez al mes,2 a 4 veces por semana,0,0,1,0,0,1,1
80311131,Nunca o menos de 1 vez al mes,5 a 6 veces por semana,2 a 4 veces por semana,1 vez por semana,Entre 2 y 3 veces al dia,0,1,0,0,1,1,2
80311619,2 a 4 veces por semana,2 a 4 veces por semana,2 a 4 veces por semana,Nunca o menos de 1 vez al mes,Entre 4 y 5 veces al dia,0,0,0,0,1,1,1
80312123,Nunca o menos de 1 vez al mes,2 a 4 veces por semana,Nunca o menos de 1 vez al mes,Nunca o menos de 1 vez al mes,Nunca o menos de 1 vez al mes,0,0,0,0,0,0,0
80312125,Nunca o menos de 1 vez al mes,1 vez al dia,Nunca o menos de 1 vez al mes,Nunca o menos de 1 vez al mes,1 vez por semana,0,1,0,0,0,1,1
80315582,Entre 1 y 3 veces al mes,1 vez al dia,1 vez al dia,Nunca o menos de 1 vez al mes,2 a 4 veces por semana,0,1,1,0,0,1,2
80322520,1 vez por semana,1 vez por semana,1 vez por semana,Entre 1 y 3 veces al mes,1 vez por semana,0,0,0,0,0,0,0
80322772,1 vez por semana,1 vez por semana,5 a 6 veces por semana,Nunca o menos de 1 vez al mes,1 vez por semana,0,0,1,0,0,1,1
80322776,2 a 4 veces por semana,2 a 4 veces por semana,2 a 4 veces por semana,Nunca o menos de 1 vez al mes,Nunca o menos de 1 vez al mes,0,0,0,0,0,0,0
80325977,Entre 1 y 3 veces al mes,Entre 1 y 3 veces al mes,1 vez por semana,2 a 4 veces por semana,1 vez al dia,0,0,0,0,1,1,1
80330750,Nunca o menos de 1 vez al mes,Nunca o menos de 1 vez al mes,2 a 4 veces por semana,Nunca o menos de 1 vez al mes,Entre 2 y 3 veces al dia,0,0,0,0,1,1,1
80337243,Entre 1 y 3 veces al mes,2 a 4 veces por semana,2 a 4 veces por semana,1 vez por semana,Entre 2 y 3 veces al dia,0,0,0,0,1,1,1
80337760,1 vez al dia,1 vez al dia,2 a 4 veces por semana,Nunca o menos de 1 vez al mes,2 a 4 veces por semana,1,1,0,0,0,1,2
80337984,1 vez por semana,1 vez por semana,2 a 4 veces por semana,Nunca o menos de 1 vez al mes,2 a 4 veces por semana,0,0,0,0,0,0,0
80347951,1 vez por semana,1 vez al dia,Nunca o menos de 1 vez al mes,Nunca o menos de 1 vez al mes,Entre 2 y 3 veces al dia,0,1,0,0,1,1,2
80362713,Nunca o menos de 1 vez al mes,1 vez por semana,1 vez al dia,Nunca o menos de 1 vez al mes,1 vez por semana,0,0,1,0,0,1,1
80367105,2 a 4 veces por semana,1 vez por semana,1 vez por semana,Nunca o menos de 1 vez al mes,2 a 4 veces por semana,0,0,0,0,0,0,0
80371684,2 a 4 veces por semana,5 a 6 veces por semana,5 a 6 veces por semana,Nunca o menos de 1 vez al mes,Entre 2 y 3 veces al dia,0,1,1,0,1,1,3
80373239,1 vez por semana,Nunca o menos de 1 vez al mes,Nunca o menos de 1 vez al mes,Nunca o menos de 1 vez al mes,1 vez al dia,0,0,0,0,1,1,1
80386100,Entre 1 y 3 veces al mes,5 a 6 veces por semana,5 a 6 veces por semana,Nunca o menos de 1 vez al mes,1 vez por semana,0,1,1,0,0,1,2
80386957,Nunca o menos de 1 vez al mes,2 a 4 veces por semana,Entre 1 y 3 veces al mes,1 vez por semana,5 a 6 veces por semana,0,0,0,0,1,1,1
80389133,1 vez por semana,Nunca o menos de 1 vez al mes,Nunca o menos de 1 vez al mes,Nunca o menos de 1 vez al mes,Entre 2 y 3 veces al dia,0,0,0,0,1,1,1
80389540,2 a 4 veces por semana,1 vez al dia,2 a 4 veces por semana,Nunca o menos de 1 vez al mes,Entre 2 y 3 veces al dia,0,1,0,0,1,1,2
80390119,1 vez por semana,1 vez por semana,1 vez por semana,Nunca o menos de 1 vez al mes,Entre 2 y 3 veces al dia,0,0,0,0,1,1,1
80405760,2 a 4 veces por semana,1 vez por semana,1 vez por semana,Nunca o menos de 1 vez al mes,1 vez al dia,0,0,0,0,1,1,1
80412529,2 a 4 veces por semana,2 a 4 veces por semana,1 vez por semana,1 vez por semana,1 vez por semana,0,0,0,0,0,0,0
80412530,2 a 4 veces por semana,Entre 2 y 3 veces al dia,2 a 4 veces por semana,Entre 1 y 3 veces al mes,Entre 1 y 3 veces al mes,0,1,0,0,0,1,1
80415216,2 a 4 veces por semana,5 a 6 veces por semana,1 vez por semana,Nunca o menos de 1 vez al mes,5 a 6 veces por semana,0,1,0,0,1,1,2
80415223,Nunca o menos de 1 vez al mes,5 a 6 veces por semana,1 vez al dia,Nunca o menos de 1 vez al mes,1 vez al dia,0,1,1,0,1,1,3
80427615,Nunca o menos de 1 vez al mes,1 vez por semana,1 vez por semana,Nunca o menos de 1 vez al mes,2 a 4 veces por semana,0,0,0,0,0,0,0
80428196,1 vez por semana,2 a 4 veces por semana,2 a 4 veces por semana,Nunca o menos de 1 vez al mes,Entre 2 y 3 veces al dia,0,0,0,0,1,1,1
80428672,1 vez por semana,1 vez al dia,1 vez al dia,Nunca o menos de 1 vez al mes,1 vez al dia,0,1,1,0,1,1,3
80428673,Nunca o menos de 1 vez al mes,2 a 4 veces por semana,1 vez al dia,1 vez por semana,2 a 4 veces por semana,0,0,1,0,0,1,1
80428674,Nunca o menos de 1 vez al mes,Nunca o menos de 1 vez al mes,Nunca o menos de 1 vez al mes,1 vez por semana,Nunca o menos de 1 vez al mes,0,0,0,0,0,0,0
80428957,1 vez por semana,1 vez por semana,1 vez por semana,Nunca o menos de 1 vez al mes,1 vez por semana,0,0,0,0,0,0,0
80442907,2 a 4 veces por semana,5 a 6 veces por semana,2 a 4 veces por semana,Nunca o menos de 1 vez al mes,2 a 4 veces por semana,0,1,0,0,0,1,1
80442910,Nunca o menos de 1 vez al mes,Entre 1 y 3 veces al mes,1 vez por semana,Entre 1 y 3 veces al mes,2 a 4 veces por semana,0,0,0,0,0,0,0
80442914,1 vez por semana,2 a 4 veces por semana,1 vez por semana,2 a 4 veces por semana,1 vez al dia,0,0,0,0,1,1,1
80445629,1 vez por semana,1 vez por semana,1 vez por semana,Nunca o menos de 1 vez al mes,2 a 4 veces por semana,0,0,0,0,0,0,0
80449202,1 vez por semana,1 vez por semana,1 vez al dia,Nunca o menos de 1 vez al mes,1 vez por semana,0,0,1,0,0,1,1
80456535,1 vez por semana,Entre 1 y 3 veces al mes,2 a 4 veces por semana,Nunca o menos de 1 vez al mes,5 a 6 veces por semana,0,0,0,0,1,1,1
80481164,1 vez por semana,2 a 4 veces por semana,2 a 4 veces por semana,Nunca o menos de 1 vez al mes,5 a 6 veces por semana,0,0,0,0,1,1,1
80498123,1 vez al dia,5 a 6 veces por semana,2 a 4 veces por semana,Nunca o menos de 1 vez al mes,1 vez por semana,1,1,0,0,0,1,2
80502327,Nunca o menos de 1 vez al mes,2 a 4 veces por semana,2 a 4 veces por semana,Nunca o menos de 1 vez al mes,2 a 4 veces por semana,0,0,0,0,0,0,0
80502328,Entre 1 y 3 veces al mes,2 a 4 veces por semana,2 a 4 veces por semana,Nunca o menos de 1 vez al mes,2 a 4 veces por semana,0,0,0,0,0,0,0
80503382,Entre 2 y 3 veces al dia,Entre 4 y 5 veces al dia,Entre 2 y 3 veces al dia,Nunca o menos de 1 vez al mes,1 vez por semana,1,1,1,0,0,1,3
80503384,1 vez al dia,Entre 4 y 5 veces al dia,1 vez al dia,Nunca o menos de 1 vez al mes,Entre 4 y 5 veces al dia,1,1,1,0,1,1,4
80504159,Entre 1 y 3 veces al mes,Nunca o menos de 1 vez al mes,Nunca o menos de 1 vez al mes,Nunca o menos de 1 vez al mes,Nunca o menos de 1 vez al mes,0,0,0,0,0,0,0
80505298,Nunca o menos de 1 vez al mes,Nunca o menos de 1 vez al mes,Nunca o menos de 1 vez al mes,Nunca o menos de 1 vez al mes,Nunca o menos de 1 vez al mes,0,0,0,0,0,0,0
80505299,Nunca o menos de 1 vez al mes,2 a 4 veces por semana,Nunca o menos de 1 vez al mes,Nunca o menos de 1 vez al mes,2 a 4 veces por semana,0,0,0,0,0,0,0
80505949,1 vez por semana,1 vez por semana,1 vez por semana,Nunca o menos de 1 vez al mes,1 vez por semana,0,0,0,0,0,0,0
80506674,1 vez por semana,1 vez al dia,1 vez al dia,Nunca o menos de 1 vez al mes,Entre 2 y 3 veces al dia,0,1,1,0,1,1,3
80507986,Entre 1 y 3 veces al mes,Nunca o menos de 1 vez al mes,Nunca o menos de 1 vez al mes,Nunca o menos de 1 vez al mes,1 vez al dia,0,0,0,0,1,1,1
80507989,1 vez por semana,1 vez al dia,2 a 4 veces por semana,Nunca o menos de 1 vez al mes,1 vez al dia,0,1,0,0,1,1,2
80511956,2 a 4 veces por semana,2 a 4 veces por semana,1 vez por semana,Nunca o menos de 1 vez al mes,1 vez por semana,0,0,0,0,0,0,0
80514607,1 vez al dia,1 vez al dia,1 vez al dia,Nunca o menos de 1 vez al mes,1 vez al dia,1,1,1,0,1,1,4
80514610,2 a 4 veces por semana,Nunca o menos de 1 vez al mes,Nunca o menos de 1 vez al mes,Nunca o menos de 1 vez al mes,Entre 2 y 3 veces al dia,0,0,0,0,1,1,1
80515364,2 a 4 veces por semana,2 a 4 veces por semana,1 vez al dia,Nunca o menos de 1 vez al mes,Entre 2 y 3 veces al dia,0,0,1,0,1,1,2
80515366,1 vez al dia,1 vez al dia,1 vez por semana,Entre 1 y 3 veces al mes,1 vez al dia,1,1,0,0,1,1,3
80520346,1 vez por semana,Entre 1 y 3 veces al mes,5 a 6 veces por semana,Nunca o menos de 1 vez al mes,1 vez al dia,0,0,1,0,1,1,2
80520347,2 a 4 veces por semana,1 vez al dia,5 a 6 veces por semana,2 a 4 veces por semana,1 vez al dia,0,1,1,0,1,1,3
80531017,Nunca o menos de 1 vez al mes,1 vez por semana,Entre 1 y 3 veces al mes,Nunca o menos de 1 vez al mes,2 a 4 veces por semana,0,0,0,0,0,0,0
80531019,1 vez por semana,2 a 4 veces por semana,2 a 4 veces por semana,Nunca o menos de 1 vez al mes,2 a 4 veces por semana,0,0,0,0,0,0,0
80531020,2 a 4 veces por semana,1 vez por semana,1 vez por semana,Nunca o menos de 1 vez al mes,2 a 4 veces por semana,0,0,0,0,0,0,0
80531022,2 a 4 veces por semana,2 a 4 veces por semana,Entre 1 y 3 veces al mes,Nunca o menos de 1 vez al mes,2 a 4 veces por semana,0,0,0,0,0,0,0
80536077,1 vez por semana,Nunca o menos de 1 vez al mes,2 a 4 veces por semana,2 a 4 veces por semana,5 a 6 veces por semana,0,0,0,0,1,1,1
80537792,Nunca o menos de 1 vez al mes,1 vez por semana,1 vez al dia,Nunca o menos de 1 vez al mes,1 vez por semana,0,0,1,0,0,1,1
80554551,Nunca o menos de 1 vez al mes,5 a 6 veces por semana,Entre 2 y 3 veces al dia,Nunca o menos de 1 vez al mes,Nunca o menos de 1 vez al mes,0,1,1,0,0,1,2
80554554,1 vez por semana,1 vez al dia,Nunca o menos de 1 vez al mes,Nunca o menos de 1 vez al mes,Nunca o menos de 1 vez al mes,0,1,0,0,0,1,1
80555784,1 vez por semana,Entre 1 y 3 veces al mes,Entre 1 y 3 veces al mes,Nunca o menos de 1 vez al mes,1 vez al dia,0,0,0,0,1,1,1
80581320,2 a 4 veces por semana,2 a 4 veces por semana,2 a 4 veces por semana,Nunca o menos de 1 vez al mes,1 vez al dia,0,0,0,0,1,1,1
80584081,2 a 4 veces por semana,Nunca o menos de 1 vez al mes,Nunca o menos de 1 vez al mes,Nunca o menos de 1 vez al mes,1 vez al dia,0,0,0,0,1,1,1
80587214,1 vez por semana,5 a 6 veces por semana,5 a 6 veces por semana,Nunca o menos de 1 vez al mes,5 a 6 veces por semana,0,1,1,0,1,1,3
80587225,Nunca o menos de 1 vez al mes,Entre 1 y 3 veces al mes,Entre 2 y 3 veces al dia,Nunca o menos de 1 vez al mes,Entre 2 y 3 veces al dia,0,0,1,0,1,1,2
80589550,2 a 4 veces por semana,2 a 4 veces por semana,2 a 4 veces por semana,2 a 4 veces por semana,2 a 4 veces por semana,0,0,0,0,0,0,0
80590291,Nunca o menos de 1 vez al mes,Nunca o menos de 1 vez al mes,Nunca o menos de 1 vez al mes,Nunca o menos de 1 vez al mes,5 a 6 veces por semana,0,0,0,0,1,1,1
80590620,1 vez por semana,1 vez por semana,1 vez al dia,Nunca o menos de 1 vez al mes,2 a 4 veces por semana,0,0,1,0,0,1,1
80592588,2 a 4 veces por semana,2 a 4 veces por semana,Nunca o menos de 1 vez al mes,Nunca o menos de 1 vez al mes,Entre 2 y 3 veces al dia,0,0,0,0,1,1,1
80592590,2 a 4 veces por semana,Entre 2 y 3 veces al dia,Entre 2 y 3 veces al dia,Nunca o menos de 1 vez al mes,Entre 2 y 3 veces al dia,0,1,1,0,1,1,3
80597889,Nunca o menos de 1 vez al mes,1 vez por semana,Nunca o menos de 1 vez al mes,Entre 1 y 3 veces al mes,Entre 2 y 3 veces al dia,0,0,0,0,1,1,1
80599933,Entre 1 y 3 veces al mes,Nunca o menos de 1 vez al mes,Entre 1 y 3 veces al mes,Nunca o menos de 1 vez al mes,1 vez por semana,0,0,0,0,0,0,0
80605959,Nunca o menos de 1 vez al mes,2 a 4 veces por semana,2 a 4 veces por semana,Nunca o menos de 1 vez al mes,2 a 4 veces por semana,0,0,0,0,0,0,0
80605960,2 a 4 veces por semana,Nunca o menos de 1 vez al mes,2 a 4 veces por semana,Nunca o menos de 1 vez al mes,2 a 4 veces por semana,0,0,0,0,0,0,0
80605967,Entre 1 y 3 veces al mes,2 a 4 veces por semana,2 a 4 veces por semana,Entre 1 y 3 veces al mes,Entre 2 y 3 veces al dia,0,0,0,0,1,1,1
80609354,Entre 2 y 3 veces al dia,2 a 4 veces por semana,Nunca o menos de 1 vez al mes,Nunca o menos de 1 vez al mes,2 a 4 veces por semana,1,0,0,0,0,1,1
80612639,Nunca o menos de 1 vez al mes,1 vez al dia,2 a 4 veces por semana,Nunca o menos de 1 vez al mes,Entre 2 y 3 veces al dia,0,1,0,0,1,1,2
80618862,Entre 1 y 3 veces al mes,Nunca o menos de 1 vez al mes,1 vez al dia,Nunca o menos de 1 vez al mes,Entre 2 y 3 veces al dia,0,0,1,0,1,1,2
80629331,1 vez por semana,1 vez al dia,1 vez al dia,Nunca o menos de 1 vez al mes,Entre 2 y 3 veces al dia,0,1,1,0,1,1,3
80633120,Entre 1 y 3 veces al mes,2 a 4 veces por semana,5 a 6 veces por semana,Entre 1 y 3 veces al mes,Nunca o menos de 1 vez al mes,0,0,1,0,0,1,1
80633122,Nunca o menos de 1 vez al mes,5 a 6 veces por semana,5 a 6 veces por semana,Entre 1 y 3 veces al mes,2 a 4 veces por semana,0,1,1,0,0,1,2
80634942,Entre 1 y 3 veces al mes,2 a 4 veces por semana,2 a 4 veces por semana,1 vez por semana,Entre 2 y 3 veces al dia,0,0,0,0,1,1,1
80638118,Entre 1 y 3 veces al mes,1 vez por semana,1 vez por semana,Nunca o menos de 1 vez al mes,Nunca o menos de 1 vez al mes,0,0,0,0,0,0,0
80642772,Nunca o menos de 1 vez al mes,Entre 1 y 3 veces al mes,1 vez por semana,Nunca o menos de 1 vez al mes,5 a 6 veces por semana,0,0,0,0,1,1,1
80659608,2 a 4 veces por semana,Nunca o menos de 1 vez al mes,1 vez por semana,Nunca o menos de 1 vez al mes,1 vez al dia,0,0,0,0,1,1,1
80663740,Entre 1 y 3 veces al mes,2 a 4 veces por semana,Entre 1 y 3 veces al mes,Nunca o menos de 1 vez al mes,1 vez al dia,0,0,0,0,1,1,1
80664588,Entre 1 y 3 veces al mes,2 a 4 veces por semana,5 a 6 veces por semana,Nunca o menos de 1 vez al mes,2 a 4 veces por semana,0,0,1,0,0,1,1
80667915,Nunca o menos de 1 vez al mes,Nunca o menos de 1 vez al mes,2 a 4 veces por semana,Nunca o menos de 1 vez al mes,Entre 2 y 3 veces al dia,0,0,0,0,1,1,1
80674492,1 vez al dia,2 a 4 veces por semana,1 vez al dia,Nunca o menos de 1 vez al mes,2 a 4 veces por semana,1,0,1,0,0,1,2
80674493,Entre 1 y 3 veces al mes,Entre 2 y 3 veces al dia,1 vez al dia,Nunca o menos de 1 vez al mes,1 vez por semana,0,1,1,0,0,1,2
80675185,Nunca o menos de 1 vez al mes,2 a 4 veces por semana,Entre 1 y 3 veces al mes,Nunca o menos de 1 vez al mes,2 a 4 veces por semana,0,0,0,0,0,0,0
80679049,2 a 4 veces por semana,5 a 6 veces por semana,Entre 1 y 3 veces al mes,Nunca o menos de 1 vez al mes,2 a 4 veces por semana,0,1,0,0,0,1,1
80679974,1 vez por semana,Nunca o menos de 1 vez al mes,Entre 2 y 3 veces al dia,Nunca o menos de 1 vez al mes,2 a 4 veces por semana,0,0,1,0,0,1,1
80679976,Nunca o menos de 1 vez al mes,Nunca o menos de 1 vez al mes,Entre 2 y 3 veces al dia,Nunca o menos de 1 vez al mes,1 vez al dia,0,0,1,0,1,1,2
80686644,1 vez por semana,1 vez al dia,2 a 4 veces por semana,2 a 4 veces por semana,5 a 6 veces por semana,0,1,0,0,1,1,2
80687769,1 vez por semana,2 a 4 veces por semana,Entre 1 y 3 veces al mes,Nunca o menos de 1 vez al mes,Entre 2 y 3 veces al dia,0,0,0,0,1,1,1
80724218,5 a 6 veces por semana,Entre 1 y 3 veces al mes,1 vez por semana,Nunca o menos de 1 vez al mes,Entre 1 y 3 veces al mes,1,0,0,0,0,1,1
80734490,2 a 4 veces por semana,2 a 4 veces por semana,Entre 2 y 3 veces al dia,Nunca o menos de 1 vez al mes,1 vez al dia,0,0,1,0,1,1,2
80750165,Entre 1 y 3 veces al mes,Entre 1 y 3 veces al mes,5 a 6 veces por semana,Nunca o menos de 1 vez al mes,Entre 2 y 3 veces al dia,0,0,1,0,1,1,2
80750167,1 vez por semana,Nunca o menos de 1 vez al mes,5 a 6 veces por semana,Nunca o menos de 1 vez al mes,Entre 4 y 5 veces al dia,0,0,1,0,1,1,2
80750168,Nunca o menos de 1 vez al mes,1 vez por semana,Entre 2 y 3 veces al dia,Nunca o menos de 1 vez al mes,Entre 2 y 3 veces al dia,0,0,1,0,1,1,2
80751067,1 vez al dia,1 vez al dia,1 vez al dia,Nunca o menos de 1 vez al mes,5 a 6 veces por semana,1,1,1,0,1,1,4
80752222,Nunca o menos de 1 vez al mes,Nunca o menos de 1 vez al mes,2 a 4 veces por semana,Entre 1 y 3 veces al mes,Entre 2 y 3 veces al dia,0,0,0,0,1,1,1
80752226,2 a 4 veces por semana,2 a 4 veces por semana,1 vez por semana,Nunca o menos de 1 vez al mes,Entre 2 y 3 veces al dia,0,0,0,0,1,1,1
80752355,Nunca o menos de 1 vez al mes,1 vez por semana,Entre 1 y 3 veces al mes,Entre 1 y 3 veces al mes,5 a 6 veces por semana,0,0,0,0,1,1,1
80762075,Entre 1 y 3 veces al mes,Entre 1 y 3 veces al mes,1 vez por semana,Nunca o menos de 1 vez al mes,1 vez por semana,0,0,0,0,0,0,0
80796119,1 vez por semana,1 vez al dia,2 a 4 veces por semana,Nunca o menos de 1 vez al mes,2 a 4 veces por semana,0,1,0,0,0,1,1
80797456,2 a 4 veces por semana,2 a 4 veces por semana,2 a 4 veces por semana,Nunca o menos de 1 vez al mes,Entre 2 y 3 veces al dia,0,0,0,0,1,1,1
80805562,1 vez por semana,Nunca o menos de 1 vez al mes,1 vez al dia,1 vez por semana,Entre 2 y 3 veces al dia,0,0,1,0,1,1,2
80812763,Nunca o menos de 1 vez al mes,1 vez por semana,1 vez por semana,Nunca o menos de 1 vez al mes,2 a 4 veces por semana,0,0,0,0,0,0,0
80821801,1 vez por semana,1 vez por semana,1 vez al dia,Nunca o menos de 1 vez al mes,1 vez al dia,0,0,1,0,1,1,2
80821803,Entre 1 y 3 veces al mes,Nunca o menos de 1 vez al mes,5 a 6 veces por semana,Nunca o menos de 1 vez al mes,Entre 1 y 3 veces al mes,0,0,1,0,0,1,1
80823301,1 vez por semana,1 vez al dia,2 a 4 veces por semana,Nunca o menos de 1 vez al mes,1 vez por semana,0,1,0,0,0,1,1
80823302,Entre 1 y 3 veces al mes,1 vez al dia,1 vez al dia,Nunca o menos de 1 vez al mes,Nunca o menos de 1 vez al mes,0,1,1,0,0,1,2
80823307,1 vez por semana,1 vez por semana,1 vez por semana,Nunca o menos de 1 vez al mes,Entre 2 y 3 veces al dia,0,0,0,0,1,1,1
80823309,2 a 4 veces por semana,2 a 4 veces por semana,1 vez al dia,Nunca o menos de 1 vez al mes,Entre 2 y 3 veces al dia,0,0,1,0,1,1,2
80829269,1 vez por semana,1 vez por semana,Nunca o menos de 1 vez al mes,Nunca o menos de 1 vez al mes,1 vez por semana,0,0,0,0,0,0,0
80841555,Nunca o menos de 1 vez al mes,1 vez por semana,2 a 4 veces por semana,Nunca o menos de 1 vez al mes,1 vez por semana,0,0,0,0,0,0,0
80841619,1 vez al dia,2 a 4 veces por semana,Entre 2 y 3 veces al dia,Nunca o menos de 1 vez al mes,1 vez al dia,1,0,1,0,1,1,3
80843543,1 vez al dia,1 vez por semana,1 vez al dia,1 vez por semana,Entre 2 y 3 veces al dia,1,0,1,0,1,1,3
80845746,Entre 1 y 3 veces al mes,Entre 2 y 3 veces al dia,1 vez al dia,Entre 1 y 3 veces al mes,5 a 6 veces por semana,0,1,1,0,1,1,3
80852211,2 a 4 veces por semana,1 vez al dia,1 vez al dia,Nunca o menos de 1 vez al mes,Entre 2 y 3 veces al dia,0,1,1,0,1,1,3
80858992,1 vez por semana,1 vez por semana,Entre 1 y 3 veces al mes,Nunca o menos de 1 vez al mes,1 vez por semana,0,0,0,0,0,0,0
80861895,Entre 1 y 3 veces al mes,2 a 4 veces por semana,Entre 1 y 3 veces al mes,Nunca o menos de 1 vez al mes,Entre 2 y 3 veces al dia,0,0,0,0,1,1,1
80861932,1 vez por semana,2 a 4 veces por semana,2 a 4 veces por semana,Nunca o menos de 1 vez al mes,Entre 2 y 3 veces al dia,0,0,0,0,1,1,1
80872821,Nunca o menos de 1 vez al mes,2 a 4 veces por semana,Entre 2 y 3 veces al dia,Nunca o menos de 1 vez al mes,Entre 4 y 5 veces al dia,0,0,1,0,1,1,2
80874396,1 vez por semana,1 vez por semana,1 vez por semana,Nunca o menos de 1 vez al mes,Entre 2 y 3 veces al dia,0,0,0,0,1,1,1
80876555,1 vez al dia,1 vez al dia,Nunca o menos de 1 vez al mes,Nunca o menos de 1 vez al mes,1 vez al dia,1,1,0,0,1,1,3
80876556,Nunca o menos de 1 vez al mes,1 vez por semana,Nunca o menos de 1 vez al mes,Nunca o menos de 1 vez al mes,2 a 4 veces por semana,0,0,0,0,0,0,0
80880697,2 a 4 veces por semana,2 a 4 veces por semana,2 a 4 veces por semana,Entre 1 y 3 veces al mes,Entre 2 y 3 veces al dia,0,0,0,0,1,1,1
80897753,Nunca o menos de 1 vez al mes,2 a 4 veces por semana,2 a 4 veces por semana,Nunca o menos de 1 vez al mes,Entre 2 y 3 veces al dia,0,0,0,0,1,1,1
80901204,2 a 4 veces por semana,1 vez al dia,2 a 4 veces por semana,Nunca o menos de 1 vez al mes,1 vez al dia,0,1,0,0,1,1,2
80901205,2 a 4 veces por semana,5 a 6 veces por semana,2 a 4 veces por semana,Nunca o menos de 1 vez al mes,2 a 4 veces por semana,0,1,0,0,0,1,1
80901206,Nunca o menos de 1 vez al mes,1 vez al dia,Nunca o menos de 1 vez al mes,Nunca o menos de 1 vez al mes,Entre 2 y 3 veces al dia,0,1,0,0,1,1,2
80906961,2 a 4 veces por semana,Nunca o menos de 1 vez al mes,1 vez al dia,Entre 1 y 3 veces al mes,Nunca o menos de 1 vez al mes,0,0,1,0,0,1,1
80908585,5 a 6 veces por semana,2 a 4 veces por semana,2 a 4 veces por semana,Nunca o menos de 1 vez al mes,5 a 6 veces por semana,1,0,0,0,1,1,2
80910890,1 vez por semana,1 vez por semana,1 vez por semana,Entre 1 y 3 veces al mes,1 vez al dia,0,0,0,0,1,1,1
80916055,1 vez por semana,Entre 1 y 3 veces al mes,1 vez por semana,Nunca o menos de 1 vez al mes,6 veces o m?ís por d?¡a,0,0,0,0,0,0,0
80921961,2 a 4 veces por semana,Nunca o menos de 1 vez al mes,Nunca o menos de 1 vez al mes,Nunca o menos de 1 vez al mes,1 vez al dia,0,0,0,0,1,1,1
80930577,1 vez por semana,2 a 4 veces por semana,1 vez al dia,Entre 1 y 3 veces al mes,Entre 1 y 3 veces al mes,0,0,1,0,0,1,1
80930580,Entre 1 y 3 veces al mes,1 vez por semana,1 vez al dia,Entre 1 y 3 veces al mes,1 vez al dia,0,0,1,0,1,1,2
80935569,1 vez al dia,2 a 4 veces por semana,Entre 1 y 3 veces al mes,Entre 1 y 3 veces al mes,1 vez al dia,1,0,0,0,1,1,2
80938330,2 a 4 veces por semana,2 a 4 veces por semana,2 a 4 veces por semana,Nunca o menos de 1 vez al mes,Entre 2 y 3 veces al dia,0,0,0,0,1,1,1
80940169,Nunca o menos de 1 vez al mes,Nunca o menos de 1 vez al mes,Nunca o menos de 1 vez al mes,2 a 4 veces por semana,1 vez al dia,0,0,0,0,1,1,1
80944172,Entre 1 y 3 veces al mes,Entre 1 y 3 veces al mes,1 vez al dia,Nunca o menos de 1 vez al mes,1 vez por semana,0,0,1,0,0,1,1
80949065,Nunca o menos de 1 vez al mes,1 vez al dia,1 vez al dia,Nunca o menos de 1 vez al mes,1 vez al dia,0,1,1,0,1,1,3
80949197,Nunca o menos de 1 vez al mes,Nunca o menos de 1 vez al mes,2 a 4 veces por semana,Nunca o menos de 1 vez al mes,1 vez por semana,0,0,0,0,0,0,0
80949200,1 vez por semana,1 vez por semana,1 vez por semana,Nunca o menos de 1 vez al mes,1 vez al dia,0,0,0,0,1,1,1
80979973,Nunca o menos de 1 vez al mes,1 vez por semana,1 vez al dia,Entre 1 y 3 veces al mes,2 a 4 veces por semana,0,0,1,0,0,1,1
80980672,Entre 1 y 3 veces al mes,2 a 4 veces por semana,1 vez al dia,1 vez por semana,Entre 1 y 3 veces al mes,0,0,1,0,0,1,1
80983795,Entre 1 y 3 veces al mes,2 a 4 veces por semana,1 vez por semana,1 vez por semana,2 a 4 veces por semana,0,0,0,0,0,0,0
80988680,1 vez por semana,2 a 4 veces por semana,1 vez al dia,Nunca o menos de 1 vez al mes,Entre 4 y 5 veces al dia,0,0,1,0,1,1,2
80990426,2 a 4 veces por semana,Entre 1 y 3 veces al mes,2 a 4 veces por semana,Nunca o menos de 1 vez al mes,Entre 2 y 3 veces al dia,0,0,0,0,1,1,1
80991001,Entre 1 y 3 veces al mes,Entre 1 y 3 veces al mes,Entre 1 y 3 veces al mes,Nunca o menos de 1 vez al mes,1 vez al dia,0,0,0,0,1,1,1
80991797,Entre 1 y 3 veces al mes,1 vez por semana,1 vez al dia,Nunca o menos de 1 vez al mes,Entre 1 y 3 veces al mes,0,0,1,0,0,1,1
80993512,1 vez por semana,Nunca o menos de 1 vez al mes,5 a 6 veces por semana,Nunca o menos de 1 vez al mes,Entre 4 y 5 veces al dia,0,0,1,0,1,1,2
80993514,Nunca o menos de 1 vez al mes,Nunca o menos de 1 vez al mes,2 a 4 veces por semana,Nunca o menos de 1 vez al mes,Entre 1 y 3 veces al mes,0,0,0,0,0,0,0
80996752,Entre 1 y 3 veces al mes,2 a 4 veces por semana,Entre 1 y 3 veces al mes,Nunca o menos de 1 vez al mes,2 a 4 veces por semana,0,0,0,0,0,0,0
81002696,1 vez por semana,2 a 4 veces por semana,1 vez por semana,Nunca o menos de 1 vez al mes,Entre 2 y 3 veces al dia,0,0,0,0,1,1,1
81006127,1 vez por semana,2 a 4 veces por semana,2 a 4 veces por semana,Nunca o menos de 1 vez al mes,Entre 2 y 3 veces al dia,0,0,0,0,1,1,1
81016672,Entre 1 y 3 veces al mes,Entre 1 y 3 veces al mes,2 a 4 veces por semana,Nunca o menos de 1 vez al mes,Entre 2 y 3 veces al dia,0,0,0,0,1,1,1
81016673,Entre 1 y 3 veces al mes,1 vez por semana,1 vez por semana,2 a 4 veces por semana,Entre 2 y 3 veces al dia,0,0,0,0,1,1,1
81016674,2 a 4 veces por semana,1 vez al dia,1 vez al dia,2 a 4 veces por semana,Entre 4 y 5 veces al dia,0,1,1,0,1,1,3
81021883,Nunca o menos de 1 vez al mes,Entre 2 y 3 veces al dia,Nunca o menos de 1 vez al mes,Nunca o menos de 1 vez al mes,Nunca o menos de 1 vez al mes,0,1,0,0,0,1,1
81022044,1 vez por semana,1 vez por semana,2 a 4 veces por semana,Nunca o menos de 1 vez al mes,5 a 6 veces por semana,0,0,0,0,1,1,1
81022045,1 vez por semana,5 a 6 veces por semana,5 a 6 veces por semana,Nunca o menos de 1 vez al mes,5 a 6 veces por semana,0,1,1,0,1,1,3
81024647,1 vez por semana,2 a 4 veces por semana,Entre 1 y 3 veces al mes,Nunca o menos de 1 vez al mes,Nunca o menos de 1 vez al mes,0,0,0,0,0,0,0
81027644,1 vez al dia,2 a 4 veces por semana,1 vez por semana,Nunca o menos de 1 vez al mes,2 a 4 veces por semana,1,0,0,0,0,1,1
81028826,Nunca o menos de 1 vez al mes,Entre 1 y 3 veces al mes,Entre 2 y 3 veces al dia,1 vez por semana,Entre 4 y 5 veces al dia,0,0,1,0,1,1,2
81033951,5 a 6 veces por semana,Nunca o menos de 1 vez al mes,Nunca o menos de 1 vez al mes,Nunca o menos de 1 vez al mes,Entre 2 y 3 veces al dia,1,0,0,0,1,1,2
81037349,1 vez por semana,1 vez al dia,Nunca o menos de 1 vez al mes,Nunca o menos de 1 vez al mes,1 vez al dia,0,1,0,0,1,1,2
81038619,Entre 1 y 3 veces al mes,1 vez por semana,1 vez por semana,Nunca o menos de 1 vez al mes,1 vez al dia,0,0,0,0,1,1,1
81038620,Nunca o menos de 1 vez al mes,1 vez por semana,1 vez por semana,Nunca o menos de 1 vez al mes,2 a 4 veces por semana,0,0,0,0,0,0,0
81040227,Nunca o menos de 1 vez al mes,1 vez por semana,Nunca o menos de 1 vez al mes,Entre 1 y 3 veces al mes,Entre 2 y 3 veces al dia,0,0,0,0,1,1,1
81049379,2 a 4 veces por semana,2 a 4 veces por semana,1 vez por semana,Entre 1 y 3 veces al mes,Entre 2 y 3 veces al dia,0,0,0,0,1,1,1
81080223,2 a 4 veces por semana,2 a 4 veces por semana,2 a 4 veces por semana,Nunca o menos de 1 vez al mes,2 a 4 veces por semana,0,0,0,0,0,0,0
81087777,Nunca o menos de 1 vez al mes,2 a 4 veces por semana,1 vez por semana,Nunca o menos de 1 vez al mes,2 a 4 veces por semana,0,0,0,0,0,0,0
81088610,Nunca o menos de 1 vez al mes,5 a 6 veces por semana,5 a 6 veces por semana,Nunca o menos de 1 vez al mes,Nunca o menos de 1 vez al mes,0,1,1,0,0,1,2
81097914,Nunca o menos de 1 vez al mes,1 vez al dia,2 a 4 veces por semana,Nunca o menos de 1 vez al mes,5 a 6 veces por semana,0,1,0,0,1,1,2
81101532,Entre 1 y 3 veces al mes,2 a 4 veces por semana,Entre 1 y 3 veces al mes,Nunca o menos de 1 vez al mes,Entre 4 y 5 veces al dia,0,0,0,0,1,1,1
81106661,Entre 1 y 3 veces al mes,2 a 4 veces por semana,1 vez por semana,Nunca o menos de 1 vez al mes,Entre 4 y 5 veces al dia,0,0,0,0,1,1,1
81107009,Entre 1 y 3 veces al mes,Nunca o menos de 1 vez al mes,1 vez por semana,Nunca o menos de 1 vez al mes,1 vez al dia,0,0,0,0,1,1,1
81108221,1 vez por semana,1 vez por semana,2 a 4 veces por semana,Nunca o menos de 1 vez al mes,2 a 4 veces por semana,0,0,0,0,0,0,0
81122815,Nunca o menos de 1 vez al mes,1 vez por semana,Entre 2 y 3 veces al dia,Nunca o menos de 1 vez al mes,Nunca o menos de 1 vez al mes,0,0,1,0,0,1,1
81133241,1 vez por semana,Nunca o menos de 1 vez al mes,Entre 2 y 3 veces al dia,Nunca o menos de 1 vez al mes,2 a 4 veces por semana,0,0,1,0,0,1,1
81134074,Entre 1 y 3 veces al mes,Nunca o menos de 1 vez al mes,Entre 1 y 3 veces al mes,Entre 1 y 3 veces al mes,Nunca o menos de 1 vez al mes,0,0,0,0,0,0,0
81134241,1 vez por semana,Nunca o menos de 1 vez al mes,1 vez al dia,Nunca o menos de 1 vez al mes,1 vez al dia,0,0,1,0,1,1,2
81134243,1 vez por semana,Nunca o menos de 1 vez al mes,2 a 4 veces por semana,Nunca o menos de 1 vez al mes,Entre 2 y 3 veces al dia,0,0,0,0,1,1,1
81136131,Entre 1 y 3 veces al mes,2 a 4 veces por semana,Entre 1 y 3 veces al mes,Entre 1 y 3 veces al mes,2 a 4 veces por semana,0,0,0,0,0,0,0
81136843,1 vez por semana,1 vez al dia,2 a 4 veces por semana,Nunca o menos de 1 vez al mes,1 vez al dia,0,1,0,0,1,1,2
81142877,Nunca o menos de 1 vez al mes,1 vez por semana,1 vez al dia,1 vez por semana,Entre 2 y 3 veces al dia,0,0,1,0,1,1,2
81144386,Nunca o menos de 1 vez al mes,2 a 4 veces por semana,Entre 1 y 3 veces al mes,Nunca o menos de 1 vez al mes,5 a 6 veces por semana,0,0,0,0,1,1,1
81146447,Nunca o menos de 1 vez al mes,Entre 1 y 3 veces al mes,Entre 2 y 3 veces al dia,Nunca o menos de 1 vez al mes,Nunca o menos de 1 vez al mes,0,0,1,0,0,1,1
81164923,Entre 1 y 3 veces al mes,1 vez por semana,5 a 6 veces por semana,Nunca o menos de 1 vez al mes,5 a 6 veces por semana,0,0,1,0,1,1,2
81167624,Nunca o menos de 1 vez al mes,Nunca o menos de 1 vez al mes,1 vez por semana,Nunca o menos de 1 vez al mes,1 vez al dia,0,0,0,0,1,1,1
81169463,Nunca o menos de 1 vez al mes,2 a 4 veces por semana,1 vez por semana,Nunca o menos de 1 vez al mes,Nunca o menos de 1 vez al mes,0,0,0,0,0,0,0
81188279,2 a 4 veces por semana,Nunca o menos de 1 vez al mes,1 vez al dia,Nunca o menos de 1 vez al mes,2 a 4 veces por semana,0,0,1,0,0,1,1
81204246,Entre 1 y 3 veces al mes,Entre 1 y 3 veces al mes,2 a 4 veces por semana,Nunca o menos de 1 vez al mes,2 a 4 veces por semana,0,0,0,0,0,0,0
81205324,Nunca o menos de 1 vez al mes,Entre 1 y 3 veces al mes,2 a 4 veces por semana,Nunca o menos de 1 vez al mes,2 a 4 veces por semana,0,0,0,0,0,0,0
81211873,Nunca o menos de 1 vez al mes,2 a 4 veces por semana,1 vez por semana,Nunca o menos de 1 vez al mes,2 a 4 veces por semana,0,0,0,0,0,0,0
81219774,1 vez por semana,1 vez por semana,2 a 4 veces por semana,Nunca o menos de 1 vez al mes,Entre 2 y 3 veces al dia,0,0,0,0,1,1,1
81225436,2 a 4 veces por semana,5 a 6 veces por semana,2 a 4 veces por semana,Nunca o menos de 1 vez al mes,Entre 2 y 3 veces al dia,0,1,0,0,1,1,2
81225573,Entre 1 y 3 veces al mes,1 vez por semana,2 a 4 veces por semana,Nunca o menos de 1 vez al mes,1 vez al dia,0,0,0,0,1,1,1
81225624,Nunca o menos de 1 vez al mes,1 vez por semana,1 vez por semana,Nunca o menos de 1 vez al mes,Nunca o menos de 1 vez al mes,0,0,0,0,0,0,0
81229546,Entre 1 y 3 veces al mes,2 a 4 veces por semana,Nunca o menos de 1 vez al mes,Entre 1 y 3 veces al mes,Nunca o menos de 1 vez al mes,0,0,0,0,0,0,0
81241782,Entre 1 y 3 veces al mes,1 vez al dia,Entre 2 y 3 veces al dia,1 vez al dia,Entre 2 y 3 veces al dia,0,1,1,1,1,1,4
81241783,Nunca o menos de 1 vez al mes,2 a 4 veces por semana,1 vez por semana,2 a 4 veces por semana,Entre 2 y 3 veces al dia,0,0,0,0,1,1,1
81241784,Entre 1 y 3 veces al mes,1 vez al dia,1 vez al dia,2 a 4 veces por semana,2 a 4 veces por semana,0,1,1,0,0,1,2
81246977,2 a 4 veces por semana,5 a 6 veces por semana,1 vez al dia,Nunca o menos de 1 vez al mes,Entre 2 y 3 veces al dia,0,1,1,0,1,1,3
81268388,2 a 4 veces por semana,Nunca o menos de 1 vez al mes,2 a 4 veces por semana,Nunca o menos de 1 vez al mes,2 a 4 veces por semana,0,0,0,0,0,0,0
81268389,2 a 4 veces por semana,Nunca o menos de 1 vez al mes,2 a 4 veces por semana,Nunca o menos de 1 vez al mes,2 a 4 veces por semana,0,0,0,0,0,0,0
81271580,1 vez por semana,Nunca o menos de 1 vez al mes,5 a 6 veces por semana,Nunca o menos de 1 vez al mes,Nunca o menos de 1 vez al mes,0,0,1,0,0,1,1
81282101,Nunca o menos de 1 vez al mes,2 a 4 veces por semana,1 vez por semana,Nunca o menos de 1 vez al mes,5 a 6 veces por semana,0,0,0,0,1,1,1
81282102,Nunca o menos de 1 vez al mes,1 vez por semana,Nunca o menos de 1 vez al mes,Nunca o menos de 1 vez al mes,5 a 6 veces por semana,0,0,0,0,1,1,1
81290029,1 vez por semana,2 a 4 veces por semana,1 vez por semana,Entre 1 y 3 veces al mes,2 a 4 veces por semana,0,0,0,0,0,0,0
81311184,Nunca o menos de 1 vez al mes,Nunca o menos de 1 vez al mes,Nunca o menos de 1 vez al mes,1 vez por semana,5 a 6 veces por semana,0,0,0,0,1,1,1
81313170,5 a 6 veces por semana,2 a 4 veces por semana,Nunca o menos de 1 vez al mes,Nunca o menos de 1 vez al mes,5 a 6 veces por semana,1,0,0,0,1,1,2
81315834,Nunca o menos de 1 vez al mes,1 vez por semana,2 a 4 veces por semana,Nunca o menos de 1 vez al mes,Entre 2 y 3 veces al dia,0,0,0,0,1,1,1
81317816,Entre 1 y 3 veces al mes,2 a 4 veces por semana,Entre 4 y 5 veces al dia,Nunca o menos de 1 vez al mes,Entre 4 y 5 veces al dia,0,0,1,0,1,1,2
81341027,1 vez por semana,2 a 4 veces por semana,2 a 4 veces por semana,Nunca o menos de 1 vez al mes,Entre 2 y 3 veces al dia,0,0,0,0,1,1,1
81341030,1 vez por semana,Entre 1 y 3 veces al mes,2 a 4 veces por semana,Nunca o menos de 1 vez al mes,Entre 2 y 3 veces al dia,0,0,0,0,1,1,1
81360999,Nunca o menos de 1 vez al mes,1 vez por semana,1 vez por semana,Nunca o menos de 1 vez al mes,5 a 6 veces por semana,0,0,0,0,1,1,1
81371529,1 vez por semana,1 vez por semana,1 vez por semana,Nunca o menos de 1 vez al mes,Nunca o menos de 1 vez al mes,0,0,0,0,0,0,0
81383087,Entre 1 y 3 veces al mes,1 vez por semana,Entre 1 y 3 veces al mes,Nunca o menos de 1 vez al mes,1 vez por semana,0,0,0,0,0,0,0
81383088,Nunca o menos de 1 vez al mes,Entre 1 y 3 veces al mes,Nunca o menos de 1 vez al mes,Nunca o menos de 1 vez al mes,1 vez por semana,0,0,0,0,0,0,0
81383207,1 vez por semana,2 a 4 veces por semana,2 a 4 veces por semana,2 a 4 veces por semana,2 a 4 veces por semana,0,0,0,0,0,0,0
81383208,Entre 1 y 3 veces al mes,2 a 4 veces por semana,5 a 6 veces por semana,Entre 1 y 3 veces al mes,Entre 1 y 3 veces al mes,0,0,1,0,0,1,1
81395138,1 vez por semana,2 a 4 veces por semana,Entre 2 y 3 veces al dia,Nunca o menos de 1 vez al mes,Entre 2 y 3 veces al dia,0,0,1,0,1,1,2
81406897,1 vez por semana,1 vez al dia,2 a 4 veces por semana,Nunca o menos de 1 vez al mes,Entre 2 y 3 veces al dia,0,1,0,0,1,1,2
81407991,2 a 4 veces por semana,2 a 4 veces por semana,2 a 4 veces por semana,Nunca o menos de 1 vez al mes,1 vez por semana,0,0,0,0,0,0,0
81443826,Entre 1 y 3 veces al mes,Entre 1 y 3 veces al mes,Nunca o menos de 1 vez al mes,Nunca o menos de 1 vez al mes,Nunca o menos de 1 vez al mes,0,0,0,0,0,0,0
81450217,Nunca o menos de 1 vez al mes,2 a 4 veces por semana,Entre 1 y 3 veces al mes,Nunca o menos de 1 vez al mes,1 vez por semana,0,0,0,0,0,0,0
81451831,5 a 6 veces por semana,2 a 4 veces por semana,1 vez por semana,Nunca o menos de 1 vez al mes,5 a 6 veces por semana,1,0,0,0,1,1,2
81455967,2 a 4 veces por semana,1 vez al dia,2 a 4 veces por semana,Nunca o menos de 1 vez al mes,1 vez al dia,0,1,0,0,1,1,2
81470960,1 vez por semana,2 a 4 veces por semana,2 a 4 veces por semana,2 a 4 veces por semana,2 a 4 veces por semana,0,0,0,0,0,0,0
81481149,Entre 1 y 3 veces al mes,1 vez por semana,Entre 2 y 3 veces al dia,Nunca o menos de 1 vez al mes,1 vez por semana,0,0,1,0,0,1,1
81484447,1 vez por semana,1 vez por semana,1 vez por semana,1 vez por semana,1 vez al dia,0,0,0,0,1,1,1
81489801,Entre 1 y 3 veces al mes,1 vez por semana,1 vez por semana,Nunca o menos de 1 vez al mes,2 a 4 veces por semana,0,0,0,0,0,0,0
81490626,Nunca o menos de 1 vez al mes,Nunca o menos de 1 vez al mes,1 vez por semana,Entre 1 y 3 veces al mes,1 vez al dia,0,0,0,0,1,1,1
81490627,Nunca o menos de 1 vez al mes,2 a 4 veces por semana,Entre 2 y 3 veces al dia,Nunca o menos de 1 vez al mes,1 vez por semana,0,0,1,0,0,1,1
81492910,Nunca o menos de 1 vez al mes,2 a 4 veces por semana,2 a 4 veces por semana,Nunca o menos de 1 vez al mes,6 veces o m?ís por d?¡a,0,0,0,0,0,0,0
81495622,2 a 4 veces por semana,5 a 6 veces por semana,Entre 1 y 3 veces al mes,Entre 1 y 3 veces al mes,1 vez al dia,0,1,0,0,1,1,2
81496726,Nunca o menos de 1 vez al mes,1 vez por semana,Entre 1 y 3 veces al mes,1 vez por semana,2 a 4 veces por semana,0,0,0,0,0,0,0
81497615,Entre 1 y 3 veces al mes,Nunca o menos de 1 vez al mes,Entre 1 y 3 veces al mes,Nunca o menos de 1 vez al mes,2 a 4 veces por semana,0,0,0,0,0,0,0
81497616,Nunca o menos de 1 vez al mes,2 a 4 veces por semana,2 a 4 veces por semana,Nunca o menos de 1 vez al mes,Entre 2 y 3 veces al dia,0,0,0,0,1,1,1
81500621,5 a 6 veces por semana,Entre 1 y 3 veces al mes,1 vez por semana,Nunca o menos de 1 vez al mes,5 a 6 veces por semana,1,0,0,0,1,1,2
81504589,Entre 1 y 3 veces al mes,2 a 4 veces por semana,1 vez por semana,Nunca o menos de 1 vez al mes,Nunca o menos de 1 vez al mes,0,0,0,0,0,0,0
81504590,1 vez por semana,1 vez por semana,1 vez al dia,Nunca o menos de 1 vez al mes,Entre 2 y 3 veces al dia,0,0,1,0,1,1,2
81505149,Nunca o menos de 1 vez al mes,2 a 4 veces por semana,1 vez por semana,1 vez por semana,Entre 1 y 3 veces al mes,0,0,0,0,0,0,0
81506095,Nunca o menos de 1 vez al mes,Nunca o menos de 1 vez al mes,Entre 2 y 3 veces al dia,Nunca o menos de 1 vez al mes,Entre 2 y 3 veces al dia,0,0,1,0,1,1,2
81507247,Nunca o menos de 1 vez al mes,2 a 4 veces por semana,2 a 4 veces por semana,Nunca o menos de 1 vez al mes,1 vez al dia,0,0,0,0,1,1,1
81510705,Nunca o menos de 1 vez al mes,Nunca o menos de 1 vez al mes,Nunca o menos de 1 vez al mes,Nunca o menos de 1 vez al mes,Nunca o menos de 1 vez al mes,0,0,0,0,0,0,0
81511035,Entre 1 y 3 veces al mes,1 vez al dia,1 vez por semana,Nunca o menos de 1 vez al mes,Nunca o menos de 1 vez al mes,0,1,0,0,0,1,1
81511036,Nunca o menos de 1 vez al mes,1 vez al dia,2 a 4 veces por semana,Nunca o menos de 1 vez al mes,Entre 2 y 3 veces al dia,0,1,0,0,1,1,2
81511060,1 vez por semana,Nunca o menos de 1 vez al mes,1 vez al dia,Nunca o menos de 1 vez al mes,2 a 4 veces por semana,0,0,1,0,0,1,1
81511068,2 a 4 veces por semana,1 vez al dia,1 vez al dia,Nunca o menos de 1 vez al mes,Entre 2 y 3 veces al dia,0,1,1,0,1,1,3
81529252,Nunca o menos de 1 vez al mes,2 a 4 veces por semana,1 vez por semana,Nunca o menos de 1 vez al mes,Nunca o menos de 1 vez al mes,0,0,0,0,0,0,0
81531923,Nunca o menos de 1 vez al mes,1 vez por semana,2 a 4 veces por semana,Nunca o menos de 1 vez al mes,1 vez por semana,0,0,0,0,0,0,0
81531929,1 vez por semana,1 vez por semana,2 a 4 veces por semana,Nunca o menos de 1 vez al mes,1 vez por semana,0,0,0,0,0,0,0
81533759,1 vez por semana,1 vez por semana,Nunca o menos de 1 vez al mes,Nunca o menos de 1 vez al mes,Entre 4 y 5 veces al dia,0,0,0,0,1,1,1
81533761,5 a 6 veces por semana,1 vez al dia,1 vez por semana,Nunca o menos de 1 vez al mes,1 vez por semana,1,1,0,0,0,1,2
81533764,Nunca o menos de 1 vez al mes,5 a 6 veces por semana,1 vez por semana,Nunca o menos de 1 vez al mes,2 a 4 veces por semana,0,1,0,0,0,1,1
81542775,Entre 1 y 3 veces al mes,Entre 1 y 3 veces al mes,Nunca o menos de 1 vez al mes,Nunca o menos de 1 vez al mes,2 a 4 veces por semana,0,0,0,0,0,0,0
81546418,1 vez por semana,Entre 1 y 3 veces al mes,1 vez por semana,Nunca o menos de 1 vez al mes,1 vez al dia,0,0,0,0,1,1,1
81547495,2 a 4 veces por semana,2 a 4 veces por semana,5 a 6 veces por semana,Nunca o menos de 1 vez al mes,1 vez por semana,0,0,1,0,0,1,1
81558709,Entre 1 y 3 veces al mes,2 a 4 veces por semana,1 vez al dia,Nunca o menos de 1 vez al mes,Entre 2 y 3 veces al dia,0,0,1,0,1,1,2
81558710,Entre 1 y 3 veces al mes,1 vez por semana,1 vez al dia,Nunca o menos de 1 vez al mes,Entre 2 y 3 veces al dia,0,0,1,0,1,1,2
81566060,1 vez al dia,1 vez al dia,2 a 4 veces por semana,Nunca o menos de 1 vez al mes,Entre 2 y 3 veces al dia,1,1,0,0,1,1,3
81567309,Nunca o menos de 1 vez al mes,5 a 6 veces por semana,2 a 4 veces por semana,Nunca o menos de 1 vez al mes,Nunca o menos de 1 vez al mes,0,1,0,0,0,1,1
81570538,1 vez por semana,1 vez por semana,1 vez por semana,Nunca o menos de 1 vez al mes,Nunca o menos de 1 vez al mes,0,0,0,0,0,0,0
81574180,Nunca o menos de 1 vez al mes,2 a 4 veces por semana,2 a 4 veces por semana,Nunca o menos de 1 vez al mes,2 a 4 veces por semana,0,0,0,0,0,0,0
81578017,2 a 4 veces por semana,Nunca o menos de 1 vez al mes,Nunca o menos de 1 vez al mes,Nunca o menos de 1 vez al mes,1 vez al dia,0,0,0,0,1,1,1
81581092,Nunca o menos de 1 vez al mes,2 a 4 veces por semana,5 a 6 veces por semana,Entre 1 y 3 veces al mes,Entre 2 y 3 veces al dia,0,0,1,0,1,1,2
81581211,Nunca o menos de 1 vez al mes,5 a 6 veces por semana,5 a 6 veces por semana,Nunca o menos de 1 vez al mes,Entre 2 y 3 veces al dia,0,1,1,0,1,1,3
81581212,1 vez por semana,5 a 6 veces por semana,2 a 4 veces por semana,Nunca o menos de 1 vez al mes,1 vez por semana,0,1,0,0,0,1,1
81582817,Entre 1 y 3 veces al mes,2 a 4 veces por semana,1 vez al dia,Nunca o menos de 1 vez al mes,2 a 4 veces por semana,0,0,1,0,0,1,1
81586676,Entre 1 y 3 veces al mes,1 vez por semana,1 vez por semana,Nunca o menos de 1 vez al mes,1 vez por semana,0,0,0,0,0,0,0
81588117,1 vez por semana,2 a 4 veces por semana,Nunca o menos de 1 vez al mes,2 a 4 veces por semana,2 a 4 veces por semana,0,0,0,0,0,0,0
81588302,Nunca o menos de 1 vez al mes,5 a 6 veces por semana,Nunca o menos de 1 vez al mes,Nunca o menos de 1 vez al mes,5 a 6 veces por semana,0,1,0,0,1,1,2
81592027,Nunca o menos de 1 vez al mes,2 a 4 veces por semana,1 vez por semana,Nunca o menos de 1 vez al mes,2 a 4 veces por semana,0,0,0,0,0,0,0
81596754,Entre 1 y 3 veces al mes,1 vez por semana,5 a 6 veces por semana,1 vez por semana,Entre 2 y 3 veces al dia,0,0,1,0,1,1,2
81604965,Entre 1 y 3 veces al mes,Nunca o menos de 1 vez al mes,1 vez por semana,Nunca o menos de 1 vez al mes,1 vez al dia,0,0,0,0,1,1,1
81622734,Nunca o menos de 1 vez al mes,1 vez al dia,Nunca o menos de 1 vez al mes,Nunca o menos de 1 vez al mes,Entre 2 y 3 veces al dia,0,1,0,0,1,1,2
81633097,1 vez por semana,1 vez al dia,1 vez por semana,Entre 1 y 3 veces al mes,2 a 4 veces por semana,0,1,0,0,0,1,1
81634507,Nunca o menos de 1 vez al mes,Nunca o menos de 1 vez al mes,1 vez por semana,Nunca o menos de 1 vez al mes,2 a 4 veces por semana,0,0,0,0,0,0,0
81634510,1 vez por semana,Nunca o menos de 1 vez al mes,Entre 1 y 3 veces al mes,1 vez por semana,2 a 4 veces por semana,0,0,0,0,0,0,0
81640080,Entre 1 y 3 veces al mes,2 a 4 veces por semana,2 a 4 veces por semana,Nunca o menos de 1 vez al mes,1 vez al dia,0,0,0,0,1,1,1
81643223,Entre 1 y 3 veces al mes,1 vez por semana,1 vez por semana,Nunca o menos de 1 vez al mes,1 vez al dia,0,0,0,0,1,1,1
81644988,Nunca o menos de 1 vez al mes,Entre 1 y 3 veces al mes,1 vez por semana,Nunca o menos de 1 vez al mes,1 vez por semana,0,0,0,0,0,0,0
81646828,Entre 1 y 3 veces al mes,Nunca o menos de 1 vez al mes,1 vez por semana,1 vez por semana,Entre 2 y 3 veces al dia,0,0,0,0,1,1,1
81650331,1 vez por semana,1 vez al dia,5 a 6 veces por semana,Nunca o menos de 1 vez al mes,5 a 6 veces por semana,0,1,1,0,1,1,3
81650339,Nunca o menos de 1 vez al mes,2 a 4 veces por semana,Entre 2 y 3 veces al dia,Nunca o menos de 1 vez al mes,1 vez al dia,0,0,1,0,1,1,2
81655331,2 a 4 veces por semana,2 a 4 veces por semana,2 a 4 veces por semana,Nunca o menos de 1 vez al mes,Entre 2 y 3 veces al dia,0,0,0,0,1,1,1
81669584,Entre 1 y 3 veces al mes,2 a 4 veces por semana,2 a 4 veces por semana,Entre 1 y 3 veces al mes,2 a 4 veces por semana,0,0,0,0,0,0,0
81673800,2 a 4 veces por semana,1 vez por semana,1 vez por semana,Entre 1 y 3 veces al mes,Entre 2 y 3 veces al dia,0,0,0,0,1,1,1
81673803,2 a 4 veces por semana,2 a 4 veces por semana,Entre 1 y 3 veces al mes,Nunca o menos de 1 vez al mes,2 a 4 veces por semana,0,0,0,0,0,0,0
81675892,2 a 4 veces por semana,2 a 4 veces por semana,2 a 4 veces por semana,Nunca o menos de 1 vez al mes,Entre 2 y 3 veces al dia,0,0,0,0,1,1,1
81676376,1 vez por semana,2 a 4 veces por semana,1 vez por semana,Nunca o menos de 1 vez al mes,2 a 4 veces por semana,0,0,0,0,0,0,0
81677068,Nunca o menos de 1 vez al mes,1 vez al dia,2 a 4 veces por semana,Nunca o menos de 1 vez al mes,Entre 2 y 3 veces al dia,0,1,0,0,1,1,2
81677125,2 a 4 veces por semana,1 vez al dia,2 a 4 veces por semana,2 a 4 veces por semana,1 vez al dia,0,1,0,0,1,1,2
81677517,Entre 1 y 3 veces al mes,Entre 2 y 3 veces al dia,Entre 1 y 3 veces al mes,Nunca o menos de 1 vez al mes,1 vez por semana,0,1,0,0,0,1,1
81678831,1 vez por semana,1 vez por semana,2 a 4 veces por semana,Nunca o menos de 1 vez al mes,5 a 6 veces por semana,0,0,0,0,1,1,1
81679459,1 vez por semana,1 vez por semana,1 vez por semana,Entre 1 y 3 veces al mes,Entre 2 y 3 veces al dia,0,0,0,0,1,1,1
81681124,1 vez por semana,1 vez por semana,1 vez al dia,Nunca o menos de 1 vez al mes,Nunca o menos de 1 vez al mes,0,0,1,0,0,1,1
81682483,1 vez por semana,1 vez por semana,1 vez al dia,Nunca o menos de 1 vez al mes,Nunca o menos de 1 vez al mes,0,0,1,0,0,1,1
81682749,1 vez por semana,1 vez por semana,2 a 4 veces por semana,Nunca o menos de 1 vez al mes,1 vez por semana,0,0,0,0,0,0,0
81693010,1 vez al dia,Entre 4 y 5 veces al dia,5 a 6 veces por semana,5 a 6 veces por semana,Entre 4 y 5 veces al dia,1,1,1,1,1,1,5
81695548,1 vez por semana,2 a 4 veces por semana,Entre 2 y 3 veces al dia,1 vez por semana,1 vez por semana,0,0,1,0,0,1,1
81698108,1 vez por semana,1 vez por semana,2 a 4 veces por semana,Entre 1 y 3 veces al mes,Entre 1 y 3 veces al mes,0,0,0,0,0,0,0
81701810,Nunca o menos de 1 vez al mes,Nunca o menos de 1 vez al mes,Nunca o menos de 1 vez al mes,2 a 4 veces por semana,Nunca o menos de 1 vez al mes,0,0,0,0,0,0,0
81701811,Entre 1 y 3 veces al mes,Entre 1 y 3 veces al mes,2 a 4 veces por semana,Nunca o menos de 1 vez al mes,2 a 4 veces por semana,0,0,0,0,0,0,0
81713740,1 vez por semana,2 a 4 veces por semana,1 vez al dia,Nunca o menos de 1 vez al mes,2 a 4 veces por semana,0,0,1,0,0,1,1
81718783,1 vez por semana,1 vez por semana,1 vez por semana,Entre 1 y 3 veces al mes,2 a 4 veces por semana,0,0,0,0,0,0,0
81739241,Entre 1 y 3 veces al mes,2 a 4 veces por semana,Entre 2 y 3 veces al dia,Nunca o menos de 1 vez al mes,Entre 2 y 3 veces al dia,0,0,1,0,1,1,2
81739242,2 a 4 veces por semana,2 a 4 veces por semana,Nunca o menos de 1 vez al mes,Nunca o menos de 1 vez al mes,Entre 2 y 3 veces al dia,0,0,0,0,1,1,1
81762910,2 a 4 veces por semana,Nunca o menos de 1 vez al mes,Nunca o menos de 1 vez al mes,Nunca o menos de 1 vez al mes,2 a 4 veces por semana,0,0,0,0,0,0,0
81764905,1 vez por semana,1 vez por semana,1 vez al dia,Nunca o menos de 1 vez al mes,1 vez al dia,0,0,1,0,1,1,2
81779576,Nunca o menos de 1 vez al mes,Nunca o menos de 1 vez al mes,1 vez por semana,Nunca o menos de 1 vez al mes,1 vez por semana,0,0,0,0,0,0,0
81779578,Nunca o menos de 1 vez al mes,1 vez al dia,1 vez al dia,Nunca o menos de 1 vez al mes,1 vez por semana,0,1,1,0,0,1,2
81783790,Entre 1 y 3 veces al mes,2 a 4 veces por semana,Nunca o menos de 1 vez al mes,Nunca o menos de 1 vez al mes,2 a 4 veces por semana,0,0,0,0,0,0,0
81783791,Nunca o menos de 1 vez al mes,Nunca o menos de 1 vez al mes,1 vez por semana,Nunca o menos de 1 vez al mes,Nunca o menos de 1 vez al mes,0,0,0,0,0,0,0
81793568,1 vez por semana,1 vez al dia,2 a 4 veces por semana,Entre 1 y 3 veces al mes,1 vez al dia,0,1,0,0,1,1,2
81793569,1 vez al dia,Nunca o menos de 1 vez al mes,2 a 4 veces por semana,2 a 4 veces por semana,1 vez al dia,1,0,0,0,1,1,2
81793575,1 vez por semana,1 vez por semana,1 vez por semana,1 vez por semana,1 vez por semana,0,0,0,0,0,0,0
81794764,1 vez por semana,1 vez por semana,5 a 6 veces por semana,Nunca o menos de 1 vez al mes,1 vez por semana,0,0,1,0,0,1,1
81794767,1 vez por semana,2 a 4 veces por semana,5 a 6 veces por semana,Nunca o menos de 1 vez al mes,5 a 6 veces por semana,0,0,1,0,1,1,2
81794769,Entre 1 y 3 veces al mes,1 vez por semana,2 a 4 veces por semana,Entre 1 y 3 veces al mes,2 a 4 veces por semana,0,0,0,0,0,0,0
81794770,1 vez por semana,5 a 6 veces por semana,5 a 6 veces por semana,Nunca o menos de 1 vez al mes,2 a 4 veces por semana,0,1,1,0,0,1,2
81798718,1 vez por semana,1 vez por semana,1 vez por semana,Nunca o menos de 1 vez al mes,2 a 4 veces por semana,0,0,0,0,0,0,0
81799475,Nunca o menos de 1 vez al mes,2 a 4 veces por semana,Entre 2 y 3 veces al dia,1 vez por semana,Entre 2 y 3 veces al dia,0,0,1,0,1,1,2
81801575,1 vez por semana,Entre 1 y 3 veces al mes,Entre 1 y 3 veces al mes,Nunca o menos de 1 vez al mes,Entre 1 y 3 veces al mes,0,0,0,0,0,0,0
81802352,1 vez al dia,1 vez al dia,Entre 1 y 3 veces al mes,Nunca o menos de 1 vez al mes,Entre 2 y 3 veces al dia,1,1,0,0,1,1,3
81802501,1 vez por semana,1 vez por semana,5 a 6 veces por semana,Nunca o menos de 1 vez al mes,5 a 6 veces por semana,0,0,1,0,1,1,2
81821648,Entre 1 y 3 veces al mes,Nunca o menos de 1 vez al mes,2 a 4 veces por semana,Nunca o menos de 1 vez al mes,2 a 4 veces por semana,0,0,0,0,0,0,0
81825447,2 a 4 veces por semana,1 vez por semana,Entre 1 y 3 veces al mes,2 a 4 veces por semana,Entre 2 y 3 veces al dia,0,0,0,0,1,1,1
81838573,1 vez por semana,1 vez por semana,Entre 1 y 3 veces al mes,Nunca o menos de 1 vez al mes,1 vez al dia,0,0,0,0,1,1,1
81861692,1 vez por semana,1 vez al dia,2 a 4 veces por semana,1 vez por semana,2 a 4 veces por semana,0,1,0,0,0,1,1
81870318,1 vez por semana,2 a 4 veces por semana,1 vez por semana,Nunca o menos de 1 vez al mes,Nunca o menos de 1 vez al mes,0,0,0,0,0,0,0
81872245,1 vez por semana,2 a 4 veces por semana,5 a 6 veces por semana,1 vez por semana,1 vez por semana,0,0,1,0,0,1,1
81872247,1 vez por semana,1 vez por semana,1 vez por semana,Entre 1 y 3 veces al mes,1 vez por semana,0,0,0,0,0,0,0
81882245,Nunca o menos de 1 vez al mes,5 a 6 veces por semana,2 a 4 veces por semana,1 vez por semana,2 a 4 veces por semana,0,1,0,0,0,1,1
81893395,Entre 1 y 3 veces al mes,Nunca o menos de 1 vez al mes,1 vez por semana,Nunca o menos de 1 vez al mes,2 a 4 veces por semana,0,0,0,0,0,0,0
81893396,1 vez por semana,Nunca o menos de 1 vez al mes,2 a 4 veces por semana,Entre 1 y 3 veces al mes,2 a 4 veces por semana,0,0,0,0,0,0,0
81896047,1 vez por semana,1 vez por semana,1 vez por semana,Nunca o menos de 1 vez al mes,1 vez por semana,0,0,0,0,0,0,0
81903014,Nunca o menos de 1 vez al mes,Nunca o menos de 1 vez al mes,1 vez por semana,Entre 1 y 3 veces al mes,Nunca o menos de 1 vez al mes,0,0,0,0,0,0,0
81903016,Nunca o menos de 1 vez al mes,Nunca o menos de 1 vez al mes,1 vez por semana,2 a 4 veces por semana,Nunca o menos de 1 vez al mes,0,0,0,0,0,0,0
81920683,Nunca o menos de 1 vez al mes,Nunca o menos de 1 vez al mes,1 vez al dia,Nunca o menos de 1 vez al mes,2 a 4 veces por semana,0,0,1,0,0,1,1
81923615,Entre 1 y 3 veces al mes,1 vez por semana,2 a 4 veces por semana,1 vez por semana,Entre 1 y 3 veces al mes,0,0,0,0,0,0,0
81927575,2 a 4 veces por semana,1 vez por semana,Entre 1 y 3 veces al mes,Nunca o menos de 1 vez al mes,1 vez por semana,0,0,0,0,0,0,0
81930520,Entre 1 y 3 veces al mes,2 a 4 veces por semana,5 a 6 veces por semana,1 vez por semana,5 a 6 veces por semana,0,0,1,0,1,1,2
81937373,1 vez por semana,1 vez por semana,Nunca o menos de 1 vez al mes,Nunca o menos de 1 vez al mes,Nunca o menos de 1 vez al mes,0,0,0,0,0,0,0
81946129,Nunca o menos de 1 vez al mes,Nunca o menos de 1 vez al mes,Nunca o menos de 1 vez al mes,Entre 1 y 3 veces al mes,1 vez al dia,0,0,0,0,1,1,1
81946449,1 vez por semana,1 vez por semana,Entre 2 y 3 veces al dia,Nunca o menos de 1 vez al mes,Nunca o menos de 1 vez al mes,0,0,1,0,0,1,1
81948117,1 vez por semana,2 a 4 veces por semana,2 a 4 veces por semana,Nunca o menos de 1 vez al mes,2 a 4 veces por semana,0,0,0,0,0,0,0
81950977,2 a 4 veces por semana,1 vez al dia,Nunca o menos de 1 vez al mes,Nunca o menos de 1 vez al mes,1 vez al dia,0,1,0,0,1,1,2
81969004,Nunca o menos de 1 vez al mes,5 a 6 veces por semana,2 a 4 veces por semana,2 a 4 veces por semana,1 vez por semana,0,1,0,0,0,1,1
81969007,1 vez por semana,2 a 4 veces por semana,2 a 4 veces por semana,Nunca o menos de 1 vez al mes,2 a 4 veces por semana,0,0,0,0,0,0,0
81973972,Nunca o menos de 1 vez al mes,1 vez por semana,1 vez por semana,Nunca o menos de 1 vez al mes,1 vez por semana,0,0,0,0,0,0,0
81993941,2 a 4 veces por semana,2 a 4 veces por semana,Entre 1 y 3 veces al mes,Nunca o menos de 1 vez al mes,2 a 4 veces por semana,0,0,0,0,0,0,0
82006903,1 vez por semana,1 vez por semana,2 a 4 veces por semana,Nunca o menos de 1 vez al mes,6 veces o m?ís por d?¡a,0,0,0,0,0,0,0
82011392,2 a 4 veces por semana,Nunca o menos de 1 vez al mes,2 a 4 veces por semana,Nunca o menos de 1 vez al mes,1 vez por semana,0,0,0,0,0,0,0
82012846,Entre 1 y 3 veces al mes,2 a 4 veces por semana,1 vez por semana,Entre 1 y 3 veces al mes,Entre 2 y 3 veces al dia,0,0,0,0,1,1,1
82030117,5 a 6 veces por semana,2 a 4 veces por semana,2 a 4 veces por semana,Nunca o menos de 1 vez al mes,1 vez al dia,1,0,0,0,1,1,2
82040115,1 vez por semana,2 a 4 veces por semana,1 vez por semana,Nunca o menos de 1 vez al mes,1 vez al dia,0,0,0,0,1,1,1
82074958,Entre 1 y 3 veces al mes,1 vez al dia,1 vez al dia,1 vez al dia,Entre 2 y 3 veces al dia,0,1,1,1,1,1,4
82105322,2 a 4 veces por semana,2 a 4 veces por semana,Entre 2 y 3 veces al dia,Nunca o menos de 1 vez al mes,Entre 2 y 3 veces al dia,0,0,1,0,1,1,2
82113196,1 vez por semana,Nunca o menos de 1 vez al mes,Nunca o menos de 1 vez al mes,Nunca o menos de 1 vez al mes,2 a 4 veces por semana,0,0,0,0,0,0,0
82114081,Entre 1 y 3 veces al mes,1 vez por semana,1 vez por semana,Nunca o menos de 1 vez al mes,Entre 2 y 3 veces al dia,0,0,0,0,1,1,1
82116542,2 a 4 veces por semana,2 a 4 veces por semana,2 a 4 veces por semana,Nunca o menos de 1 vez al mes,Entre 2 y 3 veces al dia,0,0,0,0,1,1,1
82117171,1 vez por semana,1 vez por semana,5 a 6 veces por semana,Nunca o menos de 1 vez al mes,2 a 4 veces por semana,0,0,1,0,0,1,1
82124234,1 vez por semana,Nunca o menos de 1 vez al mes,Entre 1 y 3 veces al mes,Nunca o menos de 1 vez al mes,2 a 4 veces por semana,0,0,0,0,0,0,0
82125399,Entre 1 y 3 veces al mes,1 vez al dia,2 a 4 veces por semana,Nunca o menos de 1 vez al mes,Nunca o menos de 1 vez al mes,0,1,0,0,0,1,1
82136322,1 vez por semana,2 a 4 veces por semana,2 a 4 veces por semana,Nunca o menos de 1 vez al mes,1 vez por semana,0,0,0,0,0,0,0
82141549,2 a 4 veces por semana,2 a 4 veces por semana,2 a 4 veces por semana,Nunca o menos de 1 vez al mes,2 a 4 veces por semana,0,0,0,0,0,0,0
82144795,Entre 1 y 3 veces al mes,Nunca o menos de 1 vez al mes,5 a 6 veces por semana,Nunca o menos de 1 vez al mes,2 a 4 veces por semana,0,0,1,0,0,1,1
82153123,1 vez por semana,1 vez al dia,1 vez al dia,Nunca o menos de 1 vez al mes,Entre 2 y 3 veces al dia,0,1,1,0,1,1,3
82156203,Entre 1 y 3 veces al mes,2 a 4 veces por semana,5 a 6 veces por semana,1 vez por semana,2 a 4 veces por semana,0,0,1,0,0,1,1
82161279,Entre 1 y 3 veces al mes,Nunca o menos de 1 vez al mes,1 vez por semana,Nunca o menos de 1 vez al mes,Nunca o menos de 1 vez al mes,0,0,0,0,0,0,0
82161595,Nunca o menos de 1 vez al mes,Nunca o menos de 1 vez al mes,1 vez por semana,Nunca o menos de 1 vez al mes,6 veces o m?ís por d?¡a,0,0,0,0,0,0,0
82161760,Nunca o menos de 1 vez al mes,2 a 4 veces por semana,1 vez por semana,Nunca o menos de 1 vez al mes,Entre 1 y 3 veces al mes,0,0,0,0,0,0,0
82169003,Entre 1 y 3 veces al mes,1 vez por semana,2 a 4 veces por semana,Nunca o menos de 1 vez al mes,1 vez por semana,0,0,0,0,0,0,0
82185512,Nunca o menos de 1 vez al mes,2 a 4 veces por semana,Entre 1 y 3 veces al mes,Nunca o menos de 1 vez al mes,5 a 6 veces por semana,0,0,0,0,1,1,1
82192572,Nunca o menos de 1 vez al mes,Nunca o menos de 1 vez al mes,Entre 2 y 3 veces al dia,Nunca o menos de 1 vez al mes,2 a 4 veces por semana,0,0,1,0,0,1,1
82193416,Entre 1 y 3 veces al mes,Entre 1 y 3 veces al mes,1 vez por semana,1 vez por semana,1 vez al dia,0,0,0,0,1,1,1
82199533,Nunca o menos de 1 vez al mes,1 vez por semana,Nunca o menos de 1 vez al mes,Nunca o menos de 1 vez al mes,1 vez por semana,0,0,0,0,0,0,0
82207009,1 vez por semana,1 vez por semana,2 a 4 veces por semana,Nunca o menos de 1 vez al mes,Entre 2 y 3 veces al dia,0,0,0,0,1,1,1
82207160,Entre 1 y 3 veces al mes,2 a 4 veces por semana,2 a 4 veces por semana,Nunca o menos de 1 vez al mes,1 vez por semana,0,0,0,0,0,0,0
82207162,1 vez por semana,1 vez al dia,1 vez por semana,Nunca o menos de 1 vez al mes,1 vez al dia,0,1,0,0,1,1,2
82207804,2 a 4 veces por semana,Nunca o menos de 1 vez al mes,Nunca o menos de 1 vez al mes,Nunca o menos de 1 vez al mes,1 vez al dia,0,0,0,0,1,1,1
82210563,Entre 1 y 3 veces al mes,2 a 4 veces por semana,2 a 4 veces por semana,1 vez por semana,1 vez al dia,0,0,0,0,1,1,1
82210568,Nunca o menos de 1 vez al mes,Nunca o menos de 1 vez al mes,1 vez por semana,Nunca o menos de 1 vez al mes,1 vez por semana,0,0,0,0,0,0,0
82216312,Entre 1 y 3 veces al mes,Entre 1 y 3 veces al mes,2 a 4 veces por semana,Nunca o menos de 1 vez al mes,Entre 2 y 3 veces al dia,0,0,0,0,1,1,1
82218009,5 a 6 veces por semana,Entre 1 y 3 veces al mes,Nunca o menos de 1 vez al mes,1 vez por semana,1 vez al dia,1,0,0,0,1,1,2
82227569,1 vez por semana,1 vez por semana,2 a 4 veces por semana,Nunca o menos de 1 vez al mes,2 a 4 veces por semana,0,0,0,0,0,0,0
82228425,1 vez por semana,Nunca o menos de 1 vez al mes,Entre 2 y 3 veces al dia,1 vez al dia,1 vez al dia,0,0,1,1,1,1,3
82231265,1 vez por semana,2 a 4 veces por semana,2 a 4 veces por semana,Nunca o menos de 1 vez al mes,Entre 2 y 3 veces al dia,0,0,0,0,1,1,1
82234705,Entre 1 y 3 veces al mes,Entre 1 y 3 veces al mes,2 a 4 veces por semana,Entre 1 y 3 veces al mes,Entre 1 y 3 veces al mes,0,0,0,0,0,0,0
82240469,2 a 4 veces por semana,Nunca o menos de 1 vez al mes,2 a 4 veces por semana,Nunca o menos de 1 vez al mes,1 vez por semana,0,0,0,0,0,0,0
82240557,Entre 1 y 3 veces al mes,Entre 1 y 3 veces al mes,1 vez por semana,Nunca o menos de 1 vez al mes,Nunca o menos de 1 vez al mes,0,0,0,0,0,0,0
82241889,1 vez por semana,2 a 4 veces por semana,Entre 2 y 3 veces al dia,1 vez por semana,Entre 4 y 5 veces al dia,0,0,1,0,1,1,2
82242763,1 vez por semana,2 a 4 veces por semana,5 a 6 veces por semana,5 a 6 veces por semana,Entre 2 y 3 veces al dia,0,0,1,1,1,1,3
82242764,Nunca o menos de 1 vez al mes,Entre 1 y 3 veces al mes,Nunca o menos de 1 vez al mes,Nunca o menos de 1 vez al mes,1 vez por semana,0,0,0,0,0,0,0
82242767,2 a 4 veces por semana,2 a 4 veces por semana,2 a 4 veces por semana,Nunca o menos de 1 vez al mes,1 vez por semana,0,0,0,0,0,0,0
82243763,Entre 1 y 3 veces al mes,1 vez al dia,1 vez al dia,Nunca o menos de 1 vez al mes,Entre 2 y 3 veces al dia,0,1,1,0,1,1,3
82243765,Entre 1 y 3 veces al mes,Nunca o menos de 1 vez al mes,2 a 4 veces por semana,Nunca o menos de 1 vez al mes,1 vez por semana,0,0,0,0,0,0,0
82249782,Nunca o menos de 1 vez al mes,1 vez al dia,1 vez por semana,Nunca o menos de 1 vez al mes,Nunca o menos de 1 vez al mes,0,1,0,0,0,1,1
82250298,Nunca o menos de 1 vez al mes,1 vez por semana,Nunca o menos de 1 vez al mes,Nunca o menos de 1 vez al mes,Nunca o menos de 1 vez al mes,0,0,0,0,0,0,0
82272374,2 a 4 veces por semana,2 a 4 veces por semana,1 vez al dia,Nunca o menos de 1 vez al mes,2 a 4 veces por semana,0,0,1,0,0,1,1
82275922,Nunca o menos de 1 vez al mes,1 vez por semana,2 a 4 veces por semana,Nunca o menos de 1 vez al mes,Entre 2 y 3 veces al dia,0,0,0,0,1,1,1
82275927,Entre 1 y 3 veces al mes,1 vez al dia,1 vez al dia,Nunca o menos de 1 vez al mes,Entre 2 y 3 veces al dia,0,1,1,0,1,1,3
82279660,2 a 4 veces por semana,1 vez por semana,2 a 4 veces por semana,Nunca o menos de 1 vez al mes,1 vez por semana,0,0,0,0,0,0,0
82283514,Entre 1 y 3 veces al mes,Entre 1 y 3 veces al mes,1 vez por semana,Nunca o menos de 1 vez al mes,2 a 4 veces por semana,0,0,0,0,0,0,0
82286367,Nunca o menos de 1 vez al mes,Entre 1 y 3 veces al mes,2 a 4 veces por semana,Nunca o menos de 1 vez al mes,Nunca o menos de 1 vez al mes,0,0,0,0,0,0,0
82286371,1 vez al dia,1 vez al dia,1 vez al dia,Nunca o menos de 1 vez al mes,2 a 4 veces por semana,1,1,1,0,0,1,3
82286633,1 vez al dia,1 vez al dia,Entre 1 y 3 veces al mes,Nunca o menos de 1 vez al mes,1 vez por semana,1,1,0,0,0,1,2
82297699,2 a 4 veces por semana,1 vez por semana,1 vez por semana,Nunca o menos de 1 vez al mes,1 vez al dia,0,0,0,0,1,1,1
82299775,1 vez por semana,2 a 4 veces por semana,5 a 6 veces por semana,Nunca o menos de 1 vez al mes,Entre 2 y 3 veces al dia,0,0,1,0,1,1,2
82308725,Nunca o menos de 1 vez al mes,Nunca o menos de 1 vez al mes,2 a 4 veces por semana,2 a 4 veces por semana,1 vez por semana,0,0,0,0,0,0,0
82319303,2 a 4 veces por semana,1 vez al dia,2 a 4 veces por semana,Nunca o menos de 1 vez al mes,1 vez al dia,0,1,0,0,1,1,2
82320315,Nunca o menos de 1 vez al mes,Nunca o menos de 1 vez al mes,1 vez al dia,Entre 1 y 3 veces al mes,2 a 4 veces por semana,0,0,1,0,0,1,1
82325227,1 vez por semana,2 a 4 veces por semana,Entre 2 y 3 veces al dia,Nunca o menos de 1 vez al mes,Entre 2 y 3 veces al dia,0,0,1,0,1,1,2
82325228,1 vez por semana,1 vez por semana,2 a 4 veces por semana,Nunca o menos de 1 vez al mes,Entre 2 y 3 veces al dia,0,0,0,0,1,1,1
82329872,5 a 6 veces por semana,5 a 6 veces por semana,5 a 6 veces por semana,Entre 1 y 3 veces al mes,1 vez al dia,1,1,1,0,1,1,4
82331628,2 a 4 veces por semana,1 vez por semana,2 a 4 veces por semana,Nunca o menos de 1 vez al mes,2 a 4 veces por semana,0,0,0,0,0,0,0
82336780,Nunca o menos de 1 vez al mes,2 a 4 veces por semana,2 a 4 veces por semana,Nunca o menos de 1 vez al mes,2 a 4 veces por semana,0,0,0,0,0,0,0
82337933,Entre 1 y 3 veces al mes,1 vez al dia,1 vez al dia,Nunca o menos de 1 vez al mes,Nunca o menos de 1 vez al mes,0,1,1,0,0,1,2
82344231,Entre 1 y 3 veces al mes,2 a 4 veces por semana,1 vez por semana,Entre 1 y 3 veces al mes,2 a 4 veces por semana,0,0,0,0,0,0,0
82344526,1 vez por semana,1 vez por semana,1 vez por semana,1 vez por semana,1 vez por semana,0,0,0,0,0,0,0
82345553,Entre 1 y 3 veces al mes,2 a 4 veces por semana,1 vez al dia,Nunca o menos de 1 vez al mes,2 a 4 veces por semana,0,0,1,0,0,1,1
82345555,1 vez por semana,2 a 4 veces por semana,Nunca o menos de 1 vez al mes,Nunca o menos de 1 vez al mes,2 a 4 veces por semana,0,0,0,0,0,0,0
82345874,2 a 4 veces por semana,1 vez por semana,2 a 4 veces por semana,Nunca o menos de 1 vez al mes,5 a 6 veces por semana,0,0,0,0,1,1,1
82350313,Nunca o menos de 1 vez al mes,1 vez al dia,2 a 4 veces por semana,Nunca o menos de 1 vez al mes,1 vez al dia,0,1,0,0,1,1,2
82350314,Nunca o menos de 1 vez al mes,1 vez por semana,Entre 1 y 3 veces al mes,Nunca o menos de 1 vez al mes,Entre 1 y 3 veces al mes,0,0,0,0,0,0,0
82350598,1 vez por semana,2 a 4 veces por semana,1 vez por semana,Nunca o menos de 1 vez al mes,2 a 4 veces por semana,0,0,0,0,0,0,0
82353338,1 vez por semana,2 a 4 veces por semana,2 a 4 veces por semana,1 vez por semana,2 a 4 veces por semana,0,0,0,0,0,0,0
82370056,Entre 1 y 3 veces al mes,Nunca o menos de 1 vez al mes,2 a 4 veces por semana,Nunca o menos de 1 vez al mes,2 a 4 veces por semana,0,0,0,0,0,0,0
82376819,2 a 4 veces por semana,2 a 4 veces por semana,2 a 4 veces por semana,Entre 1 y 3 veces al mes,2 a 4 veces por semana,0,0,0,0,0,0,0
82377413,2 a 4 veces por semana,1 vez por semana,1 vez por semana,1 vez por semana,2 a 4 veces por semana,0,0,0,0,0,0,0
82380584,1 vez por semana,Nunca o menos de 1 vez al mes,1 vez por semana,Nunca o menos de 1 vez al mes,6 veces o m?ís por d?¡a,0,0,0,0,0,0,0
82387563,1 vez por semana,1 vez al dia,1 vez al dia,Nunca o menos de 1 vez al mes,1 vez al dia,0,1,1,0,1,1,3
82391315,Nunca o menos de 1 vez al mes,2 a 4 veces por semana,Nunca o menos de 1 vez al mes,Nunca o menos de 1 vez al mes,1 vez por semana,0,0,0,0,0,0,0
82392097,Entre 2 y 3 veces al dia,1 vez por semana,5 a 6 veces por semana,Nunca o menos de 1 vez al mes,2 a 4 veces por semana,1,0,1,0,0,1,2
82393348,Entre 1 y 3 veces al mes,Entre 1 y 3 veces al mes,1 vez por semana,1 vez por semana,Entre 1 y 3 veces al mes,0,0,0,0,0,0,0
82407547,Entre 1 y 3 veces al mes,2 a 4 veces por semana,2 a 4 veces por semana,Nunca o menos de 1 vez al mes,Entre 4 y 5 veces al dia,0,0,0,0,1,1,1
82407855,2 a 4 veces por semana,2 a 4 veces por semana,1 vez por semana,Nunca o menos de 1 vez al mes,Entre 2 y 3 veces al dia,0,0,0,0,1,1,1
82411627,2 a 4 veces por semana,1 vez al dia,1 vez al dia,1 vez por semana,5 a 6 veces por semana,0,1,1,0,1,1,3
82411823,1 vez por semana,2 a 4 veces por semana,Entre 2 y 3 veces al dia,Nunca o menos de 1 vez al mes,2 a 4 veces por semana,0,0,1,0,0,1,1
82412612,Nunca o menos de 1 vez al mes,Nunca o menos de 1 vez al mes,5 a 6 veces por semana,Nunca o menos de 1 vez al mes,1 vez al dia,0,0,1,0,1,1,2
82412613,Nunca o menos de 1 vez al mes,Nunca o menos de 1 vez al mes,1 vez por semana,Nunca o menos de 1 vez al mes,2 a 4 veces por semana,0,0,0,0,0,0,0
82428490,1 vez por semana,2 a 4 veces por semana,2 a 4 veces por semana,Nunca o menos de 1 vez al mes,1 vez al dia,0,0,0,0,1,1,1
82431443,Nunca o menos de 1 vez al mes,Entre 1 y 3 veces al mes,1 vez al dia,Nunca o menos de 1 vez al mes,2 a 4 veces por semana,0,0,1,0,0,1,1
82435692,1 vez por semana,1 vez por semana,2 a 4 veces por semana,Nunca o menos de 1 vez al mes,2 a 4 veces por semana,0,0,0,0,0,0,0
82439026,Entre 1 y 3 veces al mes,Nunca o menos de 1 vez al mes,1 vez por semana,2 a 4 veces por semana,2 a 4 veces por semana,0,0,0,0,0,0,0
82439280,Nunca o menos de 1 vez al mes,Nunca o menos de 1 vez al mes,Nunca o menos de 1 vez al mes,Nunca o menos de 1 vez al mes,1 vez al dia,0,0,0,0,1,1,1
82440822,Nunca o menos de 1 vez al mes,Entre 1 y 3 veces al mes,Entre 1 y 3 veces al mes,Nunca o menos de 1 vez al mes,1 vez por semana,0,0,0,0,0,0,0
82456730,Nunca o menos de 1 vez al mes,2 a 4 veces por semana,1 vez por semana,Nunca o menos de 1 vez al mes,Entre 2 y 3 veces al dia,0,0,0,0,1,1,1
82458769,Nunca o menos de 1 vez al mes,2 a 4 veces por semana,2 a 4 veces por semana,Nunca o menos de 1 vez al mes,1 vez al dia,0,0,0,0,1,1,1
82461411,1 vez por semana,1 vez por semana,2 a 4 veces por semana,Nunca o menos de 1 vez al mes,2 a 4 veces por semana,0,0,0,0,0,0,0
82483840,Nunca o menos de 1 vez al mes,1 vez por semana,1 vez por semana,Nunca o menos de 1 vez al mes,Entre 4 y 5 veces al dia,0,0,0,0,1,1,1
82484229,Nunca o menos de 1 vez al mes,1 vez por semana,2 a 4 veces por semana,Nunca o menos de 1 vez al mes,Nunca o menos de 1 vez al mes,0,0,0,0,0,0,0
82495395,Entre 1 y 3 veces al mes,2 a 4 veces por semana,1 vez al dia,Nunca o menos de 1 vez al mes,1 vez por semana,0,0,1,0,0,1,1
82495558,2 a 4 veces por semana,Entre 2 y 3 veces al dia,2 a 4 veces por semana,Nunca o menos de 1 vez al mes,Entre 2 y 3 veces al dia,0,1,0,0,1,1,2
82501090,Entre 1 y 3 veces al mes,Entre 1 y 3 veces al mes,Entre 1 y 3 veces al mes,2 a 4 veces por semana,5 a 6 veces por semana,0,0,0,0,1,1,1
82510167,1 vez por semana,Entre 1 y 3 veces al mes,Nunca o menos de 1 vez al mes,Nunca o menos de 1 vez al mes,Entre 1 y 3 veces al mes,0,0,0,0,0,0,0
82511999,1 vez por semana,1 vez por semana,Nunca o menos de 1 vez al mes,Nunca o menos de 1 vez al mes,1 vez por semana,0,0,0,0,0,0,0
82512000,1 vez al dia,2 a 4 veces por semana,Nunca o menos de 1 vez al mes,Nunca o menos de 1 vez al mes,1 vez por semana,1,0,0,0,0,1,1
82519649,1 vez al dia,1 vez al dia,Nunca o menos de 1 vez al mes,Nunca o menos de 1 vez al mes,Entre 2 y 3 veces al dia,1,1,0,0,1,1,3
82519652,2 a 4 veces por semana,2 a 4 veces por semana,Nunca o menos de 1 vez al mes,Nunca o menos de 1 vez al mes,2 a 4 veces por semana,0,0,0,0,0,0,0
82519785,1 vez por semana,2 a 4 veces por semana,Nunca o menos de 1 vez al mes,Entre 1 y 3 veces al mes,5 a 6 veces por semana,0,0,0,0,1,1,1
82523423,1 vez por semana,2 a 4 veces por semana,Entre 1 y 3 veces al mes,Nunca o menos de 1 vez al mes,5 a 6 veces por semana,0,0,0,0,1,1,1
82540173,Nunca o menos de 1 vez al mes,Nunca o menos de 1 vez al mes,Nunca o menos de 1 vez al mes,Nunca o menos de 1 vez al mes,Nunca o menos de 1 vez al mes,0,0,0,0,0,0,0
82540815,2 a 4 veces por semana,1 vez por semana,1 vez por semana,Nunca o menos de 1 vez al mes,Entre 2 y 3 veces al dia,0,0,0,0,1,1,1
82542127,1 vez por semana,1 vez por semana,2 a 4 veces por semana,2 a 4 veces por semana,Entre 2 y 3 veces al dia,0,0,0,0,1,1,1
82542130,1 vez por semana,2 a 4 veces por semana,1 vez por semana,2 a 4 veces por semana,Entre 2 y 3 veces al dia,0,0,0,0,1,1,1
82542534,Entre 1 y 3 veces al mes,Nunca o menos de 1 vez al mes,Entre 1 y 3 veces al mes,Nunca o menos de 1 vez al mes,Entre 2 y 3 veces al dia,0,0,0,0,1,1,1
82543688,2 a 4 veces por semana,1 vez al dia,5 a 6 veces por semana,Nunca o menos de 1 vez al mes,Entre 2 y 3 veces al dia,0,1,1,0,1,1,3
82554629,Nunca o menos de 1 vez al mes,Entre 1 y 3 veces al mes,2 a 4 veces por semana,Nunca o menos de 1 vez al mes,2 a 4 veces por semana,0,0,0,0,0,0,0
82573945,Nunca o menos de 1 vez al mes,Nunca o menos de 1 vez al mes,5 a 6 veces por semana,1 vez por semana,Nunca o menos de 1 vez al mes,0,0,1,0,0,1,1
82573948,Entre 1 y 3 veces al mes,2 a 4 veces por semana,Nunca o menos de 1 vez al mes,Nunca o menos de 1 vez al mes,1 vez al dia,0,0,0,0,1,1,1
82579333,5 a 6 veces por semana,1 vez al dia,1 vez por semana,1 vez por semana,2 a 4 veces por semana,1,1,0,0,0,1,2
82585078,2 a 4 veces por semana,2 a 4 veces por semana,1 vez al dia,Nunca o menos de 1 vez al mes,2 a 4 veces por semana,0,0,1,0,0,1,1
82585083,2 a 4 veces por semana,2 a 4 veces por semana,Entre 1 y 3 veces al mes,Nunca o menos de 1 vez al mes,6 veces o m?ís por d?¡a,0,0,0,0,0,0,0
82585084,1 vez por semana,Nunca o menos de 1 vez al mes,1 vez por semana,Nunca o menos de 1 vez al mes,6 veces o m?ís por d?¡a,0,0,0,0,0,0,0
82585085,5 a 6 veces por semana,1 vez al dia,1 vez al dia,Nunca o menos de 1 vez al mes,Entre 4 y 5 veces al dia,1,1,1,0,1,1,4
82588183,Nunca o menos de 1 vez al mes,Nunca o menos de 1 vez al mes,5 a 6 veces por semana,Nunca o menos de 1 vez al mes,5 a 6 veces por semana,0,0,1,0,1,1,2
82606469,Nunca o menos de 1 vez al mes,Entre 1 y 3 veces al mes,1 vez al dia,Nunca o menos de 1 vez al mes,Nunca o menos de 1 vez al mes,0,0,1,0,0,1,1
82608760,Entre 1 y 3 veces al mes,Entre 1 y 3 veces al mes,2 a 4 veces por semana,Nunca o menos de 1 vez al mes,1 vez por semana,0,0,0,0,0,0,0
82608941,2 a 4 veces por semana,2 a 4 veces por semana,Entre 2 y 3 veces al dia,Nunca o menos de 1 vez al mes,Entre 4 y 5 veces al dia,0,0,1,0,1,1,2
82610228,2 a 4 veces por semana,2 a 4 veces por semana,2 a 4 veces por semana,1 vez por semana,Entre 4 y 5 veces al dia,0,0,0,0,1,1,1
82610479,Entre 1 y 3 veces al mes,1 vez por semana,1 vez al dia,Nunca o menos de 1 vez al mes,Nunca o menos de 1 vez al mes,0,0,1,0,0,1,1
82610672,2 a 4 veces por semana,2 a 4 veces por semana,1 vez al dia,1 vez por semana,Entre 2 y 3 veces al dia,0,0,1,0,1,1,2
82645789,Entre 1 y 3 veces al mes,Entre 1 y 3 veces al mes,2 a 4 veces por semana,1 vez por semana,2 a 4 veces por semana,0,0,0,0,0,0,0
82659916,Entre 1 y 3 veces al mes,2 a 4 veces por semana,5 a 6 veces por semana,Nunca o menos de 1 vez al mes,1 vez por semana,0,0,1,0,0,1,1
82673265,1 vez por semana,2 a 4 veces por semana,5 a 6 veces por semana,Nunca o menos de 1 vez al mes,5 a 6 veces por semana,0,0,1,0,1,1,2
82692145,Nunca o menos de 1 vez al mes,2 a 4 veces por semana,5 a 6 veces por semana,Nunca o menos de 1 vez al mes,5 a 6 veces por semana,0,0,1,0,1,1,2
82829998,5 a 6 veces por semana,5 a 6 veces por semana,2 a 4 veces por semana,2 a 4 veces por semana,1 vez al dia,1,1,0,0,1,1,3
82839081,2 a 4 veces por semana,1 vez al dia,1 vez al dia,1 vez por semana,Entre 2 y 3 veces al dia,0,1,1,0,1,1,3
82840324,1 vez por semana,1 vez por semana,2 a 4 veces por semana,2 a 4 veces por semana,1 vez por semana,0,0,0,0,0,0,0
82894052,Entre 1 y 3 veces al mes,Entre 1 y 3 veces al mes,Entre 1 y 3 veces al mes,Entre 1 y 3 veces al mes,1 vez por semana,0,0,0,0,0,0,0
82894210,1 vez por semana,2 a 4 veces por semana,2 a 4 veces por semana,Entre 1 y 3 veces al mes,2 a 4 veces por semana,0,0,0,0,0,0,0
82898503,5 a 6 veces por semana,2 a 4 veces por semana,5 a 6 veces por semana,Nunca o menos de 1 vez al mes,Entre 4 y 5 veces al dia,1,0,1,0,1,1,3
82898505,1 vez por semana,5 a 6 veces por semana,5 a 6 veces por semana,Nunca o menos de 1 vez al mes,Entre 2 y 3 veces al dia,0,1,1,0,1,1,3
82930839,1 vez por semana,Nunca o menos de 1 vez al mes,Entre 2 y 3 veces al dia,Nunca o menos de 1 vez al mes,1 vez por semana,0,0,1,0,0,1,1
82931468,1 vez por semana,2 a 4 veces por semana,1 vez al dia,Nunca o menos de 1 vez al mes,1 vez al dia,0,0,1,0,1,1,2
82931958,1 vez por semana,1 vez por semana,1 vez al dia,Nunca o menos de 1 vez al mes,1 vez al dia,0,0,1,0,1,1,2
82934825,Nunca o menos de 1 vez al mes,Nunca o menos de 1 vez al mes,Nunca o menos de 1 vez al mes,Nunca o menos de 1 vez al mes,Nunca o menos de 1 vez al mes,0,0,0,0,0,0,0
82938613,2 a 4 veces por semana,5 a 6 veces por semana,1 vez al dia,Nunca o menos de 1 vez al mes,5 a 6 veces por semana,0,1,1,0,1,1,3
82940816,2 a 4 veces por semana,2 a 4 veces por semana,2 a 4 veces por semana,1 vez por semana,2 a 4 veces por semana,0,0,0,0,0,0,0
82998075,1 vez por semana,Entre 1 y 3 veces al mes,2 a 4 veces por semana,Nunca o menos de 1 vez al mes,Entre 2 y 3 veces al dia,0,0,0,0,1,1,1
83001881,1 vez al dia,5 a 6 veces por semana,1 vez al dia,Nunca o menos de 1 vez al mes,Entre 1 y 3 veces al mes,1,1,1,0,0,1,3
83001889,Entre 1 y 3 veces al mes,Entre 1 y 3 veces al mes,1 vez al dia,Nunca o menos de 1 vez al mes,Nunca o menos de 1 vez al mes,0,0,1,0,0,1,1
83024339,1 vez al dia,1 vez al dia,1 vez por semana,Nunca o menos de 1 vez al mes,1 vez al dia,1,1,0,0,1,1,3
83024342,Nunca o menos de 1 vez al mes,Nunca o menos de 1 vez al mes,5 a 6 veces por semana,Nunca o menos de 1 vez al mes,2 a 4 veces por semana,0,0,1,0,0,1,1
83030900,Nunca o menos de 1 vez al mes,Nunca o menos de 1 vez al mes,5 a 6 veces por semana,Nunca o menos de 1 vez al mes,Nunca o menos de 1 vez al mes,0,0,1,0,0,1,1
83030901,Nunca o menos de 1 vez al mes,Entre 1 y 3 veces al mes,2 a 4 veces por semana,Nunca o menos de 1 vez al mes,2 a 4 veces por semana,0,0,0,0,0,0,0
83030904,Nunca o menos de 1 vez al mes,1 vez por semana,2 a 4 veces por semana,Nunca o menos de 1 vez al mes,Nunca o menos de 1 vez al mes,0,0,0,0,0,0,0
83036124,Nunca o menos de 1 vez al mes,1 vez al dia,1 vez al dia,Nunca o menos de 1 vez al mes,Entre 2 y 3 veces al dia,0,1,1,0,1,1,3
83050776,Nunca o menos de 1 vez al mes,2 a 4 veces por semana,2 a 4 veces por semana,Nunca o menos de 1 vez al mes,Entre 1 y 3 veces al mes,0,0,0,0,0,0,0
83067304,2 a 4 veces por semana,1 vez por semana,Nunca o menos de 1 vez al mes,Nunca o menos de 1 vez al mes,5 a 6 veces por semana,0,0,0,0,1,1,1
83072322,Nunca o menos de 1 vez al mes,Nunca o menos de 1 vez al mes,2 a 4 veces por semana,Nunca o menos de 1 vez al mes,Entre 2 y 3 veces al dia,0,0,0,0,1,1,1
83087878,Nunca o menos de 1 vez al mes,2 a 4 veces por semana,2 a 4 veces por semana,Nunca o menos de 1 vez al mes,5 a 6 veces por semana,0,0,0,0,1,1,1
83098810,Nunca o menos de 1 vez al mes,2 a 4 veces por semana,2 a 4 veces por semana,Nunca o menos de 1 vez al mes,5 a 6 veces por semana,0,0,0,0,1,1,1
83098811,Entre 1 y 3 veces al mes,2 a 4 veces por semana,2 a 4 veces por semana,Nunca o menos de 1 vez al mes,1 vez al dia,0,0,0,0,1,1,1
83098830,Entre 1 y 3 veces al mes,Entre 1 y 3 veces al mes,1 vez por semana,Nunca o menos de 1 vez al mes,2 a 4 veces por semana,0,0,0,0,0,0,0
83118657,1 vez por semana,2 a 4 veces por semana,2 a 4 veces por semana,Nunca o menos de 1 vez al mes,5 a 6 veces por semana,0,0,0,0,1,1,1
83156228,1 vez por semana,1 vez por semana,1 vez por semana,Nunca o menos de 1 vez al mes,Nunca o menos de 1 vez al mes,0,0,0,0,0,0,0
83233878,Nunca o menos de 1 vez al mes,Entre 1 y 3 veces al mes,Nunca o menos de 1 vez al mes,Nunca o menos de 1 vez al mes,2 a 4 veces por semana,0,0,0,0,0,0,0
83233879,Nunca o menos de 1 vez al mes,2 a 4 veces por semana,1 vez por semana,Nunca o menos de 1 vez al mes,2 a 4 veces por semana,0,0,0,0,0,0,0
83241164,Nunca o menos de 1 vez al mes,Nunca o menos de 1 vez al mes,Entre 1 y 3 veces al mes,Nunca o menos de 1 vez al mes,Entre 1 y 3 veces al mes,0,0,0,0,0,0,0
83256132,2 a 4 veces por semana,1 vez al dia,2 a 4 veces por semana,Nunca o menos de 1 vez al mes,Entre 2 y 3 veces al dia,0,1,0,0,1,1,2
83271225,1 vez por semana,Nunca o menos de 1 vez al mes,1 vez por semana,Nunca o menos de 1 vez al mes,2 a 4 veces por semana,0,0,0,0,0,0,0
83293373,1 vez por semana,1 vez por semana,2 a 4 veces por semana,Nunca o menos de 1 vez al mes,5 a 6 veces por semana,0,0,0,0,1,1,1
83327343,Entre 1 y 3 veces al mes,1 vez por semana,1 vez por semana,Nunca o menos de 1 vez al mes,Entre 2 y 3 veces al dia,0,0,0,0,1,1,1
83353917,Nunca o menos de 1 vez al mes,1 vez por semana,2 a 4 veces por semana,1 vez por semana,1 vez al dia,0,0,0,0,1,1,1
83362938,Nunca o menos de 1 vez al mes,Entre 1 y 3 veces al mes,2 a 4 veces por semana,Nunca o menos de 1 vez al mes,2 a 4 veces por semana,0,0,0,0,0,0,0
83374935,2 a 4 veces por semana,1 vez por semana,1 vez por semana,Nunca o menos de 1 vez al mes,Entre 1 y 3 veces al mes,0,0,0,0,0,0,0
83376055,2 a 4 veces por semana,2 a 4 veces por semana,2 a 4 veces por semana,Nunca o menos de 1 vez al mes,5 a 6 veces por semana,0,0,0,0,1,1,1
83379611,Nunca o menos de 1 vez al mes,Nunca o menos de 1 vez al mes,Nunca o menos de 1 vez al mes,Nunca o menos de 1 vez al mes,Nunca o menos de 1 vez al mes,0,0,0,0,0,0,0
83412200,Nunca o menos de 1 vez al mes,Nunca o menos de 1 vez al mes,Nunca o menos de 1 vez al mes,Nunca o menos de 1 vez al mes,Nunca o menos de 1 vez al mes,0,0,0,0,0,0,0
83424376,Nunca o menos de 1 vez al mes,1 vez por semana,Nunca o menos de 1 vez al mes,Nunca o menos de 1 vez al mes,Entre 2 y 3 veces al dia,0,0,0,0,1,1,1
83424383,Entre 1 y 3 veces al mes,2 a 4 veces por semana,2 a 4 veces por semana,Nunca o menos de 1 vez al mes,2 a 4 veces por semana,0,0,0,0,0,0,0
83424389,1 vez por semana,2 a 4 veces por semana,2 a 4 veces por semana,Nunca o menos de 1 vez al mes,Entre 2 y 3 veces al dia,0,0,0,0,1,1,1
83432296,Nunca o menos de 1 vez al mes,Nunca o menos de 1 vez al mes,2 a 4 veces por semana,Nunca o menos de 1 vez al mes,Nunca o menos de 1 vez al mes,0,0,0,0,0,0,0
83458665,Nunca o menos de 1 vez al mes,1 vez por semana,2 a 4 veces por semana,Nunca o menos de 1 vez al mes,Entre 1 y 3 veces al mes,0,0,0,0,0,0,0
83459201,Nunca o menos de 1 vez al mes,2 a 4 veces por semana,Nunca o menos de 1 vez al mes,2 a 4 veces por semana,Nunca o menos de 1 vez al mes,0,0,0,0,0,0,0
83493585,1 vez por semana,Nunca o menos de 1 vez al mes,1 vez al dia,Nunca o menos de 1 vez al mes,Entre 2 y 3 veces al dia,0,0,1,0,1,1,2
83518765,Nunca o menos de 1 vez al mes,2 a 4 veces por semana,1 vez al dia,Nunca o menos de 1 vez al mes,Entre 2 y 3 veces al dia,0,0,1,0,1,1,2
83545589,Nunca o menos de 1 vez al mes,Nunca o menos de 1 vez al mes,Entre 2 y 3 veces al dia,1 vez por semana,Entre 2 y 3 veces al dia,0,0,1,0,1,1,2
83545590,Nunca o menos de 1 vez al mes,Nunca o menos de 1 vez al mes,Entre 1 y 3 veces al mes,Nunca o menos de 1 vez al mes,2 a 4 veces por semana,0,0,0,0,0,0,0
83547614,1 vez al dia,Entre 1 y 3 veces al mes,1 vez por semana,Nunca o menos de 1 vez al mes,Entre 4 y 5 veces al dia,1,0,0,0,1,1,2
83632001,5 a 6 veces por semana,6 veces o m?ís por d?¡a,1 vez por semana,Nunca o menos de 1 vez al mes,5 a 6 veces por semana,1,0,0,0,1,1,2
83632002,2 a 4 veces por semana,Nunca o menos de 1 vez al mes,2 a 4 veces por semana,Nunca o menos de 1 vez al mes,Entre 4 y 5 veces al dia,0,0,0,0,1,1,1
83632006,Entre 1 y 3 veces al mes,Entre 1 y 3 veces al mes,Entre 1 y 3 veces al mes,Entre 1 y 3 veces al mes,1 vez al dia,0,0,0,0,1,1,1
83632008,1 vez al dia,1 vez al dia,1 vez al dia,Entre 1 y 3 veces al mes,Entre 4 y 5 veces al dia,1,1,1,0,1,1,4
83632009,1 vez por semana,1 vez al dia,1 vez al dia,1 vez al dia,Entre 4 y 5 veces al dia,0,1,1,1,1,1,4
83637733,1 vez por semana,Nunca o menos de 1 vez al mes,Nunca o menos de 1 vez al mes,Nunca o menos de 1 vez al mes,1 vez al dia,0,0,0,0,1,1,1
83648570,Entre 1 y 3 veces al mes,Nunca o menos de 1 vez al mes,1 vez por semana,Nunca o menos de 1 vez al mes,Entre 2 y 3 veces al dia,0,0,0,0,1,1,1
83656242,1 vez por semana,Nunca o menos de 1 vez al mes,2 a 4 veces por semana,2 a 4 veces por semana,1 vez al dia,0,0,0,0,1,1,1
83656243,1 vez por semana,1 vez por semana,Entre 1 y 3 veces al mes,2 a 4 veces por semana,Entre 2 y 3 veces al dia,0,0,0,0,1,1,1
83672318,Entre 1 y 3 veces al mes,1 vez por semana,2 a 4 veces por semana,Nunca o menos de 1 vez al mes,5 a 6 veces por semana,0,0,0,0,1,1,1
83673892,2 a 4 veces por semana,2 a 4 veces por semana,1 vez al dia,Nunca o menos de 1 vez al mes,Entre 2 y 3 veces al dia,0,0,1,0,1,1,2
83683182,Nunca o menos de 1 vez al mes,Nunca o menos de 1 vez al mes,Entre 1 y 3 veces al mes,Nunca o menos de 1 vez al mes,1 vez al dia,0,0,0,0,1,1,1
83683183,Entre 1 y 3 veces al mes,Nunca o menos de 1 vez al mes,Entre 1 y 3 veces al mes,Nunca o menos de 1 vez al mes,2 a 4 veces por semana,0,0,0,0,0,0,0
83684488,1 vez por semana,1 vez por semana,2 a 4 veces por semana,Nunca o menos de 1 vez al mes,2 a 4 veces por semana,0,0,0,0,0,0,0
83687895,2 a 4 veces por semana,2 a 4 veces por semana,2 a 4 veces por semana,Nunca o menos de 1 vez al mes,1 vez por semana,0,0,0,0,0,0,0
83689336,Nunca o menos de 1 vez al mes,Nunca o menos de 1 vez al mes,Entre 1 y 3 veces al mes,Nunca o menos de 1 vez al mes,Nunca o menos de 1 vez al mes,0,0,0,0,0,0,0
83694135,Entre 1 y 3 veces al mes,Entre 1 y 3 veces al mes,1 vez por semana,Nunca o menos de 1 vez al mes,Entre 4 y 5 veces al dia,0,0,0,0,1,1,1
83703797,1 vez por semana,1 vez por semana,1 vez por semana,Nunca o menos de 1 vez al mes,1 vez por semana,0,0,0,0,0,0,0
83713047,1 vez por semana,1 vez al dia,5 a 6 veces por semana,Nunca o menos de 1 vez al mes,Entre 1 y 3 veces al mes,0,1,1,0,0,1,2
83720443,Nunca o menos de 1 vez al mes,1 vez por semana,1 vez al dia,Entre 1 y 3 veces al mes,1 vez al dia,0,0,1,0,1,1,2
83738625,Nunca o menos de 1 vez al mes,2 a 4 veces por semana,2 a 4 veces por semana,Nunca o menos de 1 vez al mes,1 vez al dia,0,0,0,0,1,1,1
83741806,Nunca o menos de 1 vez al mes,1 vez por semana,1 vez por semana,1 vez por semana,1 vez por semana,0,0,0,0,0,0,0
83742479,1 vez por semana,5 a 6 veces por semana,2 a 4 veces por semana,Nunca o menos de 1 vez al mes,2 a 4 veces por semana,0,1,0,0,0,1,1
83743125,Entre 1 y 3 veces al mes,1 vez por semana,1 vez por semana,Nunca o menos de 1 vez al mes,Entre 2 y 3 veces al dia,0,0,0,0,1,1,1
83749878,2 a 4 veces por semana,1 vez por semana,Entre 1 y 3 veces al mes,Nunca o menos de 1 vez al mes,Entre 2 y 3 veces al dia,0,0,0,0,1,1,1
83750475,2 a 4 veces por semana,2 a 4 veces por semana,1 vez por semana,Nunca o menos de 1 vez al mes,5 a 6 veces por semana,0,0,0,0,1,1,1
83763575,Nunca o menos de 1 vez al mes,Nunca o menos de 1 vez al mes,Nunca o menos de 1 vez al mes,Nunca o menos de 1 vez al mes,2 a 4 veces por semana,0,0,0,0,0,0,0
83781684,2 a 4 veces por semana,Nunca o menos de 1 vez al mes,Nunca o menos de 1 vez al mes,Nunca o menos de 1 vez al mes,5 a 6 veces por semana,0,0,0,0,1,1,1
83784783,1 vez por semana,2 a 4 veces por semana,1 vez al dia,2 a 4 veces por semana,Entre 2 y 3 veces al dia,0,0,1,0,1,1,2
83787165,Nunca o menos de 1 vez al mes,Entre 1 y 3 veces al mes,Nunca o menos de 1 vez al mes,Nunca o menos de 1 vez al mes,2 a 4 veces por semana,0,0,0,0,0,0,0
83787166,Nunca o menos de 1 vez al mes,1 vez por semana,1 vez por semana,Nunca o menos de 1 vez al mes,2 a 4 veces por semana,0,0,0,0,0,0,0
83798711,Nunca o menos de 1 vez al mes,Nunca o menos de 1 vez al mes,1 vez por semana,Nunca o menos de 1 vez al mes,1 vez por semana,0,0,0,0,0,0,0
83802380,Entre 1 y 3 veces al mes,Nunca o menos de 1 vez al mes,Nunca o menos de 1 vez al mes,Entre 1 y 3 veces al mes,6 veces o m?ís por d?¡a,0,0,0,0,0,0,0
83807126,Entre 1 y 3 veces al mes,2 a 4 veces por semana,Entre 2 y 3 veces al dia,Nunca o menos de 1 vez al mes,Nunca o menos de 1 vez al mes,0,0,1,0,0,1,1
83809103,1 vez por semana,Nunca o menos de 1 vez al mes,Entre 1 y 3 veces al mes,Nunca o menos de 1 vez al mes,2 a 4 veces por semana,0,0,0,0,0,0,0
83809223,2 a 4 veces por semana,5 a 6 veces por semana,1 vez por semana,2 a 4 veces por semana,5 a 6 veces por semana,0,1,0,0,1,1,2
83809226,Nunca o menos de 1 vez al mes,Nunca o menos de 1 vez al mes,1 vez por semana,2 a 4 veces por semana,Entre 2 y 3 veces al dia,0,0,0,0,1,1,1
83811277,Nunca o menos de 1 vez al mes,1 vez por semana,Entre 1 y 3 veces al mes,Nunca o menos de 1 vez al mes,Nunca o menos de 1 vez al mes,0,0,0,0,0,0,0
83813190,2 a 4 veces por semana,1 vez al dia,1 vez por semana,Nunca o menos de 1 vez al mes,Entre 4 y 5 veces al dia,0,1,0,0,1,1,2
83817462,1 vez por semana,2 a 4 veces por semana,1 vez al dia,1 vez por semana,1 vez por semana,0,0,1,0,0,1,1
83837440,5 a 6 veces por semana,1 vez por semana,5 a 6 veces por semana,Nunca o menos de 1 vez al mes,5 a 6 veces por semana,1,0,1,0,1,1,3
83844719,Nunca o menos de 1 vez al mes,Nunca o menos de 1 vez al mes,5 a 6 veces por semana,Nunca o menos de 1 vez al mes,1 vez por semana,0,0,1,0,0,1,1
83861623,Entre 1 y 3 veces al mes,1 vez por semana,1 vez por semana,2 a 4 veces por semana,Entre 2 y 3 veces al dia,0,0,0,0,1,1,1
83868584,2 a 4 veces por semana,Entre 1 y 3 veces al mes,Entre 2 y 3 veces al dia,1 vez por semana,Entre 4 y 5 veces al dia,0,0,1,0,1,1,2
83872810,2 a 4 veces por semana,6 veces o m?ís por d?¡a,Nunca o menos de 1 vez al mes,Nunca o menos de 1 vez al mes,Nunca o menos de 1 vez al mes,0,0,0,0,0,0,0
83880004,1 vez por semana,2 a 4 veces por semana,5 a 6 veces por semana,Nunca o menos de 1 vez al mes,5 a 6 veces por semana,0,0,1,0,1,1,2
83880005,1 vez por semana,2 a 4 veces por semana,2 a 4 veces por semana,Nunca o menos de 1 vez al mes,Nunca o menos de 1 vez al mes,0,0,0,0,0,0,0
83886380,Entre 1 y 3 veces al mes,Entre 1 y 3 veces al mes,Entre 2 y 3 veces al dia,Nunca o menos de 1 vez al mes,Entre 2 y 3 veces al dia,0,0,1,0,1,1,2
83892750,2 a 4 veces por semana,Nunca o menos de 1 vez al mes,Entre 1 y 3 veces al mes,Nunca o menos de 1 vez al mes,Entre 2 y 3 veces al dia,0,0,0,0,1,1,1
83892751,2 a 4 veces por semana,2 a 4 veces por semana,Entre 1 y 3 veces al mes,Nunca o menos de 1 vez al mes,Entre 2 y 3 veces al dia,0,0,0,0,1,1,1
83892754,1 vez por semana,2 a 4 veces por semana,2 a 4 veces por semana,Entre 1 y 3 veces al mes,1 vez por semana,0,0,0,0,0,0,0
83907427,2 a 4 veces por semana,2 a 4 veces por semana,Nunca o menos de 1 vez al mes,Entre 1 y 3 veces al mes,2 a 4 veces por semana,0,0,0,0,0,0,0
83909974,1 vez por semana,Entre 1 y 3 veces al mes,Nunca o menos de 1 vez al mes,Nunca o menos de 1 vez al mes,Entre 4 y 5 veces al dia,0,0,0,0,1,1,1
83910533,Nunca o menos de 1 vez al mes,1 vez por semana,Nunca o menos de 1 vez al mes,Nunca o menos de 1 vez al mes,1 vez al dia,0,0,0,0,1,1,1
83914689,Entre 1 y 3 veces al mes,Entre 1 y 3 veces al mes,Entre 1 y 3 veces al mes,Nunca o menos de 1 vez al mes,1 vez al dia,0,0,0,0,1,1,1
83916351,1 vez por semana,1 vez por semana,2 a 4 veces por semana,Nunca o menos de 1 vez al mes,1 vez al dia,0,0,0,0,1,1,1
83926312,2 a 4 veces por semana,Entre 2 y 3 veces al dia,2 a 4 veces por semana,Entre 1 y 3 veces al mes,Entre 4 y 5 veces al dia,0,1,0,0,1,1,2
83927262,2 a 4 veces por semana,Entre 1 y 3 veces al mes,1 vez por semana,Nunca o menos de 1 vez al mes,2 a 4 veces por semana,0,0,0,0,0,0,0
83951433,1 vez por semana,1 vez por semana,Nunca o menos de 1 vez al mes,Entre 1 y 3 veces al mes,Entre 2 y 3 veces al dia,0,0,0,0,1,1,1
83958216,Nunca o menos de 1 vez al mes,Nunca o menos de 1 vez al mes,2 a 4 veces por semana,Nunca o menos de 1 vez al mes,2 a 4 veces por semana,0,0,0,0,0,0,0
83959541,Entre 1 y 3 veces al mes,Entre 1 y 3 veces al mes,2 a 4 veces por semana,Nunca o menos de 1 vez al mes,2 a 4 veces por semana,0,0,0,0,0,0,0
83970291,2 a 4 veces por semana,1 vez al dia,1 vez por semana,Nunca o menos de 1 vez al mes,1 vez al dia,0,1,0,0,1,1,2
83970295,1 vez por semana,1 vez por semana,2 a 4 veces por semana,Nunca o menos de 1 vez al mes,Entre 2 y 3 veces al dia,0,0,0,0,1,1,1
83972088,1 vez por semana,2 a 4 veces por semana,1 vez por semana,Nunca o menos de 1 vez al mes,Entre 2 y 3 veces al dia,0,0,0,0,1,1,1
83972091,1 vez al dia,2 a 4 veces por semana,1 vez por semana,1 vez al dia,1 vez al dia,1,0,0,1,1,1,3
83972092,1 vez por semana,2 a 4 veces por semana,2 a 4 veces por semana,2 a 4 veces por semana,2 a 4 veces por semana,0,0,0,0,0,0,0
83980509,5 a 6 veces por semana,5 a 6 veces por semana,Entre 4 y 5 veces al dia,2 a 4 veces por semana,6 veces o m?ís por d?¡a,1,1,1,0,0,1,3
83981398,Nunca o menos de 1 vez al mes,Entre 1 y 3 veces al mes,5 a 6 veces por semana,Entre 1 y 3 veces al mes,Entre 2 y 3 veces al dia,0,0,1,0,1,1,2
83982057,Nunca o menos de 1 vez al mes,Entre 1 y 3 veces al mes,1 vez por semana,Nunca o menos de 1 vez al mes,Nunca o menos de 1 vez al mes,0,0,0,0,0,0,0
83996121,Entre 1 y 3 veces al mes,Entre 1 y 3 veces al mes,1 vez por semana,Nunca o menos de 1 vez al mes,5 a 6 veces por semana,0,0,0,0,1,1,1
84012081,Nunca o menos de 1 vez al mes,Nunca o menos de 1 vez al mes,5 a 6 veces por semana,Nunca o menos de 1 vez al mes,Entre 2 y 3 veces al dia,0,0,1,0,1,1,2
84012082,Entre 1 y 3 veces al mes,5 a 6 veces por semana,Entre 2 y 3 veces al dia,Nunca o menos de 1 vez al mes,Entre 2 y 3 veces al dia,0,1,1,0,1,1,3
84018146,Entre 1 y 3 veces al mes,1 vez por semana,Entre 2 y 3 veces al dia,1 vez por semana,Entre 2 y 3 veces al dia,0,0,1,0,1,1,2
84024117,2 a 4 veces por semana,5 a 6 veces por semana,5 a 6 veces por semana,1 vez por semana,Entre 2 y 3 veces al dia,0,1,1,0,1,1,3
84031504,Nunca o menos de 1 vez al mes,Nunca o menos de 1 vez al mes,1 vez por semana,1 vez por semana,Entre 2 y 3 veces al dia,0,0,0,0,1,1,1
84031505,Nunca o menos de 1 vez al mes,Nunca o menos de 1 vez al mes,2 a 4 veces por semana,Nunca o menos de 1 vez al mes,5 a 6 veces por semana,0,0,0,0,1,1,1
84044531,1 vez por semana,Nunca o menos de 1 vez al mes,2 a 4 veces por semana,Nunca o menos de 1 vez al mes,2 a 4 veces por semana,0,0,0,0,0,0,0
84047187,2 a 4 veces por semana,Nunca o menos de 1 vez al mes,5 a 6 veces por semana,Nunca o menos de 1 vez al mes,Nunca o menos de 1 vez al mes,0,0,1,0,0,1,1
84047200,Nunca o menos de 1 vez al mes,Nunca o menos de 1 vez al mes,5 a 6 veces por semana,Nunca o menos de 1 vez al mes,5 a 6 veces por semana,0,0,1,0,1,1,2
84051766,2 a 4 veces por semana,2 a 4 veces por semana,1 vez por semana,2 a 4 veces por semana,2 a 4 veces por semana,0,0,0,0,0,0,0
84054303,2 a 4 veces por semana,1 vez por semana,Nunca o menos de 1 vez al mes,1 vez por semana,2 a 4 veces por semana,0,0,0,0,0,0,0
84058110,Nunca o menos de 1 vez al mes,1 vez al dia,Entre 2 y 3 veces al dia,Nunca o menos de 1 vez al mes,Entre 2 y 3 veces al dia,0,1,1,0,1,1,3
84073017,1 vez al dia,1 vez al dia,Entre 1 y 3 veces al mes,1 vez por semana,Entre 4 y 5 veces al dia,1,1,0,0,1,1,3
84074792,Entre 1 y 3 veces al mes,Nunca o menos de 1 vez al mes,1 vez por semana,Nunca o menos de 1 vez al mes,Entre 1 y 3 veces al mes,0,0,0,0,0,0,0
84074793,Entre 1 y 3 veces al mes,Nunca o menos de 1 vez al mes,2 a 4 veces por semana,Nunca o menos de 1 vez al mes,Entre 1 y 3 veces al mes,0,0,0,0,0,0,0
84076068,1 vez al dia,1 vez al dia,1 vez por semana,Entre 1 y 3 veces al mes,Nunca o menos de 1 vez al mes,1,1,0,0,0,1,2
84149204,Nunca o menos de 1 vez al mes,2 a 4 veces por semana,1 vez por semana,Entre 1 y 3 veces al mes,1 vez por semana,0,0,0,0,0,0,0
84169411,Nunca o menos de 1 vez al mes,1 vez por semana,1 vez por semana,Nunca o menos de 1 vez al mes,1 vez al dia,0,0,0,0,1,1,1
84169429,2 a 4 veces por semana,2 a 4 veces por semana,Entre 1 y 3 veces al mes,Nunca o menos de 1 vez al mes,Entre 2 y 3 veces al dia,0,0,0,0,1,1,1
84169433,2 a 4 veces por semana,2 a 4 veces por semana,5 a 6 veces por semana,Nunca o menos de 1 vez al mes,Entre 4 y 5 veces al dia,0,0,1,0,1,1,2
84169434,Entre 1 y 3 veces al mes,2 a 4 veces por semana,2 a 4 veces por semana,Nunca o menos de 1 vez al mes,Entre 2 y 3 veces al dia,0,0,0,0,1,1,1
84170483,Nunca o menos de 1 vez al mes,1 vez por semana,2 a 4 veces por semana,Nunca o menos de 1 vez al mes,Entre 2 y 3 veces al dia,0,0,0,0,1,1,1
84172737,Entre 1 y 3 veces al mes,1 vez por semana,1 vez al dia,Entre 1 y 3 veces al mes,Entre 1 y 3 veces al mes,0,0,1,0,0,1,1
84183924,Nunca o menos de 1 vez al mes,Entre 1 y 3 veces al mes,2 a 4 veces por semana,Nunca o menos de 1 vez al mes,Nunca o menos de 1 vez al mes,0,0,0,0,0,0,0
84191326,Entre 1 y 3 veces al mes,2 a 4 veces por semana,Entre 1 y 3 veces al mes,Nunca o menos de 1 vez al mes,Entre 1 y 3 veces al mes,0,0,0,0,0,0,0
84204824,1 vez por semana,1 vez al dia,Nunca o menos de 1 vez al mes,Nunca o menos de 1 vez al mes,1 vez al dia,0,1,0,0,1,1,2
84216455,2 a 4 veces por semana,2 a 4 veces por semana,5 a 6 veces por semana,Nunca o menos de 1 vez al mes,5 a 6 veces por semana,0,0,1,0,1,1,2
84234601,1 vez por semana,5 a 6 veces por semana,2 a 4 veces por semana,Nunca o menos de 1 vez al mes,1 vez al dia,0,1,0,0,1,1,2
84234602,2 a 4 veces por semana,Entre 1 y 3 veces al mes,2 a 4 veces por semana,2 a 4 veces por semana,2 a 4 veces por semana,0,0,0,0,0,0,0
84243214,Nunca o menos de 1 vez al mes,5 a 6 veces por semana,Entre 1 y 3 veces al mes,Nunca o menos de 1 vez al mes,5 a 6 veces por semana,0,1,0,0,1,1,2
84244688,Entre 1 y 3 veces al mes,Entre 2 y 3 veces al dia,Entre 1 y 3 veces al mes,Nunca o menos de 1 vez al mes,Entre 2 y 3 veces al dia,0,1,0,0,1,1,2
84250328,1 vez por semana,1 vez al dia,2 a 4 veces por semana,1 vez por semana,1 vez por semana,0,1,0,0,0,1,1
84251392,Nunca o menos de 1 vez al mes,Entre 1 y 3 veces al mes,Nunca o menos de 1 vez al mes,Nunca o menos de 1 vez al mes,1 vez al dia,0,0,0,0,1,1,1
84266157,Nunca o menos de 1 vez al mes,2 a 4 veces por semana,2 a 4 veces por semana,Nunca o menos de 1 vez al mes,1 vez al dia,0,0,0,0,1,1,1
84266158,Entre 1 y 3 veces al mes,1 vez al dia,1 vez por semana,Entre 1 y 3 veces al mes,1 vez al dia,0,1,0,0,1,1,2
84274950,2 a 4 veces por semana,1 vez por semana,1 vez al dia,Nunca o menos de 1 vez al mes,2 a 4 veces por semana,0,0,1,0,0,1,1
84283186,2 a 4 veces por semana,2 a 4 veces por semana,2 a 4 veces por semana,Nunca o menos de 1 vez al mes,1 vez al dia,0,0,0,0,1,1,1
84284434,2 a 4 veces por semana,1 vez al dia,1 vez al dia,Nunca o menos de 1 vez al mes,2 a 4 veces por semana,0,1,1,0,0,1,2
84289646,Nunca o menos de 1 vez al mes,2 a 4 veces por semana,2 a 4 veces por semana,Nunca o menos de 1 vez al mes,1 vez por semana,0,0,0,0,0,0,0
84290376,Nunca o menos de 1 vez al mes,1 vez por semana,Nunca o menos de 1 vez al mes,2 a 4 veces por semana,Nunca o menos de 1 vez al mes,0,0,0,0,0,0,0
84290758,Nunca o menos de 1 vez al mes,Nunca o menos de 1 vez al mes,Entre 1 y 3 veces al mes,Nunca o menos de 1 vez al mes,Entre 1 y 3 veces al mes,0,0,0,0,0,0,0
84293859,Entre 1 y 3 veces al mes,Nunca o menos de 1 vez al mes,2 a 4 veces por semana,Nunca o menos de 1 vez al mes,2 a 4 veces por semana,0,0,0,0,0,0,0
84299855,1 vez por semana,1 vez por semana,2 a 4 veces por semana,Nunca o menos de 1 vez al mes,Nunca o menos de 1 vez al mes,0,0,0,0,0,0,0
84304901,Nunca o menos de 1 vez al mes,Entre 1 y 3 veces al mes,Nunca o menos de 1 vez al mes,Nunca o menos de 1 vez al mes,Nunca o menos de 1 vez al mes,0,0,0,0,0,0,0
84304902,Nunca o menos de 1 vez al mes,2 a 4 veces por semana,2 a 4 veces por semana,Nunca o menos de 1 vez al mes,2 a 4 veces por semana,0,0,0,0,0,0,0
84308365,Nunca o menos de 1 vez al mes,Nunca o menos de 1 vez al mes,1 vez por semana,Nunca o menos de 1 vez al mes,Nunca o menos de 1 vez al mes,0,0,0,0,0,0,0
84308366,Nunca o menos de 1 vez al mes,Nunca o menos de 1 vez al mes,1 vez por semana,Nunca o menos de 1 vez al mes,Nunca o menos de 1 vez al mes,0,0,0,0,0,0,0
84309773,2 a 4 veces por semana,1 vez al dia,2 a 4 veces por semana,Nunca o menos de 1 vez al mes,Entre 2 y 3 veces al dia,0,1,0,0,1,1,2
84311429,Entre 1 y 3 veces al mes,1 vez por semana,2 a 4 veces por semana,Nunca o menos de 1 vez al mes,1 vez por semana,0,0,0,0,0,0,0
84334192,1 vez al dia,1 vez por semana,2 a 4 veces por semana,Nunca o menos de 1 vez al mes,1 vez al dia,1,0,0,0,1,1,2
84337421,5 a 6 veces por semana,Nunca o menos de 1 vez al mes,2 a 4 veces por semana,5 a 6 veces por semana,Entre 2 y 3 veces al dia,1,0,0,1,1,1,3
84344089,Nunca o menos de 1 vez al mes,1 vez por semana,1 vez por semana,Nunca o menos de 1 vez al mes,1 vez por semana,0,0,0,0,0,0,0
84344090,1 vez por semana,1 vez al dia,2 a 4 veces por semana,2 a 4 veces por semana,Entre 2 y 3 veces al dia,0,1,0,0,1,1,2
84353932,Nunca o menos de 1 vez al mes,2 a 4 veces por semana,1 vez al dia,Nunca o menos de 1 vez al mes,Nunca o menos de 1 vez al mes,0,0,1,0,0,1,1
84359838,Nunca o menos de 1 vez al mes,2 a 4 veces por semana,Entre 1 y 3 veces al mes,Nunca o menos de 1 vez al mes,2 a 4 veces por semana,0,0,0,0,0,0,0
84360130,Entre 1 y 3 veces al mes,Entre 1 y 3 veces al mes,Entre 1 y 3 veces al mes,Entre 1 y 3 veces al mes,Entre 2 y 3 veces al dia,0,0,0,0,1,1,1
84364585,1 vez por semana,1 vez por semana,Entre 2 y 3 veces al dia,Nunca o menos de 1 vez al mes,Nunca o menos de 1 vez al mes,0,0,1,0,0,1,1
84368030,2 a 4 veces por semana,Nunca o menos de 1 vez al mes,5 a 6 veces por semana,Nunca o menos de 1 vez al mes,Entre 2 y 3 veces al dia,0,0,1,0,1,1,2
84375881,1 vez al dia,2 a 4 veces por semana,Nunca o menos de 1 vez al mes,Entre 1 y 3 veces al mes,2 a 4 veces por semana,1,0,0,0,0,1,1
84384931,1 vez por semana,2 a 4 veces por semana,2 a 4 veces por semana,Nunca o menos de 1 vez al mes,Entre 2 y 3 veces al dia,0,0,0,0,1,1,1
84414694,Nunca o menos de 1 vez al mes,Entre 1 y 3 veces al mes,Entre 1 y 3 veces al mes,Nunca o menos de 1 vez al mes,Nunca o menos de 1 vez al mes,0,0,0,0,0,0,0
84438158,2 a 4 veces por semana,5 a 6 veces por semana,Entre 2 y 3 veces al dia,Nunca o menos de 1 vez al mes,Entre 2 y 3 veces al dia,0,1,1,0,1,1,3
84439635,Nunca o menos de 1 vez al mes,Nunca o menos de 1 vez al mes,Entre 2 y 3 veces al dia,Nunca o menos de 1 vez al mes,5 a 6 veces por semana,0,0,1,0,1,1,2
84445425,Entre 1 y 3 veces al mes,2 a 4 veces por semana,2 a 4 veces por semana,Entre 1 y 3 veces al mes,Entre 2 y 3 veces al dia,0,0,0,0,1,1,1
84450307,Entre 1 y 3 veces al mes,1 vez por semana,Entre 2 y 3 veces al dia,Nunca o menos de 1 vez al mes,Entre 2 y 3 veces al dia,0,0,1,0,1,1,2
84459786,Nunca o menos de 1 vez al mes,Nunca o menos de 1 vez al mes,2 a 4 veces por semana,Nunca o menos de 1 vez al mes,1 vez por semana,0,0,0,0,0,0,0
84466842,2 a 4 veces por semana,2 a 4 veces por semana,1 vez por semana,Nunca o menos de 1 vez al mes,1 vez por semana,0,0,0,0,0,0,0
84477329,Entre 1 y 3 veces al mes,1 vez por semana,2 a 4 veces por semana,2 a 4 veces por semana,Entre 4 y 5 veces al dia,0,0,0,0,1,1,1
84477706,Nunca o menos de 1 vez al mes,2 a 4 veces por semana,2 a 4 veces por semana,1 vez por semana,Entre 2 y 3 veces al dia,0,0,0,0,1,1,1
84486974,Nunca o menos de 1 vez al mes,Nunca o menos de 1 vez al mes,2 a 4 veces por semana,Nunca o menos de 1 vez al mes,Entre 1 y 3 veces al mes,0,0,0,0,0,0,0
84487812,Nunca o menos de 1 vez al mes,Nunca o menos de 1 vez al mes,1 vez por semana,Nunca o menos de 1 vez al mes,Entre 2 y 3 veces al dia,0,0,0,0,1,1,1
84489367,2 a 4 veces por semana,2 a 4 veces por semana,Entre 2 y 3 veces al dia,1 vez por semana,Entre 2 y 3 veces al dia,0,0,1,0,1,1,2
84490650,Nunca o menos de 1 vez al mes,5 a 6 veces por semana,Nunca o menos de 1 vez al mes,Nunca o menos de 1 vez al mes,1 vez al dia,0,1,0,0,1,1,2
84490651,1 vez al dia,2 a 4 veces por semana,Nunca o menos de 1 vez al mes,Nunca o menos de 1 vez al mes,1 vez al dia,1,0,0,0,1,1,2
84503483,Entre 2 y 3 veces al dia,Entre 2 y 3 veces al dia,1 vez al dia,1 vez por semana,6 veces o m?ís por d?¡a,1,1,1,0,0,1,3
84513174,Nunca o menos de 1 vez al mes,1 vez por semana,1 vez por semana,2 a 4 veces por semana,1 vez al dia,0,0,0,0,1,1,1
84518644,Nunca o menos de 1 vez al mes,2 a 4 veces por semana,Nunca o menos de 1 vez al mes,Nunca o menos de 1 vez al mes,Nunca o menos de 1 vez al mes,0,0,0,0,0,0,0
84542998,Entre 1 y 3 veces al mes,Entre 1 y 3 veces al mes,Entre 1 y 3 veces al mes,Nunca o menos de 1 vez al mes,2 a 4 veces por semana,0,0,0,0,0,0,0
84546056,1 vez por semana,2 a 4 veces por semana,2 a 4 veces por semana,Entre 1 y 3 veces al mes,2 a 4 veces por semana,0,0,0,0,0,0,0
84550972,1 vez por semana,Nunca o menos de 1 vez al mes,2 a 4 veces por semana,Nunca o menos de 1 vez al mes,Entre 2 y 3 veces al dia,0,0,0,0,1,1,1
84557941,1 vez por semana,1 vez al dia,1 vez al dia,Nunca o menos de 1 vez al mes,1 vez al dia,0,1,1,0,1,1,3
84566011,1 vez por semana,1 vez por semana,2 a 4 veces por semana,Nunca o menos de 1 vez al mes,Nunca o menos de 1 vez al mes,0,0,0,0,0,0,0
84587373,Entre 1 y 3 veces al mes,1 vez por semana,Entre 1 y 3 veces al mes,Nunca o menos de 1 vez al mes,1 vez al dia,0,0,0,0,1,1,1
84587374,2 a 4 veces por semana,Entre 2 y 3 veces al dia,2 a 4 veces por semana,Nunca o menos de 1 vez al mes,Entre 4 y 5 veces al dia,0,1,0,0,1,1,2
84588183,Nunca o menos de 1 vez al mes,5 a 6 veces por semana,2 a 4 veces por semana,1 vez por semana,Nunca o menos de 1 vez al mes,0,1,0,0,0,1,1
84588184,1 vez al dia,1 vez al dia,2 a 4 veces por semana,Nunca o menos de 1 vez al mes,1 vez al dia,1,1,0,0,1,1,3
84588186,Entre 1 y 3 veces al mes,2 a 4 veces por semana,Nunca o menos de 1 vez al mes,Nunca o menos de 1 vez al mes,2 a 4 veces por semana,0,0,0,0,0,0,0
84603947,1 vez por semana,1 vez por semana,5 a 6 veces por semana,Nunca o menos de 1 vez al mes,1 vez por semana,0,0,1,0,0,1,1
84606642,1 vez por semana,2 a 4 veces por semana,Nunca o menos de 1 vez al mes,Nunca o menos de 1 vez al mes,Entre 2 y 3 veces al dia,0,0,0,0,1,1,1
84607728,1 vez por semana,1 vez al dia,2 a 4 veces por semana,Nunca o menos de 1 vez al mes,2 a 4 veces por semana,0,1,0,0,0,1,1
84619566,1 vez por semana,Nunca o menos de 1 vez al mes,2 a 4 veces por semana,Nunca o menos de 1 vez al mes,Entre 4 y 5 veces al dia,0,0,0,0,1,1,1
84622054,1 vez por semana,1 vez por semana,1 vez por semana,Nunca o menos de 1 vez al mes,5 a 6 veces por semana,0,0,0,0,1,1,1
84626576,2 a 4 veces por semana,1 vez al dia,2 a 4 veces por semana,Nunca o menos de 1 vez al mes,Entre 2 y 3 veces al dia,0,1,0,0,1,1,2
84626579,Entre 1 y 3 veces al mes,1 vez al dia,Entre 1 y 3 veces al mes,Entre 1 y 3 veces al mes,2 a 4 veces por semana,0,1,0,0,0,1,1
84643560,2 a 4 veces por semana,2 a 4 veces por semana,2 a 4 veces por semana,Nunca o menos de 1 vez al mes,2 a 4 veces por semana,0,0,0,0,0,0,0
84674262,Entre 1 y 3 veces al mes,2 a 4 veces por semana,2 a 4 veces por semana,Nunca o menos de 1 vez al mes,2 a 4 veces por semana,0,0,0,0,0,0,0
84674263,Nunca o menos de 1 vez al mes,Entre 1 y 3 veces al mes,Entre 1 y 3 veces al mes,Nunca o menos de 1 vez al mes,Entre 1 y 3 veces al mes,0,0,0,0,0,0,0
84720185,Entre 1 y 3 veces al mes,2 a 4 veces por semana,1 vez al dia,Entre 1 y 3 veces al mes,Entre 4 y 5 veces al dia,0,0,1,0,1,1,2
84755284,5 a 6 veces por semana,Nunca o menos de 1 vez al mes,2 a 4 veces por semana,Nunca o menos de 1 vez al mes,5 a 6 veces por semana,1,0,0,0,1,1,2
84755285,Entre 2 y 3 veces al dia,1 vez por semana,5 a 6 veces por semana,Nunca o menos de 1 vez al mes,5 a 6 veces por semana,1,0,1,0,1,1,3
84766251,Nunca o menos de 1 vez al mes,Nunca o menos de 1 vez al mes,Nunca o menos de 1 vez al mes,Nunca o menos de 1 vez al mes,5 a 6 veces por semana,0,0,0,0,1,1,1
84766252,Nunca o menos de 1 vez al mes,Entre 1 y 3 veces al mes,Entre 1 y 3 veces al mes,Nunca o menos de 1 vez al mes,1 vez al dia,0,0,0,0,1,1,1
84766253,Entre 1 y 3 veces al mes,Entre 1 y 3 veces al mes,1 vez por semana,Nunca o menos de 1 vez al mes,2 a 4 veces por semana,0,0,0,0,0,0,0
84767532,1 vez por semana,1 vez por semana,Nunca o menos de 1 vez al mes,Nunca o menos de 1 vez al mes,1 vez al dia,0,0,0,0,1,1,1
84767533,Nunca o menos de 1 vez al mes,1 vez por semana,Entre 4 y 5 veces al dia,Nunca o menos de 1 vez al mes,Entre 4 y 5 veces al dia,0,0,1,0,1,1,2
84784940,Nunca o menos de 1 vez al mes,2 a 4 veces por semana,1 vez por semana,Nunca o menos de 1 vez al mes,2 a 4 veces por semana,0,0,0,0,0,0,0
84805921,2 a 4 veces por semana,Nunca o menos de 1 vez al mes,1 vez al dia,Nunca o menos de 1 vez al mes,1 vez al dia,0,0,1,0,1,1,2
84809550,1 vez por semana,2 a 4 veces por semana,1 vez al dia,Nunca o menos de 1 vez al mes,1 vez por semana,0,0,1,0,0,1,1
84829294,1 vez por semana,1 vez por semana,1 vez por semana,1 vez por semana,2 a 4 veces por semana,0,0,0,0,0,0,0
84833293,1 vez por semana,2 a 4 veces por semana,Nunca o menos de 1 vez al mes,Nunca o menos de 1 vez al mes,Nunca o menos de 1 vez al mes,0,0,0,0,0,0,0
84833808,Nunca o menos de 1 vez al mes,2 a 4 veces por semana,Nunca o menos de 1 vez al mes,Entre 1 y 3 veces al mes,5 a 6 veces por semana,0,0,0,0,1,1,1
84837935,1 vez por semana,1 vez por semana,Nunca o menos de 1 vez al mes,Nunca o menos de 1 vez al mes,Entre 2 y 3 veces al dia,0,0,0,0,1,1,1
84842766,Entre 1 y 3 veces al mes,2 a 4 veces por semana,2 a 4 veces por semana,1 vez por semana,2 a 4 veces por semana,0,0,0,0,0,0,0
84842767,1 vez por semana,1 vez por semana,2 a 4 veces por semana,Nunca o menos de 1 vez al mes,2 a 4 veces por semana,0,0,0,0,0,0,0
84845472,Entre 1 y 3 veces al mes,1 vez por semana,Entre 1 y 3 veces al mes,Nunca o menos de 1 vez al mes,Entre 2 y 3 veces al dia,0,0,0,0,1,1,1
84856063,1 vez por semana,2 a 4 veces por semana,1 vez al dia,Nunca o menos de 1 vez al mes,Entre 2 y 3 veces al dia,0,0,1,0,1,1,2
84856064,1 vez por semana,2 a 4 veces por semana,1 vez por semana,Nunca o menos de 1 vez al mes,2 a 4 veces por semana,0,0,0,0,0,0,0
84856960,Entre 1 y 3 veces al mes,Entre 1 y 3 veces al mes,1 vez al dia,Nunca o menos de 1 vez al mes,5 a 6 veces por semana,0,0,1,0,1,1,2
84856961,Entre 1 y 3 veces al mes,1 vez por semana,5 a 6 veces por semana,Nunca o menos de 1 vez al mes,1 vez al dia,0,0,1,0,1,1,2
84877774,2 a 4 veces por semana,2 a 4 veces por semana,1 vez al dia,Entre 1 y 3 veces al mes,5 a 6 veces por semana,0,0,1,0,1,1,2
84877775,1 vez por semana,2 a 4 veces por semana,Entre 2 y 3 veces al dia,Entre 1 y 3 veces al mes,Entre 2 y 3 veces al dia,0,0,1,0,1,1,2
84877990,1 vez por semana,2 a 4 veces por semana,Entre 1 y 3 veces al mes,Nunca o menos de 1 vez al mes,5 a 6 veces por semana,0,0,0,0,1,1,1
84880579,1 vez por semana,Nunca o menos de 1 vez al mes,1 vez por semana,1 vez por semana,2 a 4 veces por semana,0,0,0,0,0,0,0
84882117,1 vez por semana,2 a 4 veces por semana,1 vez por semana,Nunca o menos de 1 vez al mes,Entre 2 y 3 veces al dia,0,0,0,0,1,1,1
84886539,Entre 1 y 3 veces al mes,1 vez por semana,Entre 2 y 3 veces al dia,Nunca o menos de 1 vez al mes,2 a 4 veces por semana,0,0,1,0,0,1,1
84894306,2 a 4 veces por semana,2 a 4 veces por semana,2 a 4 veces por semana,Entre 1 y 3 veces al mes,2 a 4 veces por semana,0,0,0,0,0,0,0
84897694,Nunca o menos de 1 vez al mes,2 a 4 veces por semana,Entre 2 y 3 veces al dia,Nunca o menos de 1 vez al mes,Entre 2 y 3 veces al dia,0,0,1,0,1,1,2
84903994,2 a 4 veces por semana,2 a 4 veces por semana,2 a 4 veces por semana,Nunca o menos de 1 vez al mes,Entre 2 y 3 veces al dia,0,0,0,0,1,1,1
84912151,2 a 4 veces por semana,Entre 1 y 3 veces al mes,2 a 4 veces por semana,5 a 6 veces por semana,Entre 2 y 3 veces al dia,0,0,0,1,1,1,2
84928739,Nunca o menos de 1 vez al mes,1 vez por semana,1 vez por semana,Nunca o menos de 1 vez al mes,Nunca o menos de 1 vez al mes,0,0,0,0,0,0,0
84936212,2 a 4 veces por semana,2 a 4 veces por semana,Nunca o menos de 1 vez al mes,Nunca o menos de 1 vez al mes,Entre 2 y 3 veces al dia,0,0,0,0,1,1,1
84939941,1 vez al dia,2 a 4 veces por semana,2 a 4 veces por semana,1 vez por semana,2 a 4 veces por semana,1,0,0,0,0,1,1
84970813,1 vez por semana,1 vez por semana,2 a 4 veces por semana,Nunca o menos de 1 vez al mes,1 vez por semana,0,0,0,0,0,0,0
84970816,Nunca o menos de 1 vez al mes,Entre 1 y 3 veces al mes,1 vez al dia,Nunca o menos de 1 vez al mes,Nunca o menos de 1 vez al mes,0,0,1,0,0,1,1
84970820,Entre 2 y 3 veces al dia,Entre 2 y 3 veces al dia,Entre 2 y 3 veces al dia,Nunca o menos de 1 vez al mes,Entre 4 y 5 veces al dia,1,1,1,0,1,1,4
84983418,1 vez por semana,2 a 4 veces por semana,Entre 1 y 3 veces al mes,Nunca o menos de 1 vez al mes,2 a 4 veces por semana,0,0,0,0,0,0,0
84988938,Entre 1 y 3 veces al mes,2 a 4 veces por semana,1 vez por semana,1 vez por semana,Entre 2 y 3 veces al dia,0,0,0,0,1,1,1
84989759,1 vez por semana,2 a 4 veces por semana,1 vez por semana,2 a 4 veces por semana,Entre 2 y 3 veces al dia,0,0,0,0,1,1,1
84990692,1 vez por semana,Nunca o menos de 1 vez al mes,Entre 2 y 3 veces al dia,Nunca o menos de 1 vez al mes,Entre 2 y 3 veces al dia,0,0,1,0,1,1,2
84996420,2 a 4 veces por semana,Nunca o menos de 1 vez al mes,2 a 4 veces por semana,Nunca o menos de 1 vez al mes,5 a 6 veces por semana,0,0,0,0,1,1,1
84996423,1 vez por semana,1 vez al dia,Entre 2 y 3 veces al dia,Nunca o menos de 1 vez al mes,Entre 2 y 3 veces al dia,0,1,1,0,1,1,3
84996424,Nunca o menos de 1 vez al mes,Nunca o menos de 1 vez al mes,5 a 6 veces por semana,Nunca o menos de 1 vez al mes,5 a 6 veces por semana,0,0,1,0,1,1,2
84997341,1 vez por semana,1 vez por semana,2 a 4 veces por semana,Nunca o menos de 1 vez al mes,Nunca o menos de 1 vez al mes,0,0,0,0,0,0,0
84997729,Entre 1 y 3 veces al mes,Nunca o menos de 1 vez al mes,1 vez por semana,2 a 4 veces por semana,5 a 6 veces por semana,0,0,0,0,1,1,1
84997734,2 a 4 veces por semana,1 vez por semana,1 vez por semana,Nunca o menos de 1 vez al mes,1 vez por semana,0,0,0,0,0,0,0
84998851,Nunca o menos de 1 vez al mes,1 vez al dia,1 vez al dia,1 vez por semana,1 vez por semana,0,1,1,0,0,1,2
84999368,Entre 1 y 3 veces al mes,1 vez por semana,Entre 1 y 3 veces al mes,Nunca o menos de 1 vez al mes,2 a 4 veces por semana,0,0,0,0,0,0,0
85023745,Entre 1 y 3 veces al mes,Nunca o menos de 1 vez al mes,2 a 4 veces por semana,2 a 4 veces por semana,Entre 2 y 3 veces al dia,0,0,0,0,1,1,1
85035127,Entre 1 y 3 veces al mes,Entre 1 y 3 veces al mes,1 vez por semana,Nunca o menos de 1 vez al mes,1 vez al dia,0,0,0,0,1,1,1
85035130,1 vez por semana,Nunca o menos de 1 vez al mes,2 a 4 veces por semana,1 vez por semana,2 a 4 veces por semana,0,0,0,0,0,0,0
85035550,2 a 4 veces por semana,Entre 1 y 3 veces al mes,Entre 1 y 3 veces al mes,Entre 1 y 3 veces al mes,Entre 4 y 5 veces al dia,0,0,0,0,1,1,1
85037505,1 vez por semana,2 a 4 veces por semana,Entre 2 y 3 veces al dia,Nunca o menos de 1 vez al mes,Nunca o menos de 1 vez al mes,0,0,1,0,0,1,1
85038929,5 a 6 veces por semana,1 vez al dia,5 a 6 veces por semana,Entre 1 y 3 veces al mes,5 a 6 veces por semana,1,1,1,0,1,1,4
85038930,Entre 1 y 3 veces al mes,2 a 4 veces por semana,1 vez al dia,1 vez por semana,5 a 6 veces por semana,0,0,1,0,1,1,2
85040112,Entre 1 y 3 veces al mes,Nunca o menos de 1 vez al mes,Entre 1 y 3 veces al mes,Nunca o menos de 1 vez al mes,1 vez por semana,0,0,0,0,0,0,0
85044395,Entre 1 y 3 veces al mes,1 vez por semana,5 a 6 veces por semana,Nunca o menos de 1 vez al mes,Nunca o menos de 1 vez al mes,0,0,1,0,0,1,1
85064744,Nunca o menos de 1 vez al mes,1 vez por semana,1 vez por semana,Nunca o menos de 1 vez al mes,1 vez por semana,0,0,0,0,0,0,0
85065443,1 vez por semana,1 vez por semana,1 vez por semana,Nunca o menos de 1 vez al mes,2 a 4 veces por semana,0,0,0,0,0,0,0
85066989,5 a 6 veces por semana,5 a 6 veces por semana,5 a 6 veces por semana,Entre 1 y 3 veces al mes,Entre 4 y 5 veces al dia,1,1,1,0,1,1,4
85076129,2 a 4 veces por semana,2 a 4 veces por semana,2 a 4 veces por semana,Nunca o menos de 1 vez al mes,Entre 2 y 3 veces al dia,0,0,0,0,1,1,1
85077058,1 vez por semana,5 a 6 veces por semana,Nunca o menos de 1 vez al mes,Entre 1 y 3 veces al mes,Nunca o menos de 1 vez al mes,0,1,0,0,0,1,1
85077061,2 a 4 veces por semana,1 vez al dia,Nunca o menos de 1 vez al mes,2 a 4 veces por semana,Nunca o menos de 1 vez al mes,0,1,0,0,0,1,1
85079867,Nunca o menos de 1 vez al mes,2 a 4 veces por semana,1 vez al dia,1 vez por semana,1 vez al dia,0,0,1,0,1,1,2
85089885,Entre 1 y 3 veces al mes,2 a 4 veces por semana,1 vez al dia,Nunca o menos de 1 vez al mes,1 vez por semana,0,0,1,0,0,1,1
85093535,Entre 1 y 3 veces al mes,Entre 1 y 3 veces al mes,2 a 4 veces por semana,Entre 1 y 3 veces al mes,1 vez por semana,0,0,0,0,0,0,0
85094821,1 vez por semana,Nunca o menos de 1 vez al mes,1 vez al dia,Nunca o menos de 1 vez al mes,Nunca o menos de 1 vez al mes,0,0,1,0,0,1,1
85094833,1 vez por semana,1 vez por semana,2 a 4 veces por semana,Nunca o menos de 1 vez al mes,2 a 4 veces por semana,0,0,0,0,0,0,0
85096339,1 vez por semana,5 a 6 veces por semana,Entre 2 y 3 veces al dia,Nunca o menos de 1 vez al mes,Entre 2 y 3 veces al dia,0,1,1,0,1,1,3
85101185,Nunca o menos de 1 vez al mes,Entre 1 y 3 veces al mes,1 vez por semana,Nunca o menos de 1 vez al mes,2 a 4 veces por semana,0,0,0,0,0,0,0
85101187,Nunca o menos de 1 vez al mes,2 a 4 veces por semana,5 a 6 veces por semana,Nunca o menos de 1 vez al mes,2 a 4 veces por semana,0,0,1,0,0,1,1
85102230,2 a 4 veces por semana,1 vez por semana,1 vez por semana,2 a 4 veces por semana,5 a 6 veces por semana,0,0,0,0,1,1,1
85105244,1 vez por semana,Entre 1 y 3 veces al mes,Entre 1 y 3 veces al mes,1 vez por semana,1 vez al dia,0,0,0,0,1,1,1
85109397,Nunca o menos de 1 vez al mes,1 vez por semana,Entre 1 y 3 veces al mes,Nunca o menos de 1 vez al mes,Nunca o menos de 1 vez al mes,0,0,0,0,0,0,0
85112590,1 vez al dia,1 vez por semana,5 a 6 veces por semana,Nunca o menos de 1 vez al mes,5 a 6 veces por semana,1,0,1,0,1,1,3
85116296,Entre 1 y 3 veces al mes,Entre 1 y 3 veces al mes,2 a 4 veces por semana,Nunca o menos de 1 vez al mes,2 a 4 veces por semana,0,0,0,0,0,0,0
85120512,1 vez por semana,2 a 4 veces por semana,1 vez por semana,Nunca o menos de 1 vez al mes,5 a 6 veces por semana,0,0,0,0,1,1,1
85123675,5 a 6 veces por semana,Nunca o menos de 1 vez al mes,Entre 1 y 3 veces al mes,Nunca o menos de 1 vez al mes,Entre 4 y 5 veces al dia,1,0,0,0,1,1,2
85133163,1 vez por semana,Nunca o menos de 1 vez al mes,Entre 1 y 3 veces al mes,Nunca o menos de 1 vez al mes,Entre 2 y 3 veces al dia,0,0,0,0,1,1,1
85136561,2 a 4 veces por semana,2 a 4 veces por semana,1 vez por semana,Entre 1 y 3 veces al mes,1 vez por semana,0,0,0,0,0,0,0
85136672,Entre 1 y 3 veces al mes,Entre 1 y 3 veces al mes,1 vez al dia,Nunca o menos de 1 vez al mes,1 vez al dia,0,0,1,0,1,1,2
85136717,Entre 1 y 3 veces al mes,Nunca o menos de 1 vez al mes,1 vez al dia,Nunca o menos de 1 vez al mes,2 a 4 veces por semana,0,0,1,0,0,1,1
85136718,Entre 1 y 3 veces al mes,1 vez por semana,1 vez al dia,1 vez por semana,2 a 4 veces por semana,0,0,1,0,0,1,1
85137376,Entre 1 y 3 veces al mes,Entre 1 y 3 veces al mes,1 vez por semana,Nunca o menos de 1 vez al mes,Entre 2 y 3 veces al dia,0,0,0,0,1,1,1
85159197,2 a 4 veces por semana,2 a 4 veces por semana,1 vez al dia,Nunca o menos de 1 vez al mes,Entre 2 y 3 veces al dia,0,0,1,0,1,1,2
85160099,1 vez por semana,1 vez por semana,1 vez por semana,Nunca o menos de 1 vez al mes,2 a 4 veces por semana,0,0,0,0,0,0,0
85162320,Nunca o menos de 1 vez al mes,Nunca o menos de 1 vez al mes,Nunca o menos de 1 vez al mes,Nunca o menos de 1 vez al mes,2 a 4 veces por semana,0,0,0,0,0,0,0
85169564,1 vez por semana,Nunca o menos de 1 vez al mes,1 vez por semana,Nunca o menos de 1 vez al mes,5 a 6 veces por semana,0,0,0,0,1,1,1
85178619,1 vez por semana,2 a 4 veces por semana,2 a 4 veces por semana,2 a 4 veces por semana,2 a 4 veces por semana,0,0,0,0,0,0,0
85185659,Entre 1 y 3 veces al mes,2 a 4 veces por semana,1 vez al dia,1 vez por semana,Entre 2 y 3 veces al dia,0,0,1,0,1,1,2
85187244,2 a 4 veces por semana,2 a 4 veces por semana,2 a 4 veces por semana,Nunca o menos de 1 vez al mes,1 vez al dia,0,0,0,0,1,1,1
85206585,1 vez por semana,2 a 4 veces por semana,2 a 4 veces por semana,Nunca o menos de 1 vez al mes,2 a 4 veces por semana,0,0,0,0,0,0,0
85208354,Nunca o menos de 1 vez al mes,Entre 1 y 3 veces al mes,Entre 1 y 3 veces al mes,Entre 1 y 3 veces al mes,5 a 6 veces por semana,0,0,0,0,1,1,1
85216094,Entre 1 y 3 veces al mes,1 vez por semana,Nunca o menos de 1 vez al mes,Nunca o menos de 1 vez al mes,1 vez por semana,0,0,0,0,0,0,0
85226098,2 a 4 veces por semana,Nunca o menos de 1 vez al mes,2 a 4 veces por semana,2 a 4 veces por semana,2 a 4 veces por semana,0,0,0,0,0,0,0
85240316,Entre 1 y 3 veces al mes,2 a 4 veces por semana,2 a 4 veces por semana,Nunca o menos de 1 vez al mes,1 vez al dia,0,0,0,0,1,1,1
85240325,2 a 4 veces por semana,2 a 4 veces por semana,1 vez al dia,2 a 4 veces por semana,5 a 6 veces por semana,0,0,1,0,1,1,2
85243798,Entre 1 y 3 veces al mes,1 vez al dia,2 a 4 veces por semana,Nunca o menos de 1 vez al mes,Entre 4 y 5 veces al dia,0,1,0,0,1,1,2
85245572,Nunca o menos de 1 vez al mes,Nunca o menos de 1 vez al mes,2 a 4 veces por semana,Entre 1 y 3 veces al mes,Entre 2 y 3 veces al dia,0,0,0,0,1,1,1
85252665,Nunca o menos de 1 vez al mes,Entre 2 y 3 veces al dia,1 vez por semana,Nunca o menos de 1 vez al mes,Entre 2 y 3 veces al dia,0,1,0,0,1,1,2
85255882,Nunca o menos de 1 vez al mes,Nunca o menos de 1 vez al mes,1 vez por semana,Nunca o menos de 1 vez al mes,5 a 6 veces por semana,0,0,0,0,1,1,1
85281203,Nunca o menos de 1 vez al mes,2 a 4 veces por semana,2 a 4 veces por semana,Nunca o menos de 1 vez al mes,Entre 2 y 3 veces al dia,0,0,0,0,1,1,1
85283128,1 vez por semana,5 a 6 veces por semana,Entre 2 y 3 veces al dia,1 vez al dia,1 vez al dia,0,1,1,1,1,1,4
85283130,1 vez al dia,Entre 2 y 3 veces al dia,Entre 2 y 3 veces al dia,1 vez por semana,Entre 4 y 5 veces al dia,1,1,1,0,1,1,4
85289652,1 vez por semana,Entre 1 y 3 veces al mes,1 vez por semana,Entre 1 y 3 veces al mes,1 vez al dia,0,0,0,0,1,1,1
85324439,2 a 4 veces por semana,Entre 2 y 3 veces al dia,Nunca o menos de 1 vez al mes,Nunca o menos de 1 vez al mes,Entre 4 y 5 veces al dia,0,1,0,0,1,1,2
85324442,Nunca o menos de 1 vez al mes,2 a 4 veces por semana,Nunca o menos de 1 vez al mes,Nunca o menos de 1 vez al mes,Entre 2 y 3 veces al dia,0,0,0,0,1,1,1
85324447,2 a 4 veces por semana,5 a 6 veces por semana,5 a 6 veces por semana,Nunca o menos de 1 vez al mes,Entre 4 y 5 veces al dia,0,1,1,0,1,1,3
85324448,2 a 4 veces por semana,2 a 4 veces por semana,1 vez por semana,Nunca o menos de 1 vez al mes,Entre 2 y 3 veces al dia,0,0,0,0,1,1,1
85340614,Nunca o menos de 1 vez al mes,Nunca o menos de 1 vez al mes,Nunca o menos de 1 vez al mes,Nunca o menos de 1 vez al mes,Entre 1 y 3 veces al mes,0,0,0,0,0,0,0
85383740,Nunca o menos de 1 vez al mes,Nunca o menos de 1 vez al mes,Nunca o menos de 1 vez al mes,Nunca o menos de 1 vez al mes,Nunca o menos de 1 vez al mes,0,0,0,0,0,0,0
85403110,Entre 1 y 3 veces al mes,5 a 6 veces por semana,Nunca o menos de 1 vez al mes,Nunca o menos de 1 vez al mes,2 a 4 veces por semana,0,1,0,0,0,1,1
85403111,Entre 1 y 3 veces al mes,Entre 1 y 3 veces al mes,Nunca o menos de 1 vez al mes,Nunca o menos de 1 vez al mes,2 a 4 veces por semana,0,0,0,0,0,0,0
85418078,Entre 1 y 3 veces al mes,1 vez al dia,Entre 1 y 3 veces al mes,Nunca o menos de 1 vez al mes,Entre 2 y 3 veces al dia,0,1,0,0,1,1,2
85418081,1 vez por semana,2 a 4 veces por semana,1 vez al dia,2 a 4 veces por semana,Entre 2 y 3 veces al dia,0,0,1,0,1,1,2
85434956,Nunca o menos de 1 vez al mes,Nunca o menos de 1 vez al mes,Entre 1 y 3 veces al mes,1 vez por semana,Nunca o menos de 1 vez al mes,0,0,0,0,0,0,0
85439161,2 a 4 veces por semana,Entre 1 y 3 veces al mes,2 a 4 veces por semana,Nunca o menos de 1 vez al mes,Entre 2 y 3 veces al dia,0,0,0,0,1,1,1
85439162,2 a 4 veces por semana,2 a 4 veces por semana,Nunca o menos de 1 vez al mes,Nunca o menos de 1 vez al mes,Entre 2 y 3 veces al dia,0,0,0,0,1,1,1
85455544,2 a 4 veces por semana,2 a 4 veces por semana,1 vez por semana,Nunca o menos de 1 vez al mes,1 vez al dia,0,0,0,0,1,1,1
85483852,Entre 1 y 3 veces al mes,Entre 1 y 3 veces al mes,1 vez por semana,Entre 1 y 3 veces al mes,2 a 4 veces por semana,0,0,0,0,0,0,0
85491915,2 a 4 veces por semana,2 a 4 veces por semana,Entre 1 y 3 veces al mes,Nunca o menos de 1 vez al mes,1 vez al dia,0,0,0,0,1,1,1
85495002,Nunca o menos de 1 vez al mes,1 vez al dia,1 vez al dia,Nunca o menos de 1 vez al mes,Entre 2 y 3 veces al dia,0,1,1,0,1,1,3
85495005,1 vez por semana,2 a 4 veces por semana,1 vez al dia,Nunca o menos de 1 vez al mes,Entre 2 y 3 veces al dia,0,0,1,0,1,1,2
85495052,1 vez por semana,1 vez por semana,Entre 1 y 3 veces al mes,Nunca o menos de 1 vez al mes,1 vez al dia,0,0,0,0,1,1,1
85499877,1 vez al dia,2 a 4 veces por semana,2 a 4 veces por semana,Nunca o menos de 1 vez al mes,Entre 2 y 3 veces al dia,1,0,0,0,1,1,2
85499881,Entre 1 y 3 veces al mes,1 vez al dia,1 vez por semana,Nunca o menos de 1 vez al mes,2 a 4 veces por semana,0,1,0,0,0,1,1
85500074,Nunca o menos de 1 vez al mes,1 vez al dia,Nunca o menos de 1 vez al mes,Nunca o menos de 1 vez al mes,2 a 4 veces por semana,0,1,0,0,0,1,1
85500075,2 a 4 veces por semana,1 vez al dia,2 a 4 veces por semana,Nunca o menos de 1 vez al mes,2 a 4 veces por semana,0,1,0,0,0,1,1
85504255,1 vez por semana,Nunca o menos de 1 vez al mes,1 vez al dia,Nunca o menos de 1 vez al mes,2 a 4 veces por semana,0,0,1,0,0,1,1
85506611,Entre 1 y 3 veces al mes,1 vez por semana,1 vez por semana,1 vez por semana,5 a 6 veces por semana,0,0,0,0,1,1,1
85520823,Nunca o menos de 1 vez al mes,Nunca o menos de 1 vez al mes,Nunca o menos de 1 vez al mes,Nunca o menos de 1 vez al mes,Nunca o menos de 1 vez al mes,0,0,0,0,0,0,0
85522952,Entre 1 y 3 veces al mes,5 a 6 veces por semana,5 a 6 veces por semana,Entre 1 y 3 veces al mes,1 vez al dia,0,1,1,0,1,1,3
85522953,Entre 1 y 3 veces al mes,Entre 2 y 3 veces al dia,1 vez por semana,Nunca o menos de 1 vez al mes,5 a 6 veces por semana,0,1,0,0,1,1,2
85522954,Nunca o menos de 1 vez al mes,5 a 6 veces por semana,2 a 4 veces por semana,Entre 1 y 3 veces al mes,Entre 4 y 5 veces al dia,0,1,0,0,1,1,2
85524483,Entre 1 y 3 veces al mes,1 vez por semana,2 a 4 veces por semana,Nunca o menos de 1 vez al mes,1 vez por semana,0,0,0,0,0,0,0
85526832,Entre 1 y 3 veces al mes,Nunca o menos de 1 vez al mes,5 a 6 veces por semana,Nunca o menos de 1 vez al mes,2 a 4 veces por semana,0,0,1,0,0,1,1
85541420,Nunca o menos de 1 vez al mes,1 vez por semana,Nunca o menos de 1 vez al mes,Nunca o menos de 1 vez al mes,Entre 1 y 3 veces al mes,0,0,0,0,0,0,0
85541522,2 a 4 veces por semana,1 vez al dia,1 vez por semana,Nunca o menos de 1 vez al mes,Entre 2 y 3 veces al dia,0,1,0,0,1,1,2
85541523,2 a 4 veces por semana,1 vez al dia,2 a 4 veces por semana,Nunca o menos de 1 vez al mes,Entre 2 y 3 veces al dia,0,1,0,0,1,1,2
85555354,Nunca o menos de 1 vez al mes,1 vez por semana,2 a 4 veces por semana,Nunca o menos de 1 vez al mes,2 a 4 veces por semana,0,0,0,0,0,0,0
85571281,Entre 1 y 3 veces al mes,1 vez al dia,Entre 1 y 3 veces al mes,Nunca o menos de 1 vez al mes,1 vez al dia,0,1,0,0,1,1,2
85571717,1 vez por semana,Entre 2 y 3 veces al dia,2 a 4 veces por semana,1 vez por semana,Entre 2 y 3 veces al dia,0,1,0,0,1,1,2
85579814,1 vez por semana,1 vez al dia,1 vez por semana,Entre 1 y 3 veces al mes,1 vez al dia,0,1,0,0,1,1,2
85580925,1 vez por semana,Entre 1 y 3 veces al mes,Entre 1 y 3 veces al mes,Nunca o menos de 1 vez al mes,2 a 4 veces por semana,0,0,0,0,0,0,0
85581896,1 vez por semana,5 a 6 veces por semana,5 a 6 veces por semana,Nunca o menos de 1 vez al mes,5 a 6 veces por semana,0,1,1,0,1,1,3
85583298,Entre 1 y 3 veces al mes,Entre 1 y 3 veces al mes,5 a 6 veces por semana,Nunca o menos de 1 vez al mes,Entre 2 y 3 veces al dia,0,0,1,0,1,1,2
85583299,Entre 1 y 3 veces al mes,Entre 1 y 3 veces al mes,1 vez por semana,Nunca o menos de 1 vez al mes,2 a 4 veces por semana,0,0,0,0,0,0,0
85586870,Nunca o menos de 1 vez al mes,2 a 4 veces por semana,Nunca o menos de 1 vez al mes,Entre 1 y 3 veces al mes,2 a 4 veces por semana,0,0,0,0,0,0,0
85592070,5 a 6 veces por semana,Entre 2 y 3 veces al dia,Entre 2 y 3 veces al dia,Nunca o menos de 1 vez al mes,2 a 4 veces por semana,1,1,1,0,0,1,3
85592071,5 a 6 veces por semana,1 vez al dia,5 a 6 veces por semana,Nunca o menos de 1 vez al mes,2 a 4 veces por semana,1,1,1,0,0,1,3
85593934,Nunca o menos de 1 vez al mes,Entre 1 y 3 veces al mes,Nunca o menos de 1 vez al mes,Nunca o menos de 1 vez al mes,2 a 4 veces por semana,0,0,0,0,0,0,0
85593937,Nunca o menos de 1 vez al mes,Nunca o menos de 1 vez al mes,Nunca o menos de 1 vez al mes,Entre 1 y 3 veces al mes,2 a 4 veces por semana,0,0,0,0,0,0,0
85614690,Entre 1 y 3 veces al mes,Nunca o menos de 1 vez al mes,Entre 1 y 3 veces al mes,Nunca o menos de 1 vez al mes,Nunca o menos de 1 vez al mes,0,0,0,0,0,0,0
85618319,Entre 1 y 3 veces al mes,1 vez por semana,Entre 1 y 3 veces al mes,Nunca o menos de 1 vez al mes,1 vez por semana,0,0,0,0,0,0,0
85621881,2 a 4 veces por semana,1 vez por semana,1 vez por semana,Nunca o menos de 1 vez al mes,2 a 4 veces por semana,0,0,0,0,0,0,0
85622954,1 vez por semana,1 vez por semana,5 a 6 veces por semana,Nunca o menos de 1 vez al mes,Entre 2 y 3 veces al dia,0,0,1,0,1,1,2
85636457,2 a 4 veces por semana,1 vez al dia,1 vez al dia,Nunca o menos de 1 vez al mes,Entre 2 y 3 veces al dia,0,1,1,0,1,1,3
85639798,1 vez por semana,1 vez por semana,Entre 2 y 3 veces al dia,Nunca o menos de 1 vez al mes,Entre 4 y 5 veces al dia,0,0,1,0,1,1,2
85639799,1 vez al dia,Nunca o menos de 1 vez al mes,2 a 4 veces por semana,Nunca o menos de 1 vez al mes,Nunca o menos de 1 vez al mes,1,0,0,0,0,1,1
85641783,1 vez por semana,2 a 4 veces por semana,2 a 4 veces por semana,1 vez por semana,1 vez por semana,0,0,0,0,0,0,0
85663225,Entre 1 y 3 veces al mes,Entre 1 y 3 veces al mes,1 vez al dia,Nunca o menos de 1 vez al mes,Entre 2 y 3 veces al dia,0,0,1,0,1,1,2
85663226,Nunca o menos de 1 vez al mes,1 vez por semana,1 vez por semana,Nunca o menos de 1 vez al mes,Entre 2 y 3 veces al dia,0,0,0,0,1,1,1
85670673,Entre 1 y 3 veces al mes,Nunca o menos de 1 vez al mes,2 a 4 veces por semana,Nunca o menos de 1 vez al mes,Entre 4 y 5 veces al dia,0,0,0,0,1,1,1
85672253,Entre 1 y 3 veces al mes,5 a 6 veces por semana,Nunca o menos de 1 vez al mes,Nunca o menos de 1 vez al mes,1 vez al dia,0,1,0,0,1,1,2
85672254,1 vez por semana,5 a 6 veces por semana,2 a 4 veces por semana,Nunca o menos de 1 vez al mes,Entre 2 y 3 veces al dia,0,1,0,0,1,1,2
85672256,Entre 1 y 3 veces al mes,Nunca o menos de 1 vez al mes,2 a 4 veces por semana,Nunca o menos de 1 vez al mes,2 a 4 veces por semana,0,0,0,0,0,0,0
85684930,2 a 4 veces por semana,Nunca o menos de 1 vez al mes,1 vez al dia,Nunca o menos de 1 vez al mes,Entre 2 y 3 veces al dia,0,0,1,0,1,1,2
85687313,Entre 1 y 3 veces al mes,2 a 4 veces por semana,5 a 6 veces por semana,Entre 1 y 3 veces al mes,2 a 4 veces por semana,0,0,1,0,0,1,1
85702798,1 vez al dia,1 vez por semana,Nunca o menos de 1 vez al mes,Nunca o menos de 1 vez al mes,Entre 2 y 3 veces al dia,1,0,0,0,1,1,2
85710832,1 vez por semana,2 a 4 veces por semana,2 a 4 veces por semana,Nunca o menos de 1 vez al mes,2 a 4 veces por semana,0,0,0,0,0,0,0
85710840,Entre 1 y 3 veces al mes,1 vez por semana,2 a 4 veces por semana,Nunca o menos de 1 vez al mes,2 a 4 veces por semana,0,0,0,0,0,0,0
85710841,Entre 1 y 3 veces al mes,2 a 4 veces por semana,Nunca o menos de 1 vez al mes,Nunca o menos de 1 vez al mes,Entre 1 y 3 veces al mes,0,0,0,0,0,0,0
85712322,1 vez por semana,2 a 4 veces por semana,2 a 4 veces por semana,Nunca o menos de 1 vez al mes,Entre 2 y 3 veces al dia,0,0,0,0,1,1,1
85712327,2 a 4 veces por semana,Nunca o menos de 1 vez al mes,1 vez por semana,Nunca o menos de 1 vez al mes,Entre 2 y 3 veces al dia,0,0,0,0,1,1,1
85737071,Nunca o menos de 1 vez al mes,Nunca o menos de 1 vez al mes,1 vez por semana,Nunca o menos de 1 vez al mes,1 vez por semana,0,0,0,0,0,0,0
85741691,Entre 1 y 3 veces al mes,5 a 6 veces por semana,Nunca o menos de 1 vez al mes,Nunca o menos de 1 vez al mes,1 vez al dia,0,1,0,0,1,1,2
85746883,Nunca o menos de 1 vez al mes,Nunca o menos de 1 vez al mes,Nunca o menos de 1 vez al mes,Entre 1 y 3 veces al mes,Entre 1 y 3 veces al mes,0,0,0,0,0,0,0
85748739,2 a 4 veces por semana,2 a 4 veces por semana,1 vez al dia,2 a 4 veces por semana,1 vez al dia,0,0,1,0,1,1,2
85760835,Entre 1 y 3 veces al mes,Entre 1 y 3 veces al mes,Entre 1 y 3 veces al mes,Nunca o menos de 1 vez al mes,2 a 4 veces por semana,0,0,0,0,0,0,0
85762234,1 vez por semana,1 vez al dia,2 a 4 veces por semana,Nunca o menos de 1 vez al mes,Entre 1 y 3 veces al mes,0,1,0,0,0,1,1
85762243,2 a 4 veces por semana,Nunca o menos de 1 vez al mes,1 vez al dia,1 vez por semana,Entre 2 y 3 veces al dia,0,0,1,0,1,1,2
85763963,Entre 1 y 3 veces al mes,5 a 6 veces por semana,Nunca o menos de 1 vez al mes,2 a 4 veces por semana,1 vez al dia,0,1,0,0,1,1,2
85763966,1 vez al dia,1 vez al dia,1 vez al dia,Nunca o menos de 1 vez al mes,1 vez al dia,1,1,1,0,1,1,4
85764267,2 a 4 veces por semana,1 vez por semana,1 vez por semana,Nunca o menos de 1 vez al mes,Entre 2 y 3 veces al dia,0,0,0,0,1,1,1
85767886,1 vez por semana,1 vez por semana,Entre 1 y 3 veces al mes,Nunca o menos de 1 vez al mes,5 a 6 veces por semana,0,0,0,0,1,1,1
85784394,2 a 4 veces por semana,1 vez por semana,2 a 4 veces por semana,2 a 4 veces por semana,2 a 4 veces por semana,0,0,0,0,0,0,0
85790017,Entre 1 y 3 veces al mes,Entre 1 y 3 veces al mes,Entre 1 y 3 veces al mes,Entre 1 y 3 veces al mes,Entre 1 y 3 veces al mes,0,0,0,0,0,0,0
85790018,Entre 1 y 3 veces al mes,Entre 1 y 3 veces al mes,Entre 1 y 3 veces al mes,Entre 1 y 3 veces al mes,Entre 1 y 3 veces al mes,0,0,0,0,0,0,0
85801384,2 a 4 veces por semana,2 a 4 veces por semana,2 a 4 veces por semana,Nunca o menos de 1 vez al mes,2 a 4 veces por semana,0,0,0,0,0,0,0
85803137,Entre 1 y 3 veces al mes,2 a 4 veces por semana,Entre 1 y 3 veces al mes,Nunca o menos de 1 vez al mes,1 vez por semana,0,0,0,0,0,0,0
85812691,Entre 1 y 3 veces al mes,1 vez por semana,5 a 6 veces por semana,Nunca o menos de 1 vez al mes,Entre 2 y 3 veces al dia,0,0,1,0,1,1,2
85819451,1 vez por semana,Entre 1 y 3 veces al mes,2 a 4 veces por semana,Nunca o menos de 1 vez al mes,5 a 6 veces por semana,0,0,0,0,1,1,1
85829421,1 vez por semana,2 a 4 veces por semana,2 a 4 veces por semana,Nunca o menos de 1 vez al mes,Entre 2 y 3 veces al dia,0,0,0,0,1,1,1
85829423,Entre 1 y 3 veces al mes,2 a 4 veces por semana,5 a 6 veces por semana,Nunca o menos de 1 vez al mes,1 vez al dia,0,0,1,0,1,1,2
85834462,2 a 4 veces por semana,Nunca o menos de 1 vez al mes,Nunca o menos de 1 vez al mes,Nunca o menos de 1 vez al mes,5 a 6 veces por semana,0,0,0,0,1,1,1
85855638,Entre 1 y 3 veces al mes,Entre 1 y 3 veces al mes,Entre 1 y 3 veces al mes,1 vez por semana,Nunca o menos de 1 vez al mes,0,0,0,0,0,0,0
85858108,Nunca o menos de 1 vez al mes,2 a 4 veces por semana,Nunca o menos de 1 vez al mes,Nunca o menos de 1 vez al mes,1 vez al dia,0,0,0,0,1,1,1
85861817,2 a 4 veces por semana,Nunca o menos de 1 vez al mes,Entre 1 y 3 veces al mes,Nunca o menos de 1 vez al mes,1 vez por semana,0,0,0,0,0,0,0
85905838,Nunca o menos de 1 vez al mes,1 vez por semana,Entre 1 y 3 veces al mes,Nunca o menos de 1 vez al mes,2 a 4 veces por semana,0,0,0,0,0,0,0
85920738,1 vez por semana,1 vez por semana,1 vez por semana,Nunca o menos de 1 vez al mes,2 a 4 veces por semana,0,0,0,0,0,0,0
85922993,5 a 6 veces por semana,2 a 4 veces por semana,Entre 1 y 3 veces al mes,Nunca o menos de 1 vez al mes,5 a 6 veces por semana,1,0,0,0,1,1,2
85926202,Nunca o menos de 1 vez al mes,Nunca o menos de 1 vez al mes,Entre 1 y 3 veces al mes,Nunca o menos de 1 vez al mes,Nunca o menos de 1 vez al mes,0,0,0,0,0,0,0
85927979,Nunca o menos de 1 vez al mes,1 vez por semana,2 a 4 veces por semana,Nunca o menos de 1 vez al mes,2 a 4 veces por semana,0,0,0,0,0,0,0
85953038,2 a 4 veces por semana,1 vez al dia,1 vez al dia,Nunca o menos de 1 vez al mes,Nunca o menos de 1 vez al mes,0,1,1,0,0,1,2
85958730,Nunca o menos de 1 vez al mes,Entre 1 y 3 veces al mes,2 a 4 veces por semana,Nunca o menos de 1 vez al mes,1 vez por semana,0,0,0,0,0,0,0
85969457,Entre 1 y 3 veces al mes,2 a 4 veces por semana,1 vez por semana,Nunca o menos de 1 vez al mes,2 a 4 veces por semana,0,0,0,0,0,0,0
85993957,5 a 6 veces por semana,5 a 6 veces por semana,2 a 4 veces por semana,Nunca o menos de 1 vez al mes,Entre 2 y 3 veces al dia,1,1,0,0,1,1,3
85993963,Entre 1 y 3 veces al mes,5 a 6 veces por semana,1 vez por semana,Nunca o menos de 1 vez al mes,Entre 2 y 3 veces al dia,0,1,0,0,1,1,2
85994575,Nunca o menos de 1 vez al mes,Nunca o menos de 1 vez al mes,Nunca o menos de 1 vez al mes,Nunca o menos de 1 vez al mes,1 vez al dia,0,0,0,0,1,1,1
85994825,Nunca o menos de 1 vez al mes,2 a 4 veces por semana,2 a 4 veces por semana,Nunca o menos de 1 vez al mes,1 vez al dia,0,0,0,0,1,1,1
86018870,Entre 1 y 3 veces al mes,Entre 1 y 3 veces al mes,Entre 1 y 3 veces al mes,Nunca o menos de 1 vez al mes,1 vez al dia,0,0,0,0,1,1,1
86067469,Entre 1 y 3 veces al mes,Entre 1 y 3 veces al mes,2 a 4 veces por semana,Nunca o menos de 1 vez al mes,5 a 6 veces por semana,0,0,0,0,1,1,1
86071065,2 a 4 veces por semana,Entre 1 y 3 veces al mes,5 a 6 veces por semana,Nunca o menos de 1 vez al mes,1 vez por semana,0,0,1,0,0,1,1
86074703,1 vez por semana,1 vez por semana,Nunca o menos de 1 vez al mes,Nunca o menos de 1 vez al mes,Entre 4 y 5 veces al dia,0,0,0,0,1,1,1
86089415,1 vez por semana,1 vez por semana,Entre 2 y 3 veces al dia,Nunca o menos de 1 vez al mes,5 a 6 veces por semana,0,0,1,0,1,1,2
86125221,Nunca o menos de 1 vez al mes,Nunca o menos de 1 vez al mes,Nunca o menos de 1 vez al mes,Nunca o menos de 1 vez al mes,1 vez por semana,0,0,0,0,0,0,0
86128392,Nunca o menos de 1 vez al mes,Nunca o menos de 1 vez al mes,1 vez al dia,Nunca o menos de 1 vez al mes,Entre 2 y 3 veces al dia,0,0,1,0,1,1,2
86131221,Nunca o menos de 1 vez al mes,2 a 4 veces por semana,2 a 4 veces por semana,Nunca o menos de 1 vez al mes,Entre 4 y 5 veces al dia,0,0,0,0,1,1,1
86131982,Entre 1 y 3 veces al mes,Nunca o menos de 1 vez al mes,1 vez por semana,Nunca o menos de 1 vez al mes,1 vez por semana,0,0,0,0,0,0,0
86135217,Entre 1 y 3 veces al mes,2 a 4 veces por semana,2 a 4 veces por semana,Nunca o menos de 1 vez al mes,Entre 2 y 3 veces al dia,0,0,0,0,1,1,1
86148193,2 a 4 veces por semana,5 a 6 veces por semana,1 vez al dia,Nunca o menos de 1 vez al mes,Entre 2 y 3 veces al dia,0,1,1,0,1,1,3
86150334,1 vez por semana,Nunca o menos de 1 vez al mes,Nunca o menos de 1 vez al mes,1 vez por semana,Entre 2 y 3 veces al dia,0,0,0,0,1,1,1
86181970,Nunca o menos de 1 vez al mes,1 vez por semana,Nunca o menos de 1 vez al mes,Nunca o menos de 1 vez al mes,Entre 2 y 3 veces al dia,0,0,0,0,1,1,1
86196822,Entre 1 y 3 veces al mes,1 vez por semana,2 a 4 veces por semana,Nunca o menos de 1 vez al mes,5 a 6 veces por semana,0,0,0,0,1,1,1
86198453,Nunca o menos de 1 vez al mes,1 vez al dia,1 vez al dia,1 vez por semana,Entre 4 y 5 veces al dia,0,1,1,0,1,1,3
86203039,1 vez por semana,1 vez por semana,2 a 4 veces por semana,1 vez por semana,Entre 1 y 3 veces al mes,0,0,0,0,0,0,0
86203042,Entre 1 y 3 veces al mes,Entre 1 y 3 veces al mes,2 a 4 veces por semana,Nunca o menos de 1 vez al mes,Entre 1 y 3 veces al mes,0,0,0,0,0,0,0
86203088,2 a 4 veces por semana,2 a 4 veces por semana,2 a 4 veces por semana,Nunca o menos de 1 vez al mes,Nunca o menos de 1 vez al mes,0,0,0,0,0,0,0
86203300,Nunca o menos de 1 vez al mes,2 a 4 veces por semana,1 vez al dia,Nunca o menos de 1 vez al mes,Nunca o menos de 1 vez al mes,0,0,1,0,0,1,1
86206843,Nunca o menos de 1 vez al mes,Nunca o menos de 1 vez al mes,Nunca o menos de 1 vez al mes,Nunca o menos de 1 vez al mes,Entre 2 y 3 veces al dia,0,0,0,0,1,1,1
86248636,Entre 1 y 3 veces al mes,1 vez al dia,1 vez por semana,Nunca o menos de 1 vez al mes,Entre 2 y 3 veces al dia,0,1,0,0,1,1,2
86252808,2 a 4 veces por semana,Nunca o menos de 1 vez al mes,2 a 4 veces por semana,Nunca o menos de 1 vez al mes,2 a 4 veces por semana,0,0,0,0,0,0,0
86268778,Nunca o menos de 1 vez al mes,Nunca o menos de 1 vez al mes,Entre 1 y 3 veces al mes,1 vez por semana,1 vez por semana,0,0,0,0,0,0,0
86279018,1 vez por semana,2 a 4 veces por semana,Nunca o menos de 1 vez al mes,Entre 1 y 3 veces al mes,5 a 6 veces por semana,0,0,0,0,1,1,1
86291976,Nunca o menos de 1 vez al mes,Entre 1 y 3 veces al mes,Entre 1 y 3 veces al mes,Nunca o menos de 1 vez al mes,Entre 1 y 3 veces al mes,0,0,0,0,0,0,0
86316025,2 a 4 veces por semana,Entre 2 y 3 veces al dia,1 vez al dia,Nunca o menos de 1 vez al mes,2 a 4 veces por semana,0,1,1,0,0,1,2
86317270,Entre 1 y 3 veces al mes,Nunca o menos de 1 vez al mes,Entre 1 y 3 veces al mes,Nunca o menos de 1 vez al mes,5 a 6 veces por semana,0,0,0,0,1,1,1
86321628,Nunca o menos de 1 vez al mes,Nunca o menos de 1 vez al mes,Entre 1 y 3 veces al mes,1 vez por semana,1 vez por semana,0,0,0,0,0,0,0
86325706,1 vez por semana,Nunca o menos de 1 vez al mes,Entre 2 y 3 veces al dia,Nunca o menos de 1 vez al mes,Nunca o menos de 1 vez al mes,0,0,1,0,0,1,1
86330796,1 vez al dia,2 a 4 veces por semana,Nunca o menos de 1 vez al mes,Nunca o menos de 1 vez al mes,Entre 4 y 5 veces al dia,1,0,0,0,1,1,2
86336391,1 vez por semana,1 vez al dia,1 vez por semana,1 vez por semana,1 vez por semana,0,1,0,0,0,1,1
86348870,Nunca o menos de 1 vez al mes,Nunca o menos de 1 vez al mes,Nunca o menos de 1 vez al mes,2 a 4 veces por semana,Nunca o menos de 1 vez al mes,0,0,0,0,0,0,0
86368969,Nunca o menos de 1 vez al mes,Nunca o menos de 1 vez al mes,5 a 6 veces por semana,Nunca o menos de 1 vez al mes,Entre 1 y 3 veces al mes,0,0,1,0,0,1,1
86368970,Nunca o menos de 1 vez al mes,Nunca o menos de 1 vez al mes,5 a 6 veces por semana,Nunca o menos de 1 vez al mes,1 vez por semana,0,0,1,0,0,1,1
86368976,Nunca o menos de 1 vez al mes,Nunca o menos de 1 vez al mes,2 a 4 veces por semana,Nunca o menos de 1 vez al mes,5 a 6 veces por semana,0,0,0,0,1,1,1
86384325,1 vez por semana,2 a 4 veces por semana,1 vez por semana,Nunca o menos de 1 vez al mes,Entre 4 y 5 veces al dia,0,0,0,0,1,1,1
86405113,1 vez por semana,1 vez por semana,2 a 4 veces por semana,Nunca o menos de 1 vez al mes,1 vez por semana,0,0,0,0,0,0,0
86406427,2 a 4 veces por semana,1 vez al dia,1 vez por semana,Nunca o menos de 1 vez al mes,Entre 2 y 3 veces al dia,0,1,0,0,1,1,2
86407600,Entre 1 y 3 veces al mes,1 vez por semana,Entre 1 y 3 veces al mes,Nunca o menos de 1 vez al mes,2 a 4 veces por semana,0,0,0,0,0,0,0
86425738,Entre 1 y 3 veces al mes,1 vez al dia,2 a 4 veces por semana,Nunca o menos de 1 vez al mes,Entre 1 y 3 veces al mes,0,1,0,0,0,1,1
86428530,Nunca o menos de 1 vez al mes,Nunca o menos de 1 vez al mes,5 a 6 veces por semana,Nunca o menos de 1 vez al mes,2 a 4 veces por semana,0,0,1,0,0,1,1
86428532,Nunca o menos de 1 vez al mes,1 vez por semana,2 a 4 veces por semana,Nunca o menos de 1 vez al mes,Nunca o menos de 1 vez al mes,0,0,0,0,0,0,0
86432116,Entre 1 y 3 veces al mes,Nunca o menos de 1 vez al mes,Entre 1 y 3 veces al mes,Nunca o menos de 1 vez al mes,Entre 1 y 3 veces al mes,0,0,0,0,0,0,0
86432188,Entre 1 y 3 veces al mes,Entre 1 y 3 veces al mes,Nunca o menos de 1 vez al mes,Nunca o menos de 1 vez al mes,Entre 1 y 3 veces al mes,0,0,0,0,0,0,0
86432304,Nunca o menos de 1 vez al mes,1 vez por semana,1 vez por semana,Nunca o menos de 1 vez al mes,Entre 2 y 3 veces al dia,0,0,0,0,1,1,1
86432313,Entre 1 y 3 veces al mes,Entre 1 y 3 veces al mes,5 a 6 veces por semana,Nunca o menos de 1 vez al mes,1 vez por semana,0,0,1,0,0,1,1
86432314,Entre 1 y 3 veces al mes,Nunca o menos de 1 vez al mes,1 vez al dia,Nunca o menos de 1 vez al mes,1 vez al dia,0,0,1,0,1,1,2
86454030,1 vez por semana,2 a 4 veces por semana,5 a 6 veces por semana,Nunca o menos de 1 vez al mes,5 a 6 veces por semana,0,0,1,0,1,1,2
86454032,1 vez por semana,1 vez por semana,5 a 6 veces por semana,Nunca o menos de 1 vez al mes,5 a 6 veces por semana,0,0,1,0,1,1,2
86455459,2 a 4 veces por semana,2 a 4 veces por semana,5 a 6 veces por semana,Nunca o menos de 1 vez al mes,2 a 4 veces por semana,0,0,1,0,0,1,1
86474912,Nunca o menos de 1 vez al mes,1 vez por semana,2 a 4 veces por semana,Nunca o menos de 1 vez al mes,Nunca o menos de 1 vez al mes,0,0,0,0,0,0,0
86491264,Entre 2 y 3 veces al dia,Entre 2 y 3 veces al dia,Entre 2 y 3 veces al dia,Entre 1 y 3 veces al mes,Entre 2 y 3 veces al dia,1,1,1,0,1,1,4
86496238,Entre 1 y 3 veces al mes,Nunca o menos de 1 vez al mes,1 vez por semana,Nunca o menos de 1 vez al mes,2 a 4 veces por semana,0,0,0,0,0,0,0
86511992,Entre 1 y 3 veces al mes,Entre 1 y 3 veces al mes,Entre 1 y 3 veces al mes,Nunca o menos de 1 vez al mes,1 vez al dia,0,0,0,0,1,1,1
86514557,Nunca o menos de 1 vez al mes,1 vez por semana,Entre 1 y 3 veces al mes,Nunca o menos de 1 vez al mes,1 vez al dia,0,0,0,0,1,1,1
86524463,Nunca o menos de 1 vez al mes,2 a 4 veces por semana,Entre 1 y 3 veces al mes,1 vez por semana,5 a 6 veces por semana,0,0,0,0,1,1,1
86529853,1 vez al dia,2 a 4 veces por semana,1 vez al dia,2 a 4 veces por semana,Entre 2 y 3 veces al dia,1,0,1,0,1,1,3
86529884,2 a 4 veces por semana,2 a 4 veces por semana,5 a 6 veces por semana,2 a 4 veces por semana,Entre 2 y 3 veces al dia,0,0,1,0,1,1,2
86559660,Nunca o menos de 1 vez al mes,Nunca o menos de 1 vez al mes,Entre 1 y 3 veces al mes,Nunca o menos de 1 vez al mes,Nunca o menos de 1 vez al mes,0,0,0,0,0,0,0
86559661,Nunca o menos de 1 vez al mes,Nunca o menos de 1 vez al mes,1 vez al dia,Nunca o menos de 1 vez al mes,Nunca o menos de 1 vez al mes,0,0,1,0,0,1,1
86566748,Nunca o menos de 1 vez al mes,1 vez por semana,1 vez por semana,2 a 4 veces por semana,2 a 4 veces por semana,0,0,0,0,0,0,0
86628684,Nunca o menos de 1 vez al mes,Nunca o menos de 1 vez al mes,2 a 4 veces por semana,2 a 4 veces por semana,Nunca o menos de 1 vez al mes,0,0,0,0,0,0,0
86633629,1 vez por semana,Entre 2 y 3 veces al dia,5 a 6 veces por semana,Nunca o menos de 1 vez al mes,1 vez al dia,0,1,1,0,1,1,3
86643350,2 a 4 veces por semana,1 vez por semana,Entre 2 y 3 veces al dia,1 vez por semana,1 vez al dia,0,0,1,0,1,1,2
86650634,Nunca o menos de 1 vez al mes,Nunca o menos de 1 vez al mes,Nunca o menos de 1 vez al mes,Nunca o menos de 1 vez al mes,1 vez por semana,0,0,0,0,0,0,0
86656593,Entre 1 y 3 veces al mes,5 a 6 veces por semana,5 a 6 veces por semana,Nunca o menos de 1 vez al mes,Entre 2 y 3 veces al dia,0,1,1,0,1,1,3
86656595,2 a 4 veces por semana,Entre 1 y 3 veces al mes,Entre 1 y 3 veces al mes,Nunca o menos de 1 vez al mes,Entre 2 y 3 veces al dia,0,0,0,0,1,1,1
86656597,2 a 4 veces por semana,2 a 4 veces por semana,Entre 1 y 3 veces al mes,Nunca o menos de 1 vez al mes,Entre 2 y 3 veces al dia,0,0,0,0,1,1,1
86656598,Entre 1 y 3 veces al mes,Nunca o menos de 1 vez al mes,Entre 1 y 3 veces al mes,Nunca o menos de 1 vez al mes,Entre 2 y 3 veces al dia,0,0,0,0,1,1,1
86660796,1 vez por semana,1 vez por semana,5 a 6 veces por semana,Entre 1 y 3 veces al mes,Entre 2 y 3 veces al dia,0,0,1,0,1,1,2
86661283,Nunca o menos de 1 vez al mes,Nunca o menos de 1 vez al mes,5 a 6 veces por semana,2 a 4 veces por semana,1 vez por semana,0,0,1,0,0,1,1
86703753,1 vez por semana,2 a 4 veces por semana,Nunca o menos de 1 vez al mes,Nunca o menos de 1 vez al mes,2 a 4 veces por semana,0,0,0,0,0,0,0
86706740,Nunca o menos de 1 vez al mes,Entre 1 y 3 veces al mes,Entre 1 y 3 veces al mes,Entre 1 y 3 veces al mes,1 vez por semana,0,0,0,0,0,0,0
86748828,1 vez por semana,Entre 1 y 3 veces al mes,1 vez por semana,Nunca o menos de 1 vez al mes,Entre 4 y 5 veces al dia,0,0,0,0,1,1,1
86761714,Entre 1 y 3 veces al mes,1 vez al dia,Entre 1 y 3 veces al mes,Nunca o menos de 1 vez al mes,1 vez al dia,0,1,0,0,1,1,2
86761725,Entre 1 y 3 veces al mes,1 vez al dia,1 vez por semana,Nunca o menos de 1 vez al mes,1 vez al dia,0,1,0,0,1,1,2
86776054,Entre 1 y 3 veces al mes,1 vez por semana,Nunca o menos de 1 vez al mes,Nunca o menos de 1 vez al mes,Nunca o menos de 1 vez al mes,0,0,0,0,0,0,0
86776056,2 a 4 veces por semana,2 a 4 veces por semana,1 vez por semana,Nunca o menos de 1 vez al mes,Entre 2 y 3 veces al dia,0,0,0,0,1,1,1
86776057,2 a 4 veces por semana,2 a 4 veces por semana,1 vez por semana,2 a 4 veces por semana,Entre 2 y 3 veces al dia,0,0,0,0,1,1,1
86791221,Nunca o menos de 1 vez al mes,1 vez al dia,Nunca o menos de 1 vez al mes,Nunca o menos de 1 vez al mes,1 vez al dia,0,1,0,0,1,1,2
86799945,1 vez por semana,Entre 1 y 3 veces al mes,Nunca o menos de 1 vez al mes,2 a 4 veces por semana,2 a 4 veces por semana,0,0,0,0,0,0,0
86871875,2 a 4 veces por semana,Nunca o menos de 1 vez al mes,2 a 4 veces por semana,1 vez por semana,Entre 2 y 3 veces al dia,0,0,0,0,1,1,1
86871876,Nunca o menos de 1 vez al mes,2 a 4 veces por semana,1 vez por semana,Nunca o menos de 1 vez al mes,Entre 4 y 5 veces al dia,0,0,0,0,1,1,1
86875396,2 a 4 veces por semana,Entre 2 y 3 veces al dia,Entre 2 y 3 veces al dia,Nunca o menos de 1 vez al mes,Entre 4 y 5 veces al dia,0,1,1,0,1,1,3
86878670,Nunca o menos de 1 vez al mes,Nunca o menos de 1 vez al mes,Nunca o menos de 1 vez al mes,Nunca o menos de 1 vez al mes,2 a 4 veces por semana,0,0,0,0,0,0,0
86895579,1 vez por semana,1 vez por semana,5 a 6 veces por semana,Nunca o menos de 1 vez al mes,Entre 2 y 3 veces al dia,0,0,1,0,1,1,2
86895592,1 vez por semana,2 a 4 veces por semana,Nunca o menos de 1 vez al mes,Nunca o menos de 1 vez al mes,2 a 4 veces por semana,0,0,0,0,0,0,0
86902641,Nunca o menos de 1 vez al mes,Entre 1 y 3 veces al mes,Entre 1 y 3 veces al mes,Nunca o menos de 1 vez al mes,1 vez por semana,0,0,0,0,0,0,0
86954780,1 vez por semana,2 a 4 veces por semana,5 a 6 veces por semana,Nunca o menos de 1 vez al mes,5 a 6 veces por semana,0,0,1,0,1,1,2
86965724,Nunca o menos de 1 vez al mes,Nunca o menos de 1 vez al mes,2 a 4 veces por semana,Nunca o menos de 1 vez al mes,1 vez por semana,0,0,0,0,0,0,0
86974764,1 vez por semana,2 a 4 veces por semana,1 vez por semana,Nunca o menos de 1 vez al mes,Entre 2 y 3 veces al dia,0,0,0,0,1,1,1
86986278,Entre 1 y 3 veces al mes,Nunca o menos de 1 vez al mes,Entre 1 y 3 veces al mes,Nunca o menos de 1 vez al mes,Entre 4 y 5 veces al dia,0,0,0,0,1,1,1
86986280,2 a 4 veces por semana,Nunca o menos de 1 vez al mes,1 vez por semana,Nunca o menos de 1 vez al mes,Entre 4 y 5 veces al dia,0,0,0,0,1,1,1
86989281,Entre 1 y 3 veces al mes,2 a 4 veces por semana,1 vez por semana,Nunca o menos de 1 vez al mes,Entre 2 y 3 veces al dia,0,0,0,0,1,1,1
86989283,1 vez por semana,1 vez al dia,1 vez por semana,1 vez por semana,Entre 2 y 3 veces al dia,0,1,0,0,1,1,2
86990054,Entre 1 y 3 veces al mes,Entre 1 y 3 veces al mes,Entre 1 y 3 veces al mes,Entre 1 y 3 veces al mes,5 a 6 veces por semana,0,0,0,0,1,1,1
86995085,Entre 1 y 3 veces al mes,Nunca o menos de 1 vez al mes,Entre 1 y 3 veces al mes,Entre 1 y 3 veces al mes,Entre 2 y 3 veces al dia,0,0,0,0,1,1,1
87006119,Nunca o menos de 1 vez al mes,Entre 1 y 3 veces al mes,1 vez por semana,Nunca o menos de 1 vez al mes,1 vez al dia,0,0,0,0,1,1,1
87006120,Nunca o menos de 1 vez al mes,Entre 1 y 3 veces al mes,Entre 1 y 3 veces al mes,Entre 1 y 3 veces al mes,1 vez por semana,0,0,0,0,0,0,0
87011582,1 vez por semana,1 vez por semana,1 vez por semana,1 vez por semana,Nunca o menos de 1 vez al mes,0,0,0,0,0,0,0
87026075,Nunca o menos de 1 vez al mes,2 a 4 veces por semana,2 a 4 veces por semana,Nunca o menos de 1 vez al mes,2 a 4 veces por semana,0,0,0,0,0,0,0
87051160,Entre 1 y 3 veces al mes,1 vez por semana,Entre 1 y 3 veces al mes,Entre 1 y 3 veces al mes,Entre 2 y 3 veces al dia,0,0,0,0,1,1,1
87061101,1 vez al dia,1 vez al dia,5 a 6 veces por semana,Nunca o menos de 1 vez al mes,Entre 2 y 3 veces al dia,1,1,1,0,1,1,4
87065229,2 a 4 veces por semana,Entre 1 y 3 veces al mes,5 a 6 veces por semana,Nunca o menos de 1 vez al mes,Nunca o menos de 1 vez al mes,0,0,1,0,0,1,1
87077172,1 vez por semana,2 a 4 veces por semana,5 a 6 veces por semana,Nunca o menos de 1 vez al mes,1 vez por semana,0,0,1,0,0,1,1
87077173,1 vez por semana,2 a 4 veces por semana,2 a 4 veces por semana,Nunca o menos de 1 vez al mes,1 vez por semana,0,0,0,0,0,0,0
87083305,Entre 1 y 3 veces al mes,1 vez por semana,1 vez al dia,1 vez por semana,1 vez por semana,0,0,1,0,0,1,1
87086717,Entre 1 y 3 veces al mes,Entre 1 y 3 veces al mes,2 a 4 veces por semana,Entre 1 y 3 veces al mes,Nunca o menos de 1 vez al mes,0,0,0,0,0,0,0
87163543,Nunca o menos de 1 vez al mes,Nunca o menos de 1 vez al mes,Nunca o menos de 1 vez al mes,Nunca o menos de 1 vez al mes,1 vez al dia,0,0,0,0,1,1,1
87192813,Nunca o menos de 1 vez al mes,Nunca o menos de 1 vez al mes,Nunca o menos de 1 vez al mes,Nunca o menos de 1 vez al mes,1 vez al dia,0,0,0,0,1,1,1
87202829,1 vez por semana,Nunca o menos de 1 vez al mes,2 a 4 veces por semana,Nunca o menos de 1 vez al mes,2 a 4 veces por semana,0,0,0,0,0,0,0
87237594,1 vez por semana,2 a 4 veces por semana,1 vez por semana,Nunca o menos de 1 vez al mes,Entre 2 y 3 veces al dia,0,0,0,0,1,1,1
87268817,Entre 1 y 3 veces al mes,Nunca o menos de 1 vez al mes,5 a 6 veces por semana,Nunca o menos de 1 vez al mes,1 vez por semana,0,0,1,0,0,1,1
87277717,Nunca o menos de 1 vez al mes,Entre 1 y 3 veces al mes,1 vez por semana,Nunca o menos de 1 vez al mes,Entre 1 y 3 veces al mes,0,0,0,0,0,0,0
87282462,1 vez por semana,2 a 4 veces por semana,1 vez al dia,Entre 1 y 3 veces al mes,Entre 2 y 3 veces al dia,0,0,1,0,1,1,2
87289229,1 vez por semana,1 vez por semana,1 vez al dia,Nunca o menos de 1 vez al mes,Entre 4 y 5 veces al dia,0,0,1,0,1,1,2
87313336,Nunca o menos de 1 vez al mes,Entre 1 y 3 veces al mes,Nunca o menos de 1 vez al mes,Nunca o menos de 1 vez al mes,1 vez por semana,0,0,0,0,0,0,0
87354071,1 vez por semana,1 vez por semana,2 a 4 veces por semana,Nunca o menos de 1 vez al mes,2 a 4 veces por semana,0,0,0,0,0,0,0
87370883,Entre 1 y 3 veces al mes,Entre 1 y 3 veces al mes,1 vez por semana,Entre 1 y 3 veces al mes,Entre 2 y 3 veces al dia,0,0,0,0,1,1,1
87370885,Entre 1 y 3 veces al mes,1 vez por semana,Entre 1 y 3 veces al mes,Entre 1 y 3 veces al mes,Entre 4 y 5 veces al dia,0,0,0,0,1,1,1
87374100,Entre 1 y 3 veces al mes,Entre 1 y 3 veces al mes,2 a 4 veces por semana,Nunca o menos de 1 vez al mes,1 vez por semana,0,0,0,0,0,0,0
87412229,Nunca o menos de 1 vez al mes,2 a 4 veces por semana,2 a 4 veces por semana,Nunca o menos de 1 vez al mes,2 a 4 veces por semana,0,0,0,0,0,0,0
87460967,1 vez por semana,1 vez por semana,1 vez por semana,Nunca o menos de 1 vez al mes,1 vez por semana,0,0,0,0,0,0,0
87472269,1 vez por semana,2 a 4 veces por semana,1 vez por semana,Nunca o menos de 1 vez al mes,Entre 2 y 3 veces al dia,0,0,0,0,1,1,1
87483422,Nunca o menos de 1 vez al mes,Nunca o menos de 1 vez al mes,Nunca o menos de 1 vez al mes,Entre 1 y 3 veces al mes,2 a 4 veces por semana,0,0,0,0,0,0,0
87483424,2 a 4 veces por semana,2 a 4 veces por semana,2 a 4 veces por semana,1 vez por semana,2 a 4 veces por semana,0,0,0,0,0,0,0
87500628,2 a 4 veces por semana,5 a 6 veces por semana,1 vez al dia,1 vez por semana,Entre 2 y 3 veces al dia,0,1,1,0,1,1,3
87516920,Nunca o menos de 1 vez al mes,1 vez por semana,1 vez por semana,Nunca o menos de 1 vez al mes,1 vez por semana,0,0,0,0,0,0,0
87527319,1 vez por semana,1 vez por semana,1 vez por semana,Nunca o menos de 1 vez al mes,1 vez al dia,0,0,0,0,1,1,1
87527321,Entre 1 y 3 veces al mes,Entre 1 y 3 veces al mes,Entre 1 y 3 veces al mes,Nunca o menos de 1 vez al mes,1 vez por semana,0,0,0,0,0,0,0
87557434,Nunca o menos de 1 vez al mes,1 vez por semana,1 vez por semana,Nunca o menos de 1 vez al mes,5 a 6 veces por semana,0,0,0,0,1,1,1
87557459,1 vez por semana,1 vez por semana,Nunca o menos de 1 vez al mes,Nunca o menos de 1 vez al mes,2 a 4 veces por semana,0,0,0,0,0,0,0
87557465,2 a 4 veces por semana,1 vez por semana,1 vez por semana,Nunca o menos de 1 vez al mes,Entre 2 y 3 veces al dia,0,0,0,0,1,1,1
87568402,2 a 4 veces por semana,1 vez al dia,2 a 4 veces por semana,Nunca o menos de 1 vez al mes,6 veces o m?ís por d?¡a,0,1,0,0,0,1,1
87572708,1 vez por semana,1 vez por semana,1 vez por semana,Nunca o menos de 1 vez al mes,Entre 2 y 3 veces al dia,0,0,0,0,1,1,1
87573870,1 vez por semana,1 vez por semana,1 vez al dia,Nunca o menos de 1 vez al mes,Nunca o menos de 1 vez al mes,0,0,1,0,0,1,1
87573871,2 a 4 veces por semana,1 vez por semana,1 vez al dia,Nunca o menos de 1 vez al mes,Nunca o menos de 1 vez al mes,0,0,1,0,0,1,1
87579706,Nunca o menos de 1 vez al mes,Nunca o menos de 1 vez al mes,Entre 1 y 3 veces al mes,Nunca o menos de 1 vez al mes,5 a 6 veces por semana,0,0,0,0,1,1,1
87593773,2 a 4 veces por semana,2 a 4 veces por semana,5 a 6 veces por semana,Nunca o menos de 1 vez al mes,2 a 4 veces por semana,0,0,1,0,0,1,1
87599769,Nunca o menos de 1 vez al mes,1 vez al dia,1 vez al dia,Nunca o menos de 1 vez al mes,2 a 4 veces por semana,0,1,1,0,0,1,2
87608327,2 a 4 veces por semana,5 a 6 veces por semana,1 vez por semana,1 vez por semana,Entre 2 y 3 veces al dia,0,1,0,0,1,1,2
87608502,2 a 4 veces por semana,1 vez por semana,5 a 6 veces por semana,2 a 4 veces por semana,1 vez al dia,0,0,1,0,1,1,2
87609523,Nunca o menos de 1 vez al mes,Nunca o menos de 1 vez al mes,1 vez por semana,Nunca o menos de 1 vez al mes,Entre 2 y 3 veces al dia,0,0,0,0,1,1,1
87614487,Entre 1 y 3 veces al mes,Entre 1 y 3 veces al mes,Entre 1 y 3 veces al mes,Nunca o menos de 1 vez al mes,5 a 6 veces por semana,0,0,0,0,1,1,1
87621792,1 vez por semana,1 vez por semana,1 vez por semana,Nunca o menos de 1 vez al mes,5 a 6 veces por semana,0,0,0,0,1,1,1
87621794,Nunca o menos de 1 vez al mes,Entre 1 y 3 veces al mes,2 a 4 veces por semana,Nunca o menos de 1 vez al mes,Entre 2 y 3 veces al dia,0,0,0,0,1,1,1
87636206,Nunca o menos de 1 vez al mes,1 vez por semana,2 a 4 veces por semana,Nunca o menos de 1 vez al mes,Nunca o menos de 1 vez al mes,0,0,0,0,0,0,0
87645526,Entre 1 y 3 veces al mes,Entre 1 y 3 veces al mes,2 a 4 veces por semana,Entre 1 y 3 veces al mes,2 a 4 veces por semana,0,0,0,0,0,0,0
87657254,2 a 4 veces por semana,Entre 1 y 3 veces al mes,1 vez por semana,Entre 1 y 3 veces al mes,6 veces o m?ís por d?¡a,0,0,0,0,0,0,0
87657255,1 vez por semana,2 a 4 veces por semana,Entre 1 y 3 veces al mes,Nunca o menos de 1 vez al mes,Nunca o menos de 1 vez al mes,0,0,0,0,0,0,0
87660883,Entre 1 y 3 veces al mes,1 vez por semana,Entre 1 y 3 veces al mes,1 vez por semana,5 a 6 veces por semana,0,0,0,0,1,1,1
87681496,Entre 1 y 3 veces al mes,2 a 4 veces por semana,2 a 4 veces por semana,Nunca o menos de 1 vez al mes,Entre 1 y 3 veces al mes,0,0,0,0,0,0,0
87696814,1 vez por semana,1 vez por semana,5 a 6 veces por semana,Nunca o menos de 1 vez al mes,2 a 4 veces por semana,0,0,1,0,0,1,1
87708238,2 a 4 veces por semana,2 a 4 veces por semana,2 a 4 veces por semana,2 a 4 veces por semana,2 a 4 veces por semana,0,0,0,0,0,0,0
87716495,2 a 4 veces por semana,2 a 4 veces por semana,Entre 1 y 3 veces al mes,Entre 1 y 3 veces al mes,Entre 2 y 3 veces al dia,0,0,0,0,1,1,1
87719856,1 vez por semana,Nunca o menos de 1 vez al mes,2 a 4 veces por semana,Nunca o menos de 1 vez al mes,2 a 4 veces por semana,0,0,0,0,0,0,0
87732616,Entre 1 y 3 veces al mes,Nunca o menos de 1 vez al mes,5 a 6 veces por semana,Entre 1 y 3 veces al mes,2 a 4 veces por semana,0,0,1,0,0,1,1
87733378,Nunca o menos de 1 vez al mes,Entre 1 y 3 veces al mes,1 vez por semana,Nunca o menos de 1 vez al mes,1 vez al dia,0,0,0,0,1,1,1
87770360,2 a 4 veces por semana,2 a 4 veces por semana,2 a 4 veces por semana,Nunca o menos de 1 vez al mes,5 a 6 veces por semana,0,0,0,0,1,1,1
87803854,Entre 1 y 3 veces al mes,Entre 1 y 3 veces al mes,1 vez al dia,1 vez por semana,Entre 2 y 3 veces al dia,0,0,1,0,1,1,2
87810081,Nunca o menos de 1 vez al mes,1 vez por semana,1 vez al dia,2 a 4 veces por semana,Nunca o menos de 1 vez al mes,0,0,1,0,0,1,1
87814361,Entre 1 y 3 veces al mes,1 vez al dia,1 vez al dia,2 a 4 veces por semana,5 a 6 veces por semana,0,1,1,0,1,1,3
87814362,Entre 1 y 3 veces al mes,Entre 2 y 3 veces al dia,2 a 4 veces por semana,Entre 1 y 3 veces al mes,Entre 1 y 3 veces al mes,0,1,0,0,0,1,1
87885926,Nunca o menos de 1 vez al mes,Nunca o menos de 1 vez al mes,2 a 4 veces por semana,Nunca o menos de 1 vez al mes,Nunca o menos de 1 vez al mes,0,0,0,0,0,0,0
87896366,Nunca o menos de 1 vez al mes,Entre 1 y 3 veces al mes,1 vez al dia,Entre 1 y 3 veces al mes,Nunca o menos de 1 vez al mes,0,0,1,0,0,1,1
87898430,Nunca o menos de 1 vez al mes,1 vez por semana,Entre 1 y 3 veces al mes,Entre 1 y 3 veces al mes,Entre 1 y 3 veces al mes,0,0,0,0,0,0,0
87910491,Entre 1 y 3 veces al mes,Entre 1 y 3 veces al mes,Entre 2 y 3 veces al dia,Nunca o menos de 1 vez al mes,Entre 2 y 3 veces al dia,0,0,1,0,1,1,2
87910493,1 vez por semana,2 a 4 veces por semana,Entre 2 y 3 veces al dia,Nunca o menos de 1 vez al mes,Nunca o menos de 1 vez al mes,0,0,1,0,0,1,1
87911463,1 vez al dia,1 vez al dia,1 vez por semana,Nunca o menos de 1 vez al mes,1 vez al dia,1,1,0,0,1,1,3
87942131,Entre 1 y 3 veces al mes,1 vez por semana,1 vez por semana,Nunca o menos de 1 vez al mes,Entre 2 y 3 veces al dia,0,0,0,0,1,1,1
87942136,1 vez por semana,Entre 1 y 3 veces al mes,5 a 6 veces por semana,Nunca o menos de 1 vez al mes,Entre 2 y 3 veces al dia,0,0,1,0,1,1,2
87963430,Entre 1 y 3 veces al mes,1 vez por semana,5 a 6 veces por semana,1 vez por semana,1 vez por semana,0,0,1,0,0,1,1
87965540,1 vez por semana,Nunca o menos de 1 vez al mes,2 a 4 veces por semana,2 a 4 veces por semana,1 vez al dia,0,0,0,0,1,1,1
87972218,1 vez por semana,Nunca o menos de 1 vez al mes,1 vez al dia,Nunca o menos de 1 vez al mes,1 vez por semana,0,0,1,0,0,1,1
87984461,Entre 1 y 3 veces al mes,Nunca o menos de 1 vez al mes,1 vez por semana,Nunca o menos de 1 vez al mes,Entre 2 y 3 veces al dia,0,0,0,0,1,1,1
87991673,2 a 4 veces por semana,1 vez por semana,2 a 4 veces por semana,Nunca o menos de 1 vez al mes,2 a 4 veces por semana,0,0,0,0,0,0,0
88065421,Nunca o menos de 1 vez al mes,1 vez por semana,1 vez al dia,1 vez por semana,Nunca o menos de 1 vez al mes,0,0,1,0,0,1,1
88119940,5 a 6 veces por semana,5 a 6 veces por semana,5 a 6 veces por semana,5 a 6 veces por semana,Entre 2 y 3 veces al dia,1,1,1,1,1,1,5
88119943,Nunca o menos de 1 vez al mes,Nunca o menos de 1 vez al mes,1 vez por semana,Nunca o menos de 1 vez al mes,Nunca o menos de 1 vez al mes,0,0,0,0,0,0,0
88123117,5 a 6 veces por semana,2 a 4 veces por semana,Entre 2 y 3 veces al dia,Nunca o menos de 1 vez al mes,Entre 4 y 5 veces al dia,1,0,1,0,1,1,3
88123550,2 a 4 veces por semana,5 a 6 veces por semana,Entre 2 y 3 veces al dia,Nunca o menos de 1 vez al mes,Entre 4 y 5 veces al dia,0,1,1,0,1,1,3
88128497,1 vez al dia,2 a 4 veces por semana,Entre 2 y 3 veces al dia,Nunca o menos de 1 vez al mes,1 vez al dia,1,0,1,0,1,1,3
88162963,1 vez por semana,Nunca o menos de 1 vez al mes,2 a 4 veces por semana,Nunca o menos de 1 vez al mes,Entre 4 y 5 veces al dia,0,0,0,0,1,1,1
88168231,Nunca o menos de 1 vez al mes,Nunca o menos de 1 vez al mes,1 vez por semana,Nunca o menos de 1 vez al mes,Entre 1 y 3 veces al mes,0,0,0,0,0,0,0
88171014,Nunca o menos de 1 vez al mes,Nunca o menos de 1 vez al mes,2 a 4 veces por semana,Nunca o menos de 1 vez al mes,1 vez al dia,0,0,0,0,1,1,1
88173165,Nunca o menos de 1 vez al mes,2 a 4 veces por semana,Entre 1 y 3 veces al mes,Nunca o menos de 1 vez al mes,Entre 2 y 3 veces al dia,0,0,0,0,1,1,1
88175388,2 a 4 veces por semana,Nunca o menos de 1 vez al mes,1 vez por semana,Nunca o menos de 1 vez al mes,Entre 4 y 5 veces al dia,0,0,0,0,1,1,1
88180335,Nunca o menos de 1 vez al mes,Nunca o menos de 1 vez al mes,2 a 4 veces por semana,Nunca o menos de 1 vez al mes,2 a 4 veces por semana,0,0,0,0,0,0,0
88180337,Nunca o menos de 1 vez al mes,1 vez por semana,2 a 4 veces por semana,Nunca o menos de 1 vez al mes,2 a 4 veces por semana,0,0,0,0,0,0,0
88180338,1 vez por semana,1 vez por semana,Nunca o menos de 1 vez al mes,Nunca o menos de 1 vez al mes,1 vez por semana,0,0,0,0,0,0,0
88185650,2 a 4 veces por semana,Entre 2 y 3 veces al dia,Nunca o menos de 1 vez al mes,2 a 4 veces por semana,1 vez por semana,0,1,0,0,0,1,1
88218124,Nunca o menos de 1 vez al mes,Nunca o menos de 1 vez al mes,1 vez al dia,Nunca o menos de 1 vez al mes,Entre 2 y 3 veces al dia,0,0,1,0,1,1,2
88228144,2 a 4 veces por semana,2 a 4 veces por semana,2 a 4 veces por semana,Nunca o menos de 1 vez al mes,2 a 4 veces por semana,0,0,0,0,0,0,0
88257830,Entre 1 y 3 veces al mes,1 vez por semana,1 vez por semana,Nunca o menos de 1 vez al mes,Nunca o menos de 1 vez al mes,0,0,0,0,0,0,0
88275273,1 vez por semana,Nunca o menos de 1 vez al mes,2 a 4 veces por semana,Nunca o menos de 1 vez al mes,Nunca o menos de 1 vez al mes,0,0,0,0,0,0,0
88277690,1 vez por semana,5 a 6 veces por semana,2 a 4 veces por semana,Nunca o menos de 1 vez al mes,Entre 2 y 3 veces al dia,0,1,0,0,1,1,2
88281138,2 a 4 veces por semana,Entre 2 y 3 veces al dia,2 a 4 veces por semana,Entre 1 y 3 veces al mes,Entre 2 y 3 veces al dia,0,1,0,0,1,1,2
88310651,Entre 1 y 3 veces al mes,Entre 1 y 3 veces al mes,Entre 1 y 3 veces al mes,Nunca o menos de 1 vez al mes,Entre 1 y 3 veces al mes,0,0,0,0,0,0,0
88320560,1 vez por semana,Entre 1 y 3 veces al mes,2 a 4 veces por semana,Nunca o menos de 1 vez al mes,Entre 1 y 3 veces al mes,0,0,0,0,0,0,0
88320866,Nunca o menos de 1 vez al mes,Entre 1 y 3 veces al mes,2 a 4 veces por semana,1 vez por semana,1 vez por semana,0,0,0,0,0,0,0
88373117,1 vez por semana,2 a 4 veces por semana,1 vez al dia,Nunca o menos de 1 vez al mes,1 vez por semana,0,0,1,0,0,1,1
88373120,2 a 4 veces por semana,2 a 4 veces por semana,2 a 4 veces por semana,Nunca o menos de 1 vez al mes,Entre 2 y 3 veces al dia,0,0,0,0,1,1,1
88373265,1 vez por semana,5 a 6 veces por semana,1 vez por semana,Nunca o menos de 1 vez al mes,Entre 4 y 5 veces al dia,0,1,0,0,1,1,2
88384002,1 vez al dia,1 vez al dia,1 vez al dia,Nunca o menos de 1 vez al mes,1 vez al dia,1,1,1,0,1,1,4
88406572,Entre 1 y 3 veces al mes,1 vez al dia,Nunca o menos de 1 vez al mes,Nunca o menos de 1 vez al mes,Nunca o menos de 1 vez al mes,0,1,0,0,0,1,1
88427738,2 a 4 veces por semana,5 a 6 veces por semana,Entre 2 y 3 veces al dia,Nunca o menos de 1 vez al mes,Entre 2 y 3 veces al dia,0,1,1,0,1,1,3
88450507,1 vez por semana,Nunca o menos de 1 vez al mes,1 vez al dia,Nunca o menos de 1 vez al mes,1 vez por semana,0,0,1,0,0,1,1
88480790,Entre 1 y 3 veces al mes,1 vez por semana,1 vez al dia,Entre 1 y 3 veces al mes,2 a 4 veces por semana,0,0,1,0,0,1,1
88526210,Entre 1 y 3 veces al mes,1 vez por semana,1 vez por semana,Nunca o menos de 1 vez al mes,2 a 4 veces por semana,0,0,0,0,0,0,0
88526211,2 a 4 veces por semana,5 a 6 veces por semana,5 a 6 veces por semana,2 a 4 veces por semana,1 vez al dia,0,1,1,0,1,1,3
88526212,Nunca o menos de 1 vez al mes,1 vez al dia,2 a 4 veces por semana,2 a 4 veces por semana,1 vez al dia,0,1,0,0,1,1,2
88531242,Nunca o menos de 1 vez al mes,2 a 4 veces por semana,1 vez por semana,Nunca o menos de 1 vez al mes,Entre 2 y 3 veces al dia,0,0,0,0,1,1,1
88534398,Entre 1 y 3 veces al mes,Nunca o menos de 1 vez al mes,Nunca o menos de 1 vez al mes,Nunca o menos de 1 vez al mes,2 a 4 veces por semana,0,0,0,0,0,0,0
88547189,Entre 1 y 3 veces al mes,Entre 1 y 3 veces al mes,2 a 4 veces por semana,Nunca o menos de 1 vez al mes,1 vez por semana,0,0,0,0,0,0,0
88580442,Nunca o menos de 1 vez al mes,1 vez al dia,2 a 4 veces por semana,Nunca o menos de 1 vez al mes,Nunca o menos de 1 vez al mes,0,1,0,0,0,1,1
88580443,Nunca o menos de 1 vez al mes,Entre 1 y 3 veces al mes,Nunca o menos de 1 vez al mes,Entre 1 y 3 veces al mes,1 vez por semana,0,0,0,0,0,0,0
88614583,2 a 4 veces por semana,1 vez al dia,2 a 4 veces por semana,Entre 1 y 3 veces al mes,1 vez al dia,0,1,0,0,1,1,2
88615233,1 vez por semana,1 vez al dia,1 vez por semana,Nunca o menos de 1 vez al mes,2 a 4 veces por semana,0,1,0,0,0,1,1
88667812,2 a 4 veces por semana,Entre 1 y 3 veces al mes,2 a 4 veces por semana,Nunca o menos de 1 vez al mes,Entre 2 y 3 veces al dia,0,0,0,0,1,1,1
88667814,1 vez por semana,2 a 4 veces por semana,2 a 4 veces por semana,Nunca o menos de 1 vez al mes,Entre 2 y 3 veces al dia,0,0,0,0,1,1,1
88689937,Entre 1 y 3 veces al mes,5 a 6 veces por semana,1 vez por semana,Entre 1 y 3 veces al mes,1 vez al dia,0,1,0,0,1,1,2
88829897,Entre 1 y 3 veces al mes,1 vez por semana,1 vez al dia,Nunca o menos de 1 vez al mes,Entre 1 y 3 veces al mes,0,0,1,0,0,1,1
88886943,Entre 1 y 3 veces al mes,Nunca o menos de 1 vez al mes,1 vez por semana,1 vez por semana,Entre 2 y 3 veces al dia,0,0,0,0,1,1,1
88989412,Nunca o menos de 1 vez al mes,Nunca o menos de 1 vez al mes,1 vez al dia,Nunca o menos de 1 vez al mes,1 vez al dia,0,0,1,0,1,1,2
88989413,1 vez al dia,1 vez al dia,1 vez al dia,Nunca o menos de 1 vez al mes,1 vez al dia,1,1,1,0,1,1,4
89034454,2 a 4 veces por semana,2 a 4 veces por semana,5 a 6 veces por semana,Nunca o menos de 1 vez al mes,2 a 4 veces por semana,0,0,1,0,0,1,1
89045585,2 a 4 veces por semana,5 a 6 veces por semana,2 a 4 veces por semana,Nunca o menos de 1 vez al mes,2 a 4 veces por semana,0,1,0,0,0,1,1
89069089,Nunca o menos de 1 vez al mes,2 a 4 veces por semana,1 vez al dia,Nunca o menos de 1 vez al mes,5 a 6 veces por semana,0,0,1,0,1,1,2
89069090,Entre 1 y 3 veces al mes,2 a 4 veces por semana,2 a 4 veces por semana,Nunca o menos de 1 vez al mes,Nunca o menos de 1 vez al mes,0,0,0,0,0,0,0
89069106,Entre 1 y 3 veces al mes,Entre 1 y 3 veces al mes,Nunca o menos de 1 vez al mes,Nunca o menos de 1 vez al mes,2 a 4 veces por semana,0,0,0,0,0,0,0
89069107,1 vez por semana,1 vez por semana,2 a 4 veces por semana,Nunca o menos de 1 vez al mes,Nunca o menos de 1 vez al mes,0,0,0,0,0,0,0
89069118,Entre 1 y 3 veces al mes,Nunca o menos de 1 vez al mes,1 vez por semana,Nunca o menos de 1 vez al mes,2 a 4 veces por semana,0,0,0,0,0,0,0
89086203,Entre 1 y 3 veces al mes,2 a 4 veces por semana,1 vez por semana,Nunca o menos de 1 vez al mes,Nunca o menos de 1 vez al mes,0,0,0,0,0,0,0
89104924,2 a 4 veces por semana,1 vez por semana,2 a 4 veces por semana,Nunca o menos de 1 vez al mes,5 a 6 veces por semana,0,0,0,0,1,1,1
89104925,2 a 4 veces por semana,2 a 4 veces por semana,Nunca o menos de 1 vez al mes,Nunca o menos de 1 vez al mes,5 a 6 veces por semana,0,0,0,0,1,1,1
89105026,Nunca o menos de 1 vez al mes,Entre 1 y 3 veces al mes,1 vez por semana,Nunca o menos de 1 vez al mes,1 vez al dia,0,0,0,0,1,1,1
89136435,Entre 1 y 3 veces al mes,5 a 6 veces por semana,Entre 1 y 3 veces al mes,Nunca o menos de 1 vez al mes,Entre 1 y 3 veces al mes,0,1,0,0,0,1,1
89155688,1 vez por semana,1 vez por semana,1 vez al dia,Nunca o menos de 1 vez al mes,1 vez al dia,0,0,1,0,1,1,2
89166103,2 a 4 veces por semana,2 a 4 veces por semana,5 a 6 veces por semana,Nunca o menos de 1 vez al mes,5 a 6 veces por semana,0,0,1,0,1,1,2
89167589,Nunca o menos de 1 vez al mes,Entre 1 y 3 veces al mes,2 a 4 veces por semana,Nunca o menos de 1 vez al mes,2 a 4 veces por semana,0,0,0,0,0,0,0
89167590,1 vez por semana,Nunca o menos de 1 vez al mes,1 vez al dia,Nunca o menos de 1 vez al mes,1 vez por semana,0,0,1,0,0,1,1
89193104,Nunca o menos de 1 vez al mes,Nunca o menos de 1 vez al mes,Nunca o menos de 1 vez al mes,Nunca o menos de 1 vez al mes,Entre 2 y 3 veces al dia,0,0,0,0,1,1,1
89202622,2 a 4 veces por semana,2 a 4 veces por semana,Entre 2 y 3 veces al dia,2 a 4 veces por semana,Entre 2 y 3 veces al dia,0,0,1,0,1,1,2
89226194,1 vez al dia,1 vez al dia,1 vez al dia,Nunca o menos de 1 vez al mes,Entre 2 y 3 veces al dia,1,1,1,0,1,1,4
89230998,Entre 1 y 3 veces al mes,2 a 4 veces por semana,1 vez al dia,Nunca o menos de 1 vez al mes,1 vez por semana,0,0,1,0,0,1,1
89302400,Entre 1 y 3 veces al mes,Nunca o menos de 1 vez al mes,Nunca o menos de 1 vez al mes,Nunca o menos de 1 vez al mes,6 veces o m?ís por d?¡a,0,0,0,0,0,0,0
89321352,2 a 4 veces por semana,Entre 2 y 3 veces al dia,1 vez por semana,Nunca o menos de 1 vez al mes,6 veces o m?ís por d?¡a,0,1,0,0,0,1,1
89358301,1 vez al dia,Nunca o menos de 1 vez al mes,2 a 4 veces por semana,Nunca o menos de 1 vez al mes,2 a 4 veces por semana,1,0,0,0,0,1,1
89358308,1 vez por semana,1 vez por semana,5 a 6 veces por semana,Nunca o menos de 1 vez al mes,Nunca o menos de 1 vez al mes,0,0,1,0,0,1,1
89358343,1 vez al dia,2 a 4 veces por semana,1 vez al dia,Nunca o menos de 1 vez al mes,2 a 4 veces por semana,1,0,1,0,0,1,2
89423248,Nunca o menos de 1 vez al mes,1 vez por semana,2 a 4 veces por semana,Nunca o menos de 1 vez al mes,1 vez por semana,0,0,0,0,0,0,0
89423254,5 a 6 veces por semana,Nunca o menos de 1 vez al mes,2 a 4 veces por semana,Nunca o menos de 1 vez al mes,1 vez por semana,1,0,0,0,0,1,1
89487825,Entre 1 y 3 veces al mes,2 a 4 veces por semana,Nunca o menos de 1 vez al mes,Nunca o menos de 1 vez al mes,1 vez por semana,0,0,0,0,0,0,0
89501156,1 vez por semana,1 vez al dia,Entre 2 y 3 veces al dia,2 a 4 veces por semana,2 a 4 veces por semana,0,1,1,0,0,1,2
89517066,Nunca o menos de 1 vez al mes,Nunca o menos de 1 vez al mes,Entre 1 y 3 veces al mes,Nunca o menos de 1 vez al mes,Entre 2 y 3 veces al dia,0,0,0,0,1,1,1
89543346,Entre 1 y 3 veces al mes,2 a 4 veces por semana,1 vez al dia,Entre 1 y 3 veces al mes,Entre 2 y 3 veces al dia,0,0,1,0,1,1,2
89595911,1 vez al dia,Entre 2 y 3 veces al dia,Entre 2 y 3 veces al dia,Nunca o menos de 1 vez al mes,6 veces o m?ís por d?¡a,1,1,1,0,0,1,3
89601994,2 a 4 veces por semana,2 a 4 veces por semana,1 vez al dia,Nunca o menos de 1 vez al mes,Entre 2 y 3 veces al dia,0,0,1,0,1,1,2
89602656,Nunca o menos de 1 vez al mes,Nunca o menos de 1 vez al mes,1 vez por semana,Nunca o menos de 1 vez al mes,Nunca o menos de 1 vez al mes,0,0,0,0,0,0,0
89611899,1 vez por semana,2 a 4 veces por semana,1 vez por semana,Nunca o menos de 1 vez al mes,1 vez por semana,0,0,0,0,0,0,0
89645282,2 a 4 veces por semana,2 a 4 veces por semana,2 a 4 veces por semana,Nunca o menos de 1 vez al mes,Entre 4 y 5 veces al dia,0,0,0,0,1,1,1
89656153,2 a 4 veces por semana,2 a 4 veces por semana,Nunca o menos de 1 vez al mes,2 a 4 veces por semana,Entre 2 y 3 veces al dia,0,0,0,0,1,1,1
89680250,Nunca o menos de 1 vez al mes,Nunca o menos de 1 vez al mes,Entre 2 y 3 veces al dia,2 a 4 veces por semana,Entre 4 y 5 veces al dia,0,0,1,0,1,1,2
89684474,Entre 1 y 3 veces al mes,Nunca o menos de 1 vez al mes,2 a 4 veces por semana,1 vez por semana,Nunca o menos de 1 vez al mes,0,0,0,0,0,0,0
89684533,Entre 1 y 3 veces al mes,Entre 1 y 3 veces al mes,1 vez al dia,1 vez por semana,1 vez por semana,0,0,1,0,0,1,1
89690131,Nunca o menos de 1 vez al mes,Nunca o menos de 1 vez al mes,Entre 1 y 3 veces al mes,Nunca o menos de 1 vez al mes,2 a 4 veces por semana,0,0,0,0,0,0,0
89690132,Entre 1 y 3 veces al mes,Entre 1 y 3 veces al mes,Entre 1 y 3 veces al mes,Nunca o menos de 1 vez al mes,Entre 2 y 3 veces al dia,0,0,0,0,1,1,1
89699466,Entre 1 y 3 veces al mes,5 a 6 veces por semana,1 vez por semana,Entre 1 y 3 veces al mes,1 vez por semana,0,1,0,0,0,1,1
89699829,1 vez por semana,5 a 6 veces por semana,5 a 6 veces por semana,Nunca o menos de 1 vez al mes,Entre 2 y 3 veces al dia,0,1,1,0,1,1,3
89778036,2 a 4 veces por semana,2 a 4 veces por semana,2 a 4 veces por semana,Nunca o menos de 1 vez al mes,1 vez al dia,0,0,0,0,1,1,1
89791825,Entre 1 y 3 veces al mes,1 vez por semana,5 a 6 veces por semana,Entre 1 y 3 veces al mes,1 vez por semana,0,0,1,0,0,1,1
89807259,Entre 1 y 3 veces al mes,Nunca o menos de 1 vez al mes,2 a 4 veces por semana,Nunca o menos de 1 vez al mes,2 a 4 veces por semana,0,0,0,0,0,0,0
89820830,1 vez por semana,1 vez por semana,2 a 4 veces por semana,1 vez por semana,Entre 2 y 3 veces al dia,0,0,0,0,1,1,1
89824558,5 a 6 veces por semana,2 a 4 veces por semana,5 a 6 veces por semana,Nunca o menos de 1 vez al mes,2 a 4 veces por semana,1,0,1,0,0,1,2
89862863,2 a 4 veces por semana,1 vez al dia,2 a 4 veces por semana,Entre 1 y 3 veces al mes,1 vez al dia,0,1,0,0,1,1,2
89868892,Nunca o menos de 1 vez al mes,Nunca o menos de 1 vez al mes,Entre 1 y 3 veces al mes,Nunca o menos de 1 vez al mes,Nunca o menos de 1 vez al mes,0,0,0,0,0,0,0
89915943,Nunca o menos de 1 vez al mes,1 vez por semana,2 a 4 veces por semana,Entre 1 y 3 veces al mes,Entre 2 y 3 veces al dia,0,0,0,0,1,1,1
89915945,1 vez por semana,Nunca o menos de 1 vez al mes,2 a 4 veces por semana,Nunca o menos de 1 vez al mes,1 vez al dia,0,0,0,0,1,1,1
89925525,1 vez por semana,Nunca o menos de 1 vez al mes,Entre 1 y 3 veces al mes,Nunca o menos de 1 vez al mes,1 vez al dia,0,0,0,0,1,1,1
89973767,1 vez por semana,2 a 4 veces por semana,2 a 4 veces por semana,Nunca o menos de 1 vez al mes,2 a 4 veces por semana,0,0,0,0,0,0,0
89990570,Entre 1 y 3 veces al mes,2 a 4 veces por semana,5 a 6 veces por semana,Nunca o menos de 1 vez al mes,5 a 6 veces por semana,0,0,1,0,1,1,2
90019423,Entre 1 y 3 veces al mes,1 vez al dia,5 a 6 veces por semana,Entre 1 y 3 veces al mes,Entre 4 y 5 veces al dia,0,1,1,0,1,1,3
90019433,2 a 4 veces por semana,Nunca o menos de 1 vez al mes,2 a 4 veces por semana,1 vez por semana,6 veces o m?ís por d?¡a,0,0,0,0,0,0,0
90036286,Entre 1 y 3 veces al mes,Entre 1 y 3 veces al mes,1 vez por semana,Nunca o menos de 1 vez al mes,Entre 2 y 3 veces al dia,0,0,0,0,1,1,1
90067354,2 a 4 veces por semana,2 a 4 veces por semana,Entre 1 y 3 veces al mes,Nunca o menos de 1 vez al mes,Entre 4 y 5 veces al dia,0,0,0,0,1,1,1
91062642,2 a 4 veces por semana,2 a 4 veces por semana,2 a 4 veces por semana,Nunca o menos de 1 vez al mes,5 a 6 veces por semana,0,0,0,0,1,1,1
91062645,2 a 4 veces por semana,2 a 4 veces por semana,2 a 4 veces por semana,Nunca o menos de 1 vez al mes,5 a 6 veces por semana,0,0,0,0,1,1,1
91062651,2 a 4 veces por semana,2 a 4 veces por semana,2 a 4 veces por semana,Nunca o menos de 1 vez al mes,5 a 6 veces por semana,0,0,0,0,1,1,1
91062655,2 a 4 veces por semana,2 a 4 veces por semana,Entre 2 y 3 veces al dia,Nunca o menos de 1 vez al mes,Entre 2 y 3 veces al dia,0,0,1,0,1,1,2
91062656,1 vez por semana,2 a 4 veces por semana,2 a 4 veces por semana,1 vez por semana,5 a 6 veces por semana,0,0,0,0,1,1,1
91062657,2 a 4 veces por semana,2 a 4 veces por semana,2 a 4 veces por semana,1 vez por semana,5 a 6 veces por semana,0,0,0,0,1,1,1
91640691,Entre 1 y 3 veces al mes,Entre 1 y 3 veces al mes,Entre 1 y 3 veces al mes,Nunca o menos de 1 vez al mes,1 vez por semana,0,0,0,0,0,0,0
94733898,Nunca o menos de 1 vez al mes,Entre 1 y 3 veces al mes,2 a 4 veces por semana,Entre 1 y 3 veces al mes,Entre 1 y 3 veces al mes,0,0,0,0,0,0,0
