id,edad,horas_pantallas_sem,horas_videojuegos_sem,horas_totales_pantalla_sem,horas_totales_pantalla_dia,tercil_pantalla
74212137,15,10.0,0.0,10.0,1.43,Bajo consumo
74274812,14,40.0,0.0,40.0,5.71,Consumo medio
74332559,16,94.0,42.0,136.0,19.43,Alto consumo
74434818,13,42.0,0.0,42.0,6.0,Consumo medio
74494264,15,21.0,7.0,28.0,4.0,Consumo medio
74567366,13,7.0,7.0,14.0,2.0,Bajo consumo
74567871,13,14.0,0.0,14.0,2.0,Bajo consumo
74589443,16,21.0,10.83,31.83,4.55,Consumo medio
74636313,13,21.0,21.0,42.0,6.0,Consumo medio
74641935,17,23.0,0.0,23.0,3.29,Consumo medio
74651370,14,35.0,0.0,35.0,5.0,Consumo medio
74658997,17,21.0,21.0,42.0,6.0,Consumo medio
74694070,15,29.0,14.0,43.0,6.14,Alto consumo
74703429,14,22.0,22.0,44.0,6.29,Alto consumo
74703430,16,42.0,14.0,56.0,8.0,Alto consumo
74718079,13,42.0,35.0,77.0,11.0,Alto consumo
74722892,15,35.0,0.0,35.0,5.0,Consumo medio
74723163,15,21.0,15.0,36.0,5.14,Consumo medio
74736364,16,42.0,14.0,56.0,8.0,Alto consumo
74770685,15,28.0,0.0,28.0,4.0,Consumo medio
74770686,13,28.0,24.0,52.0,7.43,Alto consumo
74808979,13,50.0,0.0,50.0,7.14,Alto consumo
74808980,13,45.0,0.0,45.0,6.43,Alto consumo
74826986,16,3.83,0.0,3.83,0.55,Bajo consumo
74869468,17,21.0,0.0,21.0,3.0,Bajo consumo
74886563,16,35.0,0.0,35.0,5.0,Consumo medio
74887893,17,63.0,0.0,63.0,9.0,Alto consumo
74895979,13,14.0,14.0,28.0,4.0,Consumo medio
74902195,14,21.0,0.0,21.0,3.0,Bajo consumo
74917904,16,21.0,10.0,31.0,4.43,Consumo medio
74918271,15,70.0,0.0,70.0,10.0,Alto consumo
74921761,13,11.0,21.0,32.0,4.57,Consumo medio
74922220,15,14.0,14.0,28.0,4.0,Consumo medio
74922221,16,42.0,42.0,84.0,12.0,Alto consumo
74994800,17,7.0,7.0,14.0,2.0,Bajo consumo
74996458,16,17.83,14.0,31.83,4.55,Consumo medio
74996459,15,14.0,0.0,14.0,2.0,Bajo consumo
75001700,17,45.0,7.0,52.0,7.43,Alto consumo
75031969,14,35.0,35.0,70.0,10.0,Alto consumo
75068866,17,35.0,0.0,35.0,5.0,Consumo medio
75080242,16,7.0,10.5,17.5,2.5,Bajo consumo
75083970,15,12.0,9.0,21.0,3.0,Bajo consumo
75093681,15,9.0,10.5,19.5,2.79,Bajo consumo
75118622,16,42.0,0.0,42.0,6.0,Consumo medio
75136208,16,21.0,21.0,42.0,6.0,Consumo medio
75144921,13,20.0,14.0,34.0,4.86,Consumo medio
75182948,14,14.0,7.0,21.0,3.0,Bajo consumo
75191597,15,0.0,0.0,0.0,0.0,Bajo consumo
75204079,14,21.0,21.0,42.0,6.0,Consumo medio
75206661,14,8.0,0.0,8.0,1.14,Bajo consumo
75230757,13,24.0,0.0,24.0,3.43,Consumo medio
75241596,16,7.0,7.0,14.0,2.0,Bajo consumo
75252404,15,21.0,,,,
75255250,17,56.0,0.0,56.0,8.0,Alto consumo
75270606,17,14.0,0.0,14.0,2.0,Bajo consumo
75276646,16,28.0,28.0,56.0,8.0,Alto consumo
75276681,13,28.0,14.0,42.0,6.0,Consumo medio
75276715,13,28.0,28.0,56.0,8.0,Alto consumo
75282914,16,7.0,21.0,28.0,4.0,Consumo medio
75283239,14,21.0,21.0,42.0,6.0,Consumo medio
75284026,14,42.0,28.0,70.0,10.0,Alto consumo
75288282,13,21.0,21.0,42.0,6.0,Consumo medio
75288421,16,36.0,21.0,57.0,8.14,Alto consumo
75293730,13,35.0,14.0,49.0,7.0,Alto consumo
75301394,16,84.0,0.0,84.0,12.0,Alto consumo
75312398,17,14.0,0.0,14.0,2.0,Bajo consumo
75317719,13,3.83,35.0,38.83,5.55,Consumo medio
75318916,14,49.0,0.0,49.0,7.0,Alto consumo
75324433,16,21.0,14.0,35.0,5.0,Consumo medio
75340589,13,28.0,0.0,28.0,4.0,Consumo medio
75347656,17,28.0,28.0,56.0,8.0,Alto consumo
75371291,16,56.0,0.0,56.0,8.0,Alto consumo
75379712,15,35.0,0.0,35.0,5.0,Consumo medio
75384499,15,7.0,70.0,77.0,11.0,Alto consumo
75387581,15,35.0,32.0,67.0,9.57,Alto consumo
75396668,14,14.0,7.0,21.0,3.0,Bajo consumo
75402150,17,35.0,0.0,35.0,5.0,Consumo medio
75427637,13,28.0,0.0,28.0,4.0,Consumo medio
75446430,15,40.0,33.0,73.0,10.43,Alto consumo
75446859,17,60.0,60.0,120.0,17.14,Alto consumo
75460491,15,28.0,7.5,35.5,5.07,Consumo medio
75461806,14,28.0,54.0,82.0,11.71,Alto consumo
75467279,16,14.0,0.0,14.0,2.0,Bajo consumo
75468006,16,21.0,0.0,21.0,3.0,Bajo consumo
75468926,17,49.0,14.0,63.0,9.0,Alto consumo
75468927,15,42.0,14.0,56.0,8.0,Alto consumo
75477027,13,14.0,28.0,42.0,6.0,Consumo medio
75480803,14,14.0,0.0,14.0,2.0,Bajo consumo
75480913,14,12.0,0.0,12.0,1.71,Bajo consumo
75484910,15,10.0,14.0,24.0,3.43,Consumo medio
75485410,15,35.0,42.0,77.0,11.0,Alto consumo
75485414,14,34.0,14.0,48.0,6.86,Alto consumo
75509799,14,35.0,0.0,35.0,5.0,Consumo medio
75513430,14,21.0,7.0,28.0,4.0,Consumo medio
75513924,14,45.0,35.0,80.0,11.43,Alto consumo
75532580,17,7.0,7.0,14.0,2.0,Bajo consumo
75536909,17,35.0,0.0,35.0,5.0,Consumo medio
75538840,16,14.0,0.0,14.0,2.0,Bajo consumo
75541374,17,49.0,0.0,49.0,7.0,Alto consumo
75551423,13,7.0,0.0,7.0,1.0,Bajo consumo
75551521,17,31.83,0.0,31.83,4.55,Consumo medio
75554344,15,42.0,0.0,42.0,6.0,Consumo medio
75555189,14,21.0,0.0,21.0,3.0,Bajo consumo
75555938,13,21.0,7.0,28.0,4.0,Consumo medio
75555942,17,21.0,0.0,21.0,3.0,Bajo consumo
75557415,17,24.83,0.0,24.83,3.55,Consumo medio
75559313,17,28.0,7.0,35.0,5.0,Consumo medio
75559315,16,35.0,0.0,35.0,5.0,Consumo medio
75562129,17,14.0,7.0,21.0,3.0,Bajo consumo
75566258,15,21.0,0.0,21.0,3.0,Bajo consumo
75569153,15,0.0,21.0,21.0,3.0,Bajo consumo
75569155,17,42.0,0.0,42.0,6.0,Consumo medio
75572850,17,14.0,,,,
75572852,13,14.0,21.0,35.0,5.0,Consumo medio
75587052,16,10.0,28.0,38.0,5.43,Consumo medio
75587054,15,7.0,0.0,7.0,1.0,Bajo consumo
75600492,15,35.0,21.0,56.0,8.0,Alto consumo
75600496,17,20.0,7.0,27.0,3.86,Consumo medio
75602598,15,14.0,14.0,28.0,4.0,Consumo medio
75618460,15,14.0,0.0,14.0,2.0,Bajo consumo
75625505,13,3.83,13.0,16.83,2.4,Bajo consumo
75628404,17,7.0,0.0,7.0,1.0,Bajo consumo
75631765,13,21.0,0.0,21.0,3.0,Bajo consumo
75634524,14,7.0,7.0,14.0,2.0,Bajo consumo
75644225,17,8.0,14.0,22.0,3.14,Consumo medio
75646401,16,35.0,21.0,56.0,8.0,Alto consumo
75648381,17,14.0,0.0,14.0,2.0,Bajo consumo
75658167,15,18.0,18.0,36.0,5.14,Consumo medio
75658168,13,18.0,7.0,25.0,3.57,Consumo medio
75666206,14,14.0,0.0,14.0,2.0,Bajo consumo
75681732,13,37.17,37.17,74.34,10.62,Alto consumo
75692207,13,7.0,14.0,21.0,3.0,Bajo consumo
75694005,13,7.0,14.0,21.0,3.0,Bajo consumo
75695612,17,11.0,6.5,17.5,2.5,Bajo consumo
75703613,14,21.0,7.0,28.0,4.0,Consumo medio
75704080,17,14.0,0.0,14.0,2.0,Bajo consumo
75705100,13,28.0,3.83,31.83,4.55,Consumo medio
75705366,17,35.0,14.0,49.0,7.0,Alto consumo
75708395,17,14.0,0.0,14.0,2.0,Bajo consumo
75712346,14,14.0,0.0,14.0,2.0,Bajo consumo
75718323,17,7.0,21.0,28.0,4.0,Consumo medio
75719722,15,21.0,0.0,21.0,3.0,Bajo consumo
75720100,16,60.0,0.0,60.0,8.57,Alto consumo
75727024,15,35.0,0.0,35.0,5.0,Consumo medio
75736953,13,7.0,7.0,14.0,2.0,Bajo consumo
75740766,14,14.0,42.0,56.0,8.0,Alto consumo
75740768,16,11.5,0.0,11.5,1.64,Bajo consumo
75750861,17,49.0,21.0,70.0,10.0,Alto consumo
75762348,16,33.0,7.0,40.0,5.71,Consumo medio
75763978,14,10.83,0.0,10.83,1.55,Bajo consumo
75778895,14,28.0,28.0,56.0,8.0,Alto consumo
75817520,17,14.0,0.0,14.0,2.0,Bajo consumo
75818968,17,56.0,0.0,56.0,8.0,Alto consumo
75830541,15,42.0,4.67,46.67,6.67,Alto consumo
75857102,14,7.0,0.0,7.0,1.0,Bajo consumo
75865036,13,35.0,0.0,35.0,5.0,Consumo medio
75901621,15,14.0,28.0,42.0,6.0,Consumo medio
75908553,14,14.0,0.0,14.0,2.0,Bajo consumo
75920279,13,21.0,7.0,28.0,4.0,Consumo medio
75921841,16,42.0,20.0,62.0,8.86,Alto consumo
75927789,17,14.0,0.0,14.0,2.0,Bajo consumo
75930966,13,10.0,10.0,20.0,2.86,Bajo consumo
75931179,15,35.0,,,,
75932882,17,70.0,14.0,84.0,12.0,Alto consumo
75935086,13,21.0,5.25,26.25,3.75,Consumo medio
75935087,16,35.0,0.0,35.0,5.0,Consumo medio
75940411,15,56.0,9.17,65.17,9.31,Alto consumo
75944335,17,56.0,0.0,56.0,8.0,Alto consumo
75944716,14,14.0,0.0,14.0,2.0,Bajo consumo
75945531,16,14.0,0.0,14.0,2.0,Bajo consumo
75948780,16,28.0,35.0,63.0,9.0,Alto consumo
75964520,14,7.0,0.0,7.0,1.0,Bajo consumo
75971343,15,38.83,0.0,38.83,5.55,Consumo medio
75981659,14,10.0,3.5,13.5,1.93,Bajo consumo
75987401,17,14.0,14.0,28.0,4.0,Consumo medio
75992027,14,28.0,28.0,56.0,8.0,Alto consumo
75999822,16,35.0,0.0,35.0,5.0,Consumo medio
76000196,14,28.0,0.0,28.0,4.0,Consumo medio
76000892,15,0.0,0.0,0.0,0.0,Bajo consumo
76002102,15,16.0,12.0,28.0,4.0,Consumo medio
76008699,14,21.0,0.0,21.0,3.0,Bajo consumo
76008901,15,18.0,14.0,32.0,4.57,Consumo medio
76008902,13,19.0,15.0,34.0,4.86,Consumo medio
76017387,13,15.0,28.0,43.0,6.14,Alto consumo
76022056,15,42.0,0.0,42.0,6.0,Consumo medio
76023783,16,7.0,0.0,7.0,1.0,Bajo consumo
76027557,15,7.0,19.83,26.83,3.83,Consumo medio
76027559,17,77.0,0.0,77.0,11.0,Alto consumo
76029792,13,1.17,0.0,1.17,0.17,Bajo consumo
76033136,15,9.5,3.5,13.0,1.86,Bajo consumo
76056824,15,21.0,0.0,21.0,3.0,Bajo consumo
76063883,16,8.0,0.0,8.0,1.14,Bajo consumo
76067939,15,49.0,0.0,49.0,7.0,Alto consumo
76071121,15,14.0,0.0,14.0,2.0,Bajo consumo
76071122,13,14.0,14.0,28.0,4.0,Consumo medio
76072046,15,25.0,0.0,25.0,3.57,Consumo medio
76086226,13,32.0,35.0,67.0,9.57,Alto consumo
76089076,13,10.0,0.0,10.0,1.43,Bajo consumo
76090275,17,42.0,18.0,60.0,8.57,Alto consumo
76090985,13,35.0,35.0,70.0,10.0,Alto consumo
76093436,17,14.0,0.0,14.0,2.0,Bajo consumo
76096486,13,21.0,14.0,35.0,5.0,Consumo medio
76100728,17,9.17,0.0,9.17,1.31,Bajo consumo
76100752,13,14.0,0.0,14.0,2.0,Bajo consumo
76101629,15,56.0,14.0,70.0,10.0,Alto consumo
76101754,16,35.0,0.0,35.0,5.0,Consumo medio
76104915,13,24.0,0.0,24.0,3.43,Consumo medio
76105653,13,28.0,0.0,28.0,4.0,Consumo medio
76107202,13,21.0,7.0,28.0,4.0,Consumo medio
76108835,14,14.0,1.17,15.17,2.17,Bajo consumo
76110423,13,28.0,0.0,28.0,4.0,Consumo medio
76110595,14,35.0,0.0,35.0,5.0,Consumo medio
76110596,16,35.0,0.0,35.0,5.0,Consumo medio
76117819,15,21.0,0.0,21.0,3.0,Bajo consumo
76124566,14,9.0,3.5,12.5,1.79,Bajo consumo
76139446,15,21.0,0.0,21.0,3.0,Bajo consumo
76155308,15,14.0,0.0,14.0,2.0,Bajo consumo
76167765,15,35.0,14.0,49.0,7.0,Alto consumo
76169027,17,42.0,0.0,42.0,6.0,Consumo medio
76176650,13,56.0,7.0,63.0,9.0,Alto consumo
76187239,17,21.0,0.0,21.0,3.0,Bajo consumo
76194497,14,14.0,12.0,26.0,3.71,Consumo medio
76194779,14,28.0,14.0,42.0,6.0,Consumo medio
76197979,13,20.0,10.0,30.0,4.29,Consumo medio
76197981,15,35.0,28.0,63.0,9.0,Alto consumo
76199016,16,21.0,0.0,21.0,3.0,Bajo consumo
76200466,15,49.0,0.0,49.0,7.0,Alto consumo
76201144,17,14.0,0.0,14.0,2.0,Bajo consumo
76201857,15,84.0,8.0,92.0,13.14,Alto consumo
76202365,15,14.0,0.0,14.0,2.0,Bajo consumo
76203382,14,65.0,0.0,65.0,9.29,Alto consumo
76206616,14,7.0,0.0,7.0,1.0,Bajo consumo
76211211,14,49.0,15.0,64.0,9.14,Alto consumo
76211213,15,28.0,0.0,28.0,4.0,Consumo medio
76211869,13,12.0,35.0,47.0,6.71,Alto consumo
76215383,14,14.0,0.0,14.0,2.0,Bajo consumo
76239365,14,16.0,0.0,16.0,2.29,Bajo consumo
76249158,16,14.0,7.0,21.0,3.0,Bajo consumo
76254646,13,21.0,0.0,21.0,3.0,Bajo consumo
76254647,16,45.0,0.0,45.0,6.43,Alto consumo
76258626,16,14.0,0.0,14.0,2.0,Bajo consumo
76258627,13,15.17,0.0,15.17,2.17,Bajo consumo
76258628,14,28.0,28.0,56.0,8.0,Alto consumo
76264349,17,28.0,28.0,56.0,8.0,Alto consumo
76264351,16,7.0,7.0,14.0,2.0,Bajo consumo
76268326,15,56.0,35.0,91.0,13.0,Alto consumo
76275571,15,7.0,7.0,14.0,2.0,Bajo consumo
76275754,17,40.0,21.0,61.0,8.71,Alto consumo
76275970,14,49.0,14.0,63.0,9.0,Alto consumo
76278943,13,14.0,7.0,21.0,3.0,Bajo consumo
76278946,16,28.0,0.0,28.0,4.0,Consumo medio
76287955,13,28.0,,,,
76288541,14,21.0,7.0,28.0,4.0,Consumo medio
76293474,17,28.0,28.0,56.0,8.0,Alto consumo
76293545,15,14.0,0.0,14.0,2.0,Bajo consumo
76293956,14,28.0,28.0,56.0,8.0,Alto consumo
76295905,13,14.0,0.0,14.0,2.0,Bajo consumo
76297973,13,28.0,14.0,42.0,6.0,Consumo medio
76301385,13,21.0,0.0,21.0,3.0,Bajo consumo
76331964,14,15.0,0.0,15.0,2.14,Bajo consumo
76335304,17,12.0,42.0,54.0,7.71,Alto consumo
76341237,13,15.0,0.0,15.0,2.14,Bajo consumo
76343836,13,42.0,0.0,42.0,6.0,Consumo medio
76348509,15,70.0,0.0,70.0,10.0,Alto consumo
76349871,13,7.0,0.0,7.0,1.0,Bajo consumo
76354533,16,28.0,14.0,42.0,6.0,Consumo medio
76355359,14,35.0,0.0,35.0,5.0,Consumo medio
76355360,15,35.0,0.0,35.0,5.0,Consumo medio
76357916,16,42.0,42.0,84.0,12.0,Alto consumo
76381496,17,21.0,0.0,21.0,3.0,Bajo consumo
76381874,14,35.0,0.0,35.0,5.0,Consumo medio
76389050,16,14.0,0.0,14.0,2.0,Bajo consumo
76393342,15,21.0,0.0,21.0,3.0,Bajo consumo
76393977,13,14.0,0.0,14.0,2.0,Bajo consumo
76406725,17,21.0,0.0,21.0,3.0,Bajo consumo
76412764,13,7.0,2.33,9.33,1.33,Bajo consumo
76413398,16,28.0,0.0,28.0,4.0,Consumo medio
76416841,14,21.0,7.0,28.0,4.0,Consumo medio
76422650,16,14.0,7.0,21.0,3.0,Bajo consumo
76452822,14,21.0,0.0,21.0,3.0,Bajo consumo
76457365,15,42.0,7.0,49.0,7.0,Alto consumo
76459287,13,35.0,28.0,63.0,9.0,Alto consumo
76459294,16,21.0,12.0,33.0,4.71,Consumo medio
76469159,15,42.0,0.0,42.0,6.0,Consumo medio
76475822,15,21.0,7.0,28.0,4.0,Consumo medio
76501124,15,28.0,0.0,28.0,4.0,Consumo medio
76528525,17,35.0,0.0,35.0,5.0,Consumo medio
76533129,17,0.0,0.0,0.0,0.0,Bajo consumo
76540923,14,42.0,42.0,84.0,12.0,Alto consumo
76540924,15,100.0,0.0,100.0,14.29,Alto consumo
76550905,13,0.0,0.0,0.0,0.0,Bajo consumo
76554277,16,15.0,7.0,22.0,3.14,Consumo medio
76554278,13,35.0,21.0,56.0,8.0,Alto consumo
76560869,14,14.0,0.0,14.0,2.0,Bajo consumo
76567196,13,7.0,7.0,14.0,2.0,Bajo consumo
76570524,14,28.0,28.0,56.0,8.0,Alto consumo
76570525,16,35.0,35.0,70.0,10.0,Alto consumo
76572585,16,42.0,0.0,42.0,6.0,Consumo medio
76572586,15,28.0,0.0,28.0,4.0,Consumo medio
76600974,17,35.0,0.0,35.0,5.0,Consumo medio
76614569,16,9.0,0.0,9.0,1.29,Bajo consumo
76618692,16,28.0,28.0,56.0,8.0,Alto consumo
76618697,13,21.0,21.0,42.0,6.0,Consumo medio
76618700,13,21.0,0.0,21.0,3.0,Bajo consumo
76631902,13,3.5,35.0,38.5,5.5,Consumo medio
76640048,17,42.0,0.0,42.0,6.0,Consumo medio
76640049,14,7.0,0.0,7.0,1.0,Bajo consumo
76643724,16,28.0,0.0,28.0,4.0,Consumo medio
76646849,17,21.0,21.0,42.0,6.0,Consumo medio
76682490,16,21.0,21.0,42.0,6.0,Consumo medio
76690232,16,45.0,0.0,45.0,6.43,Alto consumo
76695568,17,14.0,14.0,28.0,4.0,Consumo medio
76701785,15,28.0,4.83,32.83,4.69,Consumo medio
76707745,16,60.0,20.0,80.0,11.43,Alto consumo
76708027,14,7.0,0.0,7.0,1.0,Bajo consumo
76724312,15,42.0,14.0,56.0,8.0,Alto consumo
76724489,16,28.0,0.0,28.0,4.0,Consumo medio
76724492,14,21.0,14.0,35.0,5.0,Consumo medio
76727344,17,12.0,0.0,12.0,1.71,Bajo consumo
76735289,14,21.0,0.0,21.0,3.0,Bajo consumo
76735291,16,25.0,10.0,35.0,5.0,Consumo medio
76738351,17,21.0,0.0,21.0,3.0,Bajo consumo
76738876,13,14.0,14.0,28.0,4.0,Consumo medio
76741476,13,25.0,12.0,37.0,5.29,Consumo medio
76742732,13,21.0,0.0,21.0,3.0,Bajo consumo
76743260,13,9.0,0.0,9.0,1.29,Bajo consumo
76743592,14,7.0,7.0,14.0,2.0,Bajo consumo
76756234,15,28.0,0.0,28.0,4.0,Consumo medio
76756397,13,35.0,3.5,38.5,5.5,Consumo medio
76764583,14,42.0,28.0,70.0,10.0,Alto consumo
76769982,16,42.0,14.0,56.0,8.0,Alto consumo
76771901,14,35.0,7.0,42.0,6.0,Consumo medio
76775902,14,14.0,9.17,23.17,3.31,Consumo medio
76780915,16,7.0,0.0,7.0,1.0,Bajo consumo
76797060,14,14.0,14.0,28.0,4.0,Consumo medio
76800913,16,20.0,20.0,40.0,5.71,Consumo medio
76806886,17,25.0,0.0,25.0,3.57,Consumo medio
76812710,17,14.0,21.0,35.0,5.0,Consumo medio
76819068,14,14.0,3.5,17.5,2.5,Bajo consumo
76821878,16,35.0,7.0,42.0,6.0,Consumo medio
76826066,13,21.0,0.0,21.0,3.0,Bajo consumo
76826067,13,40.0,7.0,47.0,6.71,Alto consumo
76829611,14,0.0,0.0,0.0,0.0,Bajo consumo
76833496,15,21.0,7.0,28.0,4.0,Consumo medio
76834328,16,14.0,0.0,14.0,2.0,Bajo consumo
76837859,15,20.0,14.0,34.0,4.86,Consumo medio
76841388,14,15.0,15.0,30.0,4.29,Consumo medio
76843980,15,21.0,3.5,24.5,3.5,Consumo medio
76845523,16,14.0,14.0,28.0,4.0,Consumo medio
76845524,17,35.0,0.0,35.0,5.0,Consumo medio
76848773,13,0.0,0.0,0.0,0.0,Bajo consumo
76848781,13,15.0,0.0,15.0,2.14,Bajo consumo
76860996,17,14.0,35.0,49.0,7.0,Alto consumo
76865987,13,21.0,0.0,21.0,3.0,Bajo consumo
76875711,15,40.0,35.0,75.0,10.71,Alto consumo
76879647,14,7.0,1.17,8.17,1.17,Bajo consumo
76884777,13,7.0,0.0,7.0,1.0,Bajo consumo
76886653,13,25.0,14.0,39.0,5.57,Consumo medio
76886654,16,35.0,0.0,35.0,5.0,Consumo medio
76887447,14,58.0,0.0,58.0,8.29,Alto consumo
76903784,14,50.0,7.0,57.0,8.14,Alto consumo
76909329,16,28.0,15.17,43.17,6.17,Alto consumo
76912148,14,14.0,0.0,14.0,2.0,Bajo consumo
76914112,16,35.0,35.0,70.0,10.0,Alto consumo
76916459,13,21.0,7.0,28.0,4.0,Consumo medio
76917638,15,28.0,28.0,56.0,8.0,Alto consumo
76923953,13,14.0,0.0,14.0,2.0,Bajo consumo
76926341,17,21.0,0.0,21.0,3.0,Bajo consumo
76932718,17,21.0,0.0,21.0,3.0,Bajo consumo
76935422,13,21.0,0.0,21.0,3.0,Bajo consumo
76935424,14,35.0,35.0,70.0,10.0,Alto consumo
76951545,14,42.0,0.0,42.0,6.0,Consumo medio
76952329,16,40.0,0.0,40.0,5.71,Consumo medio
76953847,14,14.0,14.0,28.0,4.0,Consumo medio
76953851,14,14.0,35.0,49.0,7.0,Alto consumo
76955938,16,28.0,0.0,28.0,4.0,Consumo medio
76977503,16,10.83,21.0,31.83,4.55,Consumo medio
76985172,13,21.0,0.0,21.0,3.0,Bajo consumo
76990602,16,35.0,21.0,56.0,8.0,Alto consumo
76990603,16,28.0,21.0,49.0,7.0,Alto consumo
76991771,14,42.0,0.0,42.0,6.0,Consumo medio
76992278,13,14.0,0.0,14.0,2.0,Bajo consumo
76992280,17,70.0,0.0,70.0,10.0,Alto consumo
77028526,13,21.0,7.0,28.0,4.0,Consumo medio
77068901,15,60.0,10.0,70.0,10.0,Alto consumo
77076711,16,56.0,0.0,56.0,8.0,Alto consumo
77076899,15,14.0,3.5,17.5,2.5,Bajo consumo
77092830,16,70.0,0.0,70.0,10.0,Alto consumo
77094826,13,32.0,32.0,64.0,9.14,Alto consumo
77097532,17,14.0,7.0,21.0,3.0,Bajo consumo
77140994,13,16.0,16.0,32.0,4.57,Consumo medio
77144414,15,35.0,0.0,35.0,5.0,Consumo medio
77151947,17,28.0,0.0,28.0,4.0,Consumo medio
77155231,15,12.0,0.0,12.0,1.71,Bajo consumo
77171627,15,14.0,14.0,28.0,4.0,Consumo medio
77176129,13,28.0,28.0,56.0,8.0,Alto consumo
77179510,14,28.0,14.0,42.0,6.0,Consumo medio
77183136,17,35.0,0.0,35.0,5.0,Consumo medio
77184952,16,21.0,0.0,21.0,3.0,Bajo consumo
77187821,15,7.0,0.0,7.0,1.0,Bajo consumo
77190539,16,35.0,15.0,50.0,7.14,Alto consumo
77190540,14,50.0,7.0,57.0,8.14,Alto consumo
77190542,17,30.0,0.0,30.0,4.29,Consumo medio
77201679,15,7.0,0.0,7.0,1.0,Bajo consumo
77202447,15,28.0,15.17,43.17,6.17,Alto consumo
77221373,14,35.0,0.0,35.0,5.0,Consumo medio
77223915,13,14.0,35.0,49.0,7.0,Alto consumo
77226668,17,42.0,0.0,42.0,6.0,Consumo medio
77226669,14,14.0,0.0,14.0,2.0,Bajo consumo
77233187,14,12.0,6.5,18.5,2.64,Bajo consumo
77250019,16,21.0,10.83,31.83,4.55,Consumo medio
77250021,13,21.0,7.0,28.0,4.0,Consumo medio
77256258,13,70.0,35.0,105.0,15.0,Alto consumo
77256259,13,21.0,21.0,42.0,6.0,Consumo medio
77258622,17,21.0,10.5,31.5,4.5,Consumo medio
77267107,17,50.58,16.0,66.58,9.51,Alto consumo
77267108,16,30.0,0.0,30.0,4.29,Consumo medio
77267832,15,35.0,7.0,42.0,6.0,Consumo medio
77267921,13,14.0,7.0,21.0,3.0,Bajo consumo
77272735,15,14.0,14.0,28.0,4.0,Consumo medio
77272736,13,14.0,42.0,56.0,8.0,Alto consumo
77280124,15,21.0,10.5,31.5,4.5,Consumo medio
77281786,13,14.0,42.0,56.0,8.0,Alto consumo
77282252,16,21.0,7.0,28.0,4.0,Consumo medio
77282303,14,60.0,53.0,113.0,16.14,Alto consumo
77283282,17,39.0,35.0,74.0,10.57,Alto consumo
77285121,13,7.0,0.0,7.0,1.0,Bajo consumo
77285127,14,0.0,21.0,21.0,3.0,Bajo consumo
77294844,14,28.0,28.0,56.0,8.0,Alto consumo
77295442,13,,0.0,,,
77296534,16,35.0,0.0,35.0,5.0,Consumo medio
77317012,13,10.5,10.5,21.0,3.0,Bajo consumo
77317210,13,2.33,0.0,2.33,0.33,Bajo consumo
77318912,17,21.0,0.0,21.0,3.0,Bajo consumo
77325024,14,49.0,0.0,49.0,7.0,Alto consumo
77349545,16,25.0,0.0,25.0,3.57,Consumo medio
77349546,14,20.0,0.0,20.0,2.86,Bajo consumo
77351632,13,14.0,35.0,49.0,7.0,Alto consumo
77369604,16,21.0,0.0,21.0,3.0,Bajo consumo
77378915,13,21.0,14.0,35.0,5.0,Consumo medio
77382119,14,14.0,0.0,14.0,2.0,Bajo consumo
77390495,16,14.0,0.0,14.0,2.0,Bajo consumo
77392064,13,35.0,0.0,35.0,5.0,Consumo medio
77402804,14,14.0,0.0,14.0,2.0,Bajo consumo
77414335,13,42.0,,,,
77434404,16,10.83,10.83,21.66,3.09,Consumo medio
77442577,13,14.0,14.0,28.0,4.0,Consumo medio
77442579,17,21.0,0.0,21.0,3.0,Bajo consumo
77452606,14,35.0,0.0,35.0,5.0,Consumo medio
77457159,13,7.0,0.0,7.0,1.0,Bajo consumo
77457160,17,64.0,7.0,71.0,10.14,Alto consumo
77459255,13,37.0,20.0,57.0,8.14,Alto consumo
77464952,16,35.0,0.0,35.0,5.0,Consumo medio
77469497,14,21.0,21.0,42.0,6.0,Consumo medio
77470183,13,28.0,14.0,42.0,6.0,Consumo medio
77473520,16,0.0,7.0,7.0,1.0,Bajo consumo
77473521,17,12.0,12.0,24.0,3.43,Consumo medio
77481404,13,21.0,0.0,21.0,3.0,Bajo consumo
77481405,17,28.0,0.0,28.0,4.0,Consumo medio
77483588,16,70.0,14.0,84.0,12.0,Alto consumo
77485083,16,0.0,0.0,0.0,0.0,Bajo consumo
77518963,14,25.0,28.0,53.0,7.57,Alto consumo
77518965,15,14.0,0.0,14.0,2.0,Bajo consumo
77518971,14,0.0,0.0,0.0,0.0,Bajo consumo
77519672,17,49.0,0.0,49.0,7.0,Alto consumo
77523922,16,15.0,14.0,29.0,4.14,Consumo medio
77523924,14,10.0,42.0,52.0,7.43,Alto consumo
77533810,16,40.0,0.0,40.0,5.71,Consumo medio
77543021,14,20.0,14.0,34.0,4.86,Consumo medio
77546553,16,49.0,0.0,49.0,7.0,Alto consumo
77555918,14,21.0,0.0,21.0,3.0,Bajo consumo
77555919,16,42.0,7.0,49.0,7.0,Alto consumo
77565098,14,98.0,0.0,98.0,14.0,Alto consumo
77566335,14,27.83,25.0,52.83,7.55,Alto consumo
77566344,15,14.0,0.0,14.0,2.0,Bajo consumo
77569091,13,49.0,0.0,49.0,7.0,Alto consumo
77569092,16,7.0,0.0,7.0,1.0,Bajo consumo
77573261,13,35.0,0.0,35.0,5.0,Consumo medio
77575225,15,15.0,28.0,43.0,6.14,Alto consumo
77577337,13,24.0,14.0,38.0,5.43,Consumo medio
77579834,17,14.0,21.0,35.0,5.0,Consumo medio
77580979,13,0.0,51.0,51.0,7.29,Alto consumo
77597285,13,32.0,0.0,32.0,4.57,Consumo medio
77597298,15,56.0,0.0,56.0,8.0,Alto consumo
77597299,16,21.0,0.0,21.0,3.0,Bajo consumo
77601233,15,14.0,14.0,28.0,4.0,Consumo medio
77609428,14,14.0,0.0,14.0,2.0,Bajo consumo
77618164,14,7.0,7.0,14.0,2.0,Bajo consumo
77618176,14,14.0,14.0,28.0,4.0,Consumo medio
77618877,15,35.0,42.0,77.0,11.0,Alto consumo
77618878,15,70.0,0.0,70.0,10.0,Alto consumo
77619260,15,14.0,28.0,42.0,6.0,Consumo medio
77624924,16,20.0,10.0,30.0,4.29,Consumo medio
77625277,14,50.0,20.0,70.0,10.0,Alto consumo
77625278,13,30.0,0.0,30.0,4.29,Consumo medio
77638846,16,,18.0,,,
77639088,13,40.0,10.0,50.0,7.14,Alto consumo
77639924,14,23.17,14.0,37.17,5.31,Consumo medio
77641048,16,35.0,0.0,35.0,5.0,Consumo medio
77641322,13,21.0,0.0,21.0,3.0,Bajo consumo
77641328,15,35.0,0.0,35.0,5.0,Consumo medio
77645461,13,30.0,0.0,30.0,4.29,Consumo medio
77649467,16,7.0,0.0,7.0,1.0,Bajo consumo
77649469,17,21.0,14.0,35.0,5.0,Consumo medio
77651227,16,14.0,0.0,14.0,2.0,Bajo consumo
77655415,17,28.0,7.0,35.0,5.0,Consumo medio
77657215,14,21.0,0.0,21.0,3.0,Bajo consumo
77657220,17,32.0,0.0,32.0,4.57,Consumo medio
77658349,13,21.0,0.0,21.0,3.0,Bajo consumo
77659752,15,14.0,0.0,14.0,2.0,Bajo consumo
77663727,13,21.0,0.0,21.0,3.0,Bajo consumo
77673339,15,31.5,0.0,31.5,4.5,Consumo medio
77683863,13,14.0,0.0,14.0,2.0,Bajo consumo
77685719,15,54.0,7.0,61.0,8.71,Alto consumo
77686854,14,8.0,35.0,43.0,6.14,Alto consumo
77686856,14,21.0,0.0,21.0,3.0,Bajo consumo
77689954,14,14.0,7.0,21.0,3.0,Bajo consumo
77696840,16,14.0,0.0,14.0,2.0,Bajo consumo
77696841,14,49.0,10.0,59.0,8.43,Alto consumo
77699837,13,42.0,35.0,77.0,11.0,Alto consumo
77708682,15,7.0,0.0,7.0,1.0,Bajo consumo
77709187,17,17.83,0.0,17.83,2.55,Bajo consumo
77710059,15,28.0,0.0,28.0,4.0,Consumo medio
77716970,14,14.0,0.0,14.0,2.0,Bajo consumo
77730411,14,35.0,35.0,70.0,10.0,Alto consumo
77736051,17,7.0,0.0,7.0,1.0,Bajo consumo
77739855,16,14.0,0.0,14.0,2.0,Bajo consumo
77763801,17,14.0,0.0,14.0,2.0,Bajo consumo
77770089,17,7.0,14.0,21.0,3.0,Bajo consumo
77770703,17,14.0,0.0,14.0,2.0,Bajo consumo
77781435,17,21.0,0.0,21.0,3.0,Bajo consumo
77790654,17,14.0,70.0,84.0,12.0,Alto consumo
77793656,16,14.0,0.0,14.0,2.0,Bajo consumo
77796680,15,8.0,0.0,8.0,1.14,Bajo consumo
77798232,13,7.0,0.0,7.0,1.0,Bajo consumo
77800548,16,14.0,21.0,35.0,5.0,Consumo medio
77804427,16,7.0,21.0,28.0,4.0,Consumo medio
77805649,15,11.0,0.0,11.0,1.57,Bajo consumo
77806266,15,42.0,0.0,42.0,6.0,Consumo medio
77806332,13,32.0,14.0,46.0,6.57,Alto consumo
77806379,15,14.0,0.0,14.0,2.0,Bajo consumo
77806382,13,21.0,0.0,21.0,3.0,Bajo consumo
77807627,13,70.0,0.0,70.0,10.0,Alto consumo
77808556,15,70.0,0.0,70.0,10.0,Alto consumo
77811986,15,28.0,0.0,28.0,4.0,Consumo medio
77822643,14,9.0,0.0,9.0,1.29,Bajo consumo
77824985,15,49.0,0.0,49.0,7.0,Alto consumo
77824989,14,28.0,0.0,28.0,4.0,Consumo medio
77825004,16,35.0,0.0,35.0,5.0,Consumo medio
77825009,13,42.0,0.0,42.0,6.0,Consumo medio
77825013,16,14.0,24.0,38.0,5.43,Consumo medio
77826045,17,14.0,14.0,28.0,4.0,Consumo medio
77827863,16,40.0,40.0,80.0,11.43,Alto consumo
77841100,16,21.0,0.0,21.0,3.0,Bajo consumo
77842597,14,35.0,35.0,70.0,10.0,Alto consumo
77845508,16,,3.5,,,
77845810,15,32.0,10.5,42.5,6.07,Alto consumo
77853583,15,18.0,8.0,26.0,3.71,Consumo medio
77853586,14,16.0,0.0,16.0,2.29,Bajo consumo
77855264,17,42.0,42.0,84.0,12.0,Alto consumo
77864584,15,35.0,0.0,35.0,5.0,Consumo medio
77871144,15,28.0,0.0,28.0,4.0,Consumo medio
77874365,15,35.0,7.0,42.0,6.0,Consumo medio
77874368,13,14.0,14.0,28.0,4.0,Consumo medio
77874372,17,9.0,35.0,44.0,6.29,Alto consumo
77876773,15,4.5,35.0,39.5,5.64,Consumo medio
77880320,13,21.0,14.0,35.0,5.0,Consumo medio
77885983,14,7.0,0.0,7.0,1.0,Bajo consumo
77890803,14,0.0,0.0,0.0,0.0,Bajo consumo
77891043,16,28.0,7.0,35.0,5.0,Consumo medio
77896398,17,35.0,14.0,49.0,7.0,Alto consumo
77896399,17,7.0,35.0,42.0,6.0,Consumo medio
77898532,14,14.0,0.0,14.0,2.0,Bajo consumo
77901217,15,,,,,
77907657,17,40.0,0.0,40.0,5.71,Consumo medio
77908432,13,20.0,10.0,30.0,4.29,Consumo medio
77908433,16,14.0,26.0,40.0,5.71,Consumo medio
77910419,17,28.0,21.0,49.0,7.0,Alto consumo
77910420,15,28.0,0.0,28.0,4.0,Consumo medio
77926331,17,21.0,14.0,35.0,5.0,Consumo medio
77926332,16,20.0,0.0,20.0,2.86,Bajo consumo
77937552,14,14.0,28.0,42.0,6.0,Consumo medio
77939030,17,14.0,0.0,14.0,2.0,Bajo consumo
77948587,14,8.0,42.0,50.0,7.14,Alto consumo
77950298,13,21.0,0.0,21.0,3.0,Bajo consumo
77952140,16,21.0,28.0,49.0,7.0,Alto consumo
77953101,16,7.0,0.0,7.0,1.0,Bajo consumo
77964570,15,25.0,15.0,40.0,5.71,Consumo medio
77967881,14,84.0,14.0,98.0,14.0,Alto consumo
77968008,14,58.0,0.0,58.0,8.29,Alto consumo
77968032,16,42.0,0.0,42.0,6.0,Consumo medio
77969973,15,7.0,0.0,7.0,1.0,Bajo consumo
77970414,17,28.0,0.0,28.0,4.0,Consumo medio
77971835,16,35.0,0.0,35.0,5.0,Consumo medio
77975718,16,40.0,20.0,60.0,8.57,Alto consumo
77978283,13,14.0,7.0,21.0,3.0,Bajo consumo
77979347,17,21.0,0.0,21.0,3.0,Bajo consumo
77979348,15,21.0,0.0,21.0,3.0,Bajo consumo
77987217,15,21.0,21.0,42.0,6.0,Consumo medio
77988329,16,21.0,35.0,56.0,8.0,Alto consumo
77990461,15,21.0,0.0,21.0,3.0,Bajo consumo
78023054,15,70.0,0.0,70.0,10.0,Alto consumo
78029261,14,14.0,21.0,35.0,5.0,Consumo medio
78031907,16,35.0,0.0,35.0,5.0,Consumo medio
78033336,14,35.0,14.0,49.0,7.0,Alto consumo
78033889,13,56.0,9.0,65.0,9.29,Alto consumo
78034427,13,75.0,21.0,96.0,13.71,Alto consumo
78036387,15,21.0,14.0,35.0,5.0,Consumo medio
78038831,14,56.0,35.0,91.0,13.0,Alto consumo
78040358,15,21.0,14.0,35.0,5.0,Consumo medio
78042103,15,10.0,0.0,10.0,1.43,Bajo consumo
78043672,15,7.0,17.5,24.5,3.5,Consumo medio
78045518,14,9.0,9.0,18.0,2.57,Bajo consumo
78047282,16,28.0,21.0,49.0,7.0,Alto consumo
78047285,17,28.0,28.0,56.0,8.0,Alto consumo
78047439,14,28.0,0.0,28.0,4.0,Consumo medio
78048885,14,14.0,0.0,14.0,2.0,Bajo consumo
78049433,14,14.0,7.0,21.0,3.0,Bajo consumo
78052844,17,14.0,0.0,14.0,2.0,Bajo consumo
78053767,17,14.0,14.0,28.0,4.0,Consumo medio
78054527,14,7.0,7.0,14.0,2.0,Bajo consumo
78060712,16,56.0,56.0,112.0,16.0,Alto consumo
78063881,13,14.0,7.0,21.0,3.0,Bajo consumo
78066143,13,21.0,14.0,35.0,5.0,Consumo medio
78066176,17,28.0,0.0,28.0,4.0,Consumo medio
78067041,16,0.0,0.0,0.0,0.0,Bajo consumo
78067736,17,32.0,32.0,64.0,9.14,Alto consumo
78068063,13,21.0,21.0,42.0,6.0,Consumo medio
78068072,16,14.0,14.0,28.0,4.0,Consumo medio
78070174,14,21.0,0.0,21.0,3.0,Bajo consumo
78070182,13,35.0,0.0,35.0,5.0,Consumo medio
78070183,13,28.0,14.0,42.0,6.0,Consumo medio
78071340,14,7.0,0.0,7.0,1.0,Bajo consumo
78080383,16,21.0,0.0,21.0,3.0,Bajo consumo
78088483,15,28.0,0.0,28.0,4.0,Consumo medio
78089476,17,0.0,0.0,0.0,0.0,Bajo consumo
78092361,15,16.0,0.0,16.0,2.29,Bajo consumo
78095041,13,14.0,21.0,35.0,5.0,Consumo medio
78097303,16,35.0,10.5,45.5,6.5,Alto consumo
78101615,17,35.0,0.0,35.0,5.0,Consumo medio
78101900,15,45.48,0.0,45.48,6.5,Alto consumo
78103945,13,7.0,0.0,7.0,1.0,Bajo consumo
78103946,17,0.0,0.0,0.0,0.0,Bajo consumo
78117191,15,35.0,0.0,35.0,5.0,Consumo medio
78124346,14,21.0,14.0,35.0,5.0,Consumo medio
78124348,17,30.0,10.0,40.0,5.71,Consumo medio
78124349,16,35.0,7.0,42.0,6.0,Consumo medio
78126140,14,42.0,0.0,42.0,6.0,Consumo medio
78126645,14,44.0,8.0,52.0,7.43,Alto consumo
78126646,16,42.0,0.0,42.0,6.0,Consumo medio
78127242,16,35.0,7.0,42.0,6.0,Consumo medio
78134244,17,49.0,0.0,49.0,7.0,Alto consumo
78135124,15,7.0,0.0,7.0,1.0,Bajo consumo
78150999,16,35.0,0.0,35.0,5.0,Consumo medio
78164250,13,7.0,7.0,14.0,2.0,Bajo consumo
78164384,13,14.0,14.0,28.0,4.0,Consumo medio
78164690,15,21.0,21.0,42.0,6.0,Consumo medio
78164932,16,21.0,0.0,21.0,3.0,Bajo consumo
78168562,14,28.0,,,,
78171176,14,14.0,35.0,49.0,7.0,Alto consumo
78186400,16,43.0,14.0,57.0,8.14,Alto consumo
78186661,16,32.0,21.0,53.0,7.57,Alto consumo
78187499,17,56.0,7.0,63.0,9.0,Alto consumo
78192715,16,20.0,0.0,20.0,2.86,Bajo consumo
78193639,17,49.0,14.0,63.0,9.0,Alto consumo
78194666,15,14.0,0.0,14.0,2.0,Bajo consumo
78208066,13,7.0,0.0,7.0,1.0,Bajo consumo
78209811,16,42.0,7.0,49.0,7.0,Alto consumo
78211461,13,70.0,40.0,110.0,15.71,Alto consumo
78212955,14,35.0,21.0,56.0,8.0,Alto consumo
78229005,17,14.0,0.0,14.0,2.0,Bajo consumo
78235527,15,35.0,7.0,42.0,6.0,Consumo medio
78244676,16,53.0,0.0,53.0,7.57,Alto consumo
78246323,16,7.0,0.0,7.0,1.0,Bajo consumo
78246324,14,35.0,14.0,49.0,7.0,Alto consumo
78247456,15,35.0,0.0,35.0,5.0,Consumo medio
78250414,16,21.0,21.0,42.0,6.0,Consumo medio
78257748,16,7.0,0.0,7.0,1.0,Bajo consumo
78260433,17,14.0,7.0,21.0,3.0,Bajo consumo
78271391,16,42.0,9.17,51.17,7.31,Alto consumo
78274188,16,18.0,0.0,18.0,2.57,Bajo consumo
78274542,14,14.0,7.0,21.0,3.0,Bajo consumo
78280140,14,35.0,0.0,35.0,5.0,Consumo medio
78280931,15,42.0,42.0,84.0,12.0,Alto consumo
78280932,16,8.0,21.0,29.0,4.14,Consumo medio
78280933,17,42.0,42.0,84.0,12.0,Alto consumo
78284257,14,35.0,0.0,35.0,5.0,Consumo medio
78324364,15,21.0,0.0,21.0,3.0,Bajo consumo
78330699,15,3.83,8.0,11.83,1.69,Bajo consumo
78336479,16,10.0,10.0,20.0,2.86,Bajo consumo
78338038,15,0.0,0.0,0.0,0.0,Bajo consumo
78338864,15,21.0,7.0,28.0,4.0,Consumo medio
78338865,17,14.0,28.0,42.0,6.0,Consumo medio
78350679,16,30.0,0.0,30.0,4.29,Consumo medio
78350680,14,17.5,2.33,19.83,2.83,Bajo consumo
78355969,16,8.0,0.0,8.0,1.14,Bajo consumo
78357074,16,21.0,42.0,63.0,9.0,Alto consumo
78357580,15,20.0,3.5,23.5,3.36,Consumo medio
78357581,16,56.0,0.0,56.0,8.0,Alto consumo
78357981,12,14.0,7.0,21.0,3.0,Bajo consumo
78360783,15,56.0,7.0,63.0,9.0,Alto consumo
78364542,13,14.0,14.0,28.0,4.0,Consumo medio
78366156,15,,,,,
78371059,16,14.0,7.0,21.0,3.0,Bajo consumo
78371274,17,14.0,14.0,28.0,4.0,Consumo medio
78375321,14,21.0,8.0,29.0,4.14,Consumo medio
78381008,14,14.0,0.0,14.0,2.0,Bajo consumo
78381424,16,7.0,0.0,7.0,1.0,Bajo consumo
78381429,15,14.0,7.0,21.0,3.0,Bajo consumo
78383431,15,42.0,0.0,42.0,6.0,Consumo medio
78384845,13,0.0,22.0,22.0,3.14,Consumo medio
78399186,16,70.0,0.0,70.0,10.0,Alto consumo
78402733,17,21.0,21.0,42.0,6.0,Consumo medio
78405589,13,15.0,0.0,15.0,2.14,Bajo consumo
78405590,14,50.0,7.0,57.0,8.14,Alto consumo
78405591,16,15.0,0.0,15.0,2.14,Bajo consumo
78414640,13,28.0,0.0,28.0,4.0,Consumo medio
78421119,13,17.0,21.0,38.0,5.43,Consumo medio
78421121,13,2.33,0.0,2.33,0.33,Bajo consumo
78421497,14,7.0,0.0,7.0,1.0,Bajo consumo
78426746,17,10.5,0.0,10.5,1.5,Bajo consumo
78427045,13,28.0,0.0,28.0,4.0,Consumo medio
78431433,13,21.0,21.0,42.0,6.0,Consumo medio
78441100,17,91.0,0.0,91.0,13.0,Alto consumo
78444458,17,14.0,0.0,14.0,2.0,Bajo consumo
78447353,17,7.0,0.0,7.0,1.0,Bajo consumo
78447417,17,35.0,0.0,35.0,5.0,Consumo medio
78448795,16,28.0,28.0,56.0,8.0,Alto consumo
78451395,17,49.0,0.0,49.0,7.0,Alto consumo
78454544,15,40.0,10.0,50.0,7.14,Alto consumo
78454545,17,35.0,15.0,50.0,7.14,Alto consumo
78455788,13,7.0,10.5,17.5,2.5,Bajo consumo
78458289,17,70.0,0.0,70.0,10.0,Alto consumo
78458985,14,20.0,7.0,27.0,3.86,Consumo medio
78458986,16,28.0,0.0,28.0,4.0,Consumo medio
78459806,13,21.0,7.0,28.0,4.0,Consumo medio
78464406,14,10.0,0.0,10.0,1.43,Bajo consumo
78481286,16,7.0,15.0,22.0,3.14,Consumo medio
78481287,14,21.0,21.0,42.0,6.0,Consumo medio
78489906,14,35.0,0.0,35.0,5.0,Consumo medio
78491165,13,14.0,14.0,28.0,4.0,Consumo medio
78491806,16,20.0,15.0,35.0,5.0,Consumo medio
78504832,16,14.0,0.0,14.0,2.0,Bajo consumo
78505794,13,15.17,0.0,15.17,2.17,Bajo consumo
78510004,14,14.0,0.0,14.0,2.0,Bajo consumo
78513274,15,50.0,0.0,50.0,7.14,Alto consumo
78514590,16,0.0,0.0,0.0,0.0,Bajo consumo
78517465,14,7.0,15.0,22.0,3.14,Consumo medio
78517615,15,6.83,0.0,6.83,0.98,Bajo consumo
78517778,17,42.0,35.0,77.0,11.0,Alto consumo
78520957,16,35.0,0.0,35.0,5.0,Consumo medio
78525111,17,7.0,42.0,49.0,7.0,Alto consumo
78528823,13,21.0,0.0,21.0,3.0,Bajo consumo
78538870,17,10.0,0.0,10.0,1.43,Bajo consumo
78539114,15,14.0,7.0,21.0,3.0,Bajo consumo
78541936,13,50.0,0.0,50.0,7.14,Alto consumo
78541938,18,70.0,14.0,84.0,12.0,Alto consumo
78554869,16,23.0,10.0,33.0,4.71,Consumo medio
78563661,15,56.0,21.0,77.0,11.0,Alto consumo
78570512,15,36.0,36.0,72.0,10.29,Alto consumo
78573018,15,28.0,0.0,28.0,4.0,Consumo medio
78577443,14,30.0,21.0,51.0,7.29,Alto consumo
78579965,17,42.0,0.0,42.0,6.0,Consumo medio
78588121,14,30.0,0.0,30.0,4.29,Consumo medio
78591221,16,21.0,42.0,63.0,9.0,Alto consumo
78593259,15,28.0,0.0,28.0,4.0,Consumo medio
78594364,14,30.0,0.0,30.0,4.29,Consumo medio
78603815,13,50.0,21.0,71.0,10.14,Alto consumo
78604023,14,56.0,0.0,56.0,8.0,Alto consumo
78604026,16,25.0,0.0,25.0,3.57,Consumo medio
78604027,14,7.0,0.0,7.0,1.0,Bajo consumo
78604029,14,7.0,0.0,7.0,1.0,Bajo consumo
78604128,13,42.0,42.0,84.0,12.0,Alto consumo
78604790,17,14.0,14.0,28.0,4.0,Consumo medio
78607512,14,7.0,0.0,7.0,1.0,Bajo consumo
78611848,17,35.0,3.5,38.5,5.5,Consumo medio
78612459,16,20.0,0.0,20.0,2.86,Bajo consumo
78613332,17,14.0,,,,
78617779,13,10.0,0.0,10.0,1.43,Bajo consumo
78620269,15,21.0,7.0,28.0,4.0,Consumo medio
78625658,17,14.0,0.0,14.0,2.0,Bajo consumo
78625688,17,28.0,0.0,28.0,4.0,Consumo medio
78626226,16,14.0,7.0,21.0,3.0,Bajo consumo
78641930,14,63.0,0.0,63.0,9.0,Alto consumo
78641933,14,35.0,35.0,70.0,10.0,Alto consumo
78642046,14,35.0,0.0,35.0,5.0,Consumo medio
78646831,15,0.0,,,,
78649690,16,7.0,21.0,28.0,4.0,Consumo medio
78651821,13,7.0,7.0,14.0,2.0,Bajo consumo
78651822,17,14.0,7.0,21.0,3.0,Bajo consumo
78653426,15,7.0,0.0,7.0,1.0,Bajo consumo
78655606,13,42.0,42.0,84.0,12.0,Alto consumo
78655877,17,7.0,10.5,17.5,2.5,Bajo consumo
78665780,14,35.0,0.0,35.0,5.0,Consumo medio
78666597,13,14.0,14.0,28.0,4.0,Consumo medio
78677608,16,14.0,14.0,28.0,4.0,Consumo medio
78683590,16,14.0,0.0,14.0,2.0,Bajo consumo
78684241,16,28.0,28.0,56.0,8.0,Alto consumo
78687078,16,84.0,0.0,84.0,12.0,Alto consumo
78690542,14,14.0,0.0,14.0,2.0,Bajo consumo
78692046,13,14.0,8.0,22.0,3.14,Consumo medio
78697699,15,36.0,21.0,57.0,8.14,Alto consumo
78698906,16,42.0,0.0,42.0,6.0,Consumo medio
78702894,13,21.0,0.0,21.0,3.0,Bajo consumo
78704035,15,21.0,0.0,21.0,3.0,Bajo consumo
78704248,13,14.0,14.0,28.0,4.0,Consumo medio
78709626,13,22.0,10.0,32.0,4.57,Consumo medio
78719891,17,42.0,0.0,42.0,6.0,Consumo medio
78722370,14,35.0,28.0,63.0,9.0,Alto consumo
78730773,16,35.0,3.5,38.5,5.5,Consumo medio
78732447,17,28.0,7.0,35.0,5.0,Consumo medio
78734099,14,28.0,7.0,35.0,5.0,Consumo medio
78737768,13,7.0,0.0,7.0,1.0,Bajo consumo
78741512,17,21.0,0.0,21.0,3.0,Bajo consumo
78744847,13,35.0,14.0,49.0,7.0,Alto consumo
78746739,17,14.0,0.0,14.0,2.0,Bajo consumo
78755949,16,14.0,14.0,28.0,4.0,Consumo medio
78755950,14,21.0,21.0,42.0,6.0,Consumo medio
78759333,14,21.0,7.0,28.0,4.0,Consumo medio
78760284,13,21.0,0.0,21.0,3.0,Bajo consumo
78761500,16,21.0,0.0,21.0,3.0,Bajo consumo
78765639,14,21.0,0.0,21.0,3.0,Bajo consumo
78767692,17,25.0,0.0,25.0,3.57,Consumo medio
78769807,15,21.0,7.0,28.0,4.0,Consumo medio
78769808,14,70.0,0.0,70.0,10.0,Alto consumo
78769809,13,35.0,0.0,35.0,5.0,Consumo medio
78775091,15,14.0,0.0,14.0,2.0,Bajo consumo
78793312,16,36.0,0.0,36.0,5.14,Consumo medio
78795264,17,7.0,7.0,14.0,2.0,Bajo consumo
78800648,13,21.0,0.0,21.0,3.0,Bajo consumo
78800649,14,27.0,0.0,27.0,3.86,Consumo medio
78800650,17,12.0,0.0,12.0,1.71,Bajo consumo
78810849,13,21.0,0.0,21.0,3.0,Bajo consumo
78812078,16,0.0,0.0,0.0,0.0,Bajo consumo
78819446,16,21.0,0.0,21.0,3.0,Bajo consumo
78819448,15,0.0,42.0,42.0,6.0,Consumo medio
78823419,14,28.0,0.0,28.0,4.0,Consumo medio
78856338,15,0.0,0.0,0.0,0.0,Bajo consumo
78863480,16,28.0,0.0,28.0,4.0,Consumo medio
78863489,15,28.0,1.17,29.17,4.17,Consumo medio
78891947,14,35.0,21.0,56.0,8.0,Alto consumo
78905085,16,63.0,11.67,74.67,10.67,Alto consumo
78908299,15,21.0,0.0,21.0,3.0,Bajo consumo
78911210,17,21.0,3.5,24.5,3.5,Consumo medio
78912927,13,28.0,14.0,42.0,6.0,Consumo medio
78922399,17,7.0,7.0,14.0,2.0,Bajo consumo
78922403,14,7.0,7.0,14.0,2.0,Bajo consumo
78927464,17,40.0,21.0,61.0,8.71,Alto consumo
78931228,17,28.0,0.0,28.0,4.0,Consumo medio
78931229,15,32.0,0.0,32.0,4.57,Consumo medio
78934709,14,35.0,0.0,35.0,5.0,Consumo medio
78941977,17,42.0,21.0,63.0,9.0,Alto consumo
78941980,13,0.0,0.0,0.0,0.0,Bajo consumo
78942091,15,14.0,0.0,14.0,2.0,Bajo consumo
78942094,14,49.0,14.0,63.0,9.0,Alto consumo
78955045,15,16.0,,,,
78955190,15,35.0,7.0,42.0,6.0,Consumo medio
78959579,14,35.0,0.0,35.0,5.0,Consumo medio
78960815,15,35.0,0.0,35.0,5.0,Consumo medio
78981676,13,21.0,0.0,21.0,3.0,Bajo consumo
78987883,13,7.0,0.0,7.0,1.0,Bajo consumo
78992251,17,35.0,35.0,70.0,10.0,Alto consumo
78999828,16,21.0,0.0,21.0,3.0,Bajo consumo
78999864,14,14.0,14.0,28.0,4.0,Consumo medio
79002025,14,21.0,0.0,21.0,3.0,Bajo consumo
79021250,16,15.0,14.0,29.0,4.14,Consumo medio
79023677,16,28.0,0.0,28.0,4.0,Consumo medio
79028679,16,35.0,35.0,70.0,10.0,Alto consumo
79031515,13,21.0,8.0,29.0,4.14,Consumo medio
79031516,17,56.0,36.0,92.0,13.14,Alto consumo
79031525,12,20.0,0.0,20.0,2.86,Bajo consumo
79031963,17,29.83,7.0,36.83,5.26,Consumo medio
79032602,14,32.0,0.0,32.0,4.57,Consumo medio
79033829,17,14.0,14.0,28.0,4.0,Consumo medio
79034285,14,14.0,14.0,28.0,4.0,Consumo medio
79035035,16,28.0,28.0,56.0,8.0,Alto consumo
79035036,17,7.0,0.0,7.0,1.0,Bajo consumo
79035472,16,28.0,0.0,28.0,4.0,Consumo medio
79035475,14,14.0,0.0,14.0,2.0,Bajo consumo
79037295,14,28.0,0.0,28.0,4.0,Consumo medio
79038225,13,21.0,7.0,28.0,4.0,Consumo medio
79038406,14,12.0,12.0,24.0,3.43,Consumo medio
79038408,13,21.0,21.0,42.0,6.0,Consumo medio
79039113,15,28.0,21.0,49.0,7.0,Alto consumo
79041994,16,35.0,0.0,35.0,5.0,Consumo medio
79048858,17,21.0,7.0,28.0,4.0,Consumo medio
79048861,14,28.0,0.0,28.0,4.0,Consumo medio
79048862,16,28.0,21.0,49.0,7.0,Alto consumo
79067730,15,14.0,0.0,14.0,2.0,Bajo consumo
79067731,17,42.0,21.0,63.0,9.0,Alto consumo
79071460,17,35.0,28.0,63.0,9.0,Alto consumo
79072486,15,21.0,0.0,21.0,3.0,Bajo consumo
79072489,16,49.0,0.0,49.0,7.0,Alto consumo
79077330,14,35.0,0.0,35.0,5.0,Consumo medio
79084225,15,21.0,0.0,21.0,3.0,Bajo consumo
79091612,14,21.0,0.0,21.0,3.0,Bajo consumo
79101142,15,28.0,7.0,35.0,5.0,Consumo medio
79108331,17,14.0,0.0,14.0,2.0,Bajo consumo
79111682,13,14.0,7.0,21.0,3.0,Bajo consumo
79117563,15,35.0,14.0,49.0,7.0,Alto consumo
79117565,16,42.0,0.0,42.0,6.0,Consumo medio
79129018,17,7.0,0.0,7.0,1.0,Bajo consumo
79129099,13,0.0,0.0,0.0,0.0,Bajo consumo
79130947,17,14.0,14.0,28.0,4.0,Consumo medio
79134253,14,28.0,0.0,28.0,4.0,Consumo medio
79134896,14,14.0,21.0,35.0,5.0,Consumo medio
79139799,14,27.0,0.0,27.0,3.86,Consumo medio
79141575,16,28.0,0.0,28.0,4.0,Consumo medio
79141847,13,14.67,0.0,14.67,2.1,Bajo consumo
79162636,14,7.0,7.0,14.0,2.0,Bajo consumo
79162637,17,14.0,14.0,28.0,4.0,Consumo medio
79163637,13,8.0,7.0,15.0,2.14,Bajo consumo
79172442,15,84.0,84.0,168.0,24.0,Alto consumo
79174823,14,70.0,0.0,70.0,10.0,Alto consumo
79181562,15,14.0,14.0,28.0,4.0,Consumo medio
79190941,15,14.0,0.0,14.0,2.0,Bajo consumo
79193122,17,91.0,0.0,91.0,13.0,Alto consumo
79194098,13,21.0,7.0,28.0,4.0,Consumo medio
79202621,14,35.0,35.0,70.0,10.0,Alto consumo
79206184,14,11.67,0.0,11.67,1.67,Bajo consumo
79206185,17,48.0,0.0,48.0,6.86,Alto consumo
79209926,17,14.0,14.0,28.0,4.0,Consumo medio
79214789,15,35.0,0.0,35.0,5.0,Consumo medio
79215686,14,105.0,0.0,105.0,15.0,Alto consumo
79226823,14,14.0,20.0,34.0,4.86,Consumo medio
79229336,14,28.0,0.0,28.0,4.0,Consumo medio
79229384,17,7.0,21.0,28.0,4.0,Consumo medio
79229386,16,8.0,8.0,16.0,2.29,Bajo consumo
79229388,13,12.0,14.0,26.0,3.71,Consumo medio
79229420,16,0.0,0.0,0.0,0.0,Bajo consumo
79229453,17,35.0,0.0,35.0,5.0,Consumo medio
79229460,16,21.0,14.0,35.0,5.0,Consumo medio
79235414,17,42.0,0.0,42.0,6.0,Consumo medio
79258875,15,19.0,0.0,19.0,2.71,Bajo consumo
79259351,13,50.0,20.0,70.0,10.0,Alto consumo
79259352,14,53.0,25.0,78.0,11.14,Alto consumo
79271865,15,14.0,7.0,21.0,3.0,Bajo consumo
79272928,16,7.0,0.0,7.0,1.0,Bajo consumo
79273527,16,9.0,42.0,51.0,7.29,Alto consumo
79278262,14,7.0,0.0,7.0,1.0,Bajo consumo
79281862,16,21.0,0.0,21.0,3.0,Bajo consumo
79288131,13,56.0,12.0,68.0,9.71,Alto consumo
79290854,13,0.0,0.0,0.0,0.0,Bajo consumo
79295463,13,28.0,0.0,28.0,4.0,Consumo medio
79298744,17,60.0,0.0,60.0,8.57,Alto consumo
79298792,15,56.0,0.0,56.0,8.0,Alto consumo
79298793,16,20.0,0.0,20.0,2.86,Bajo consumo
79298795,17,50.0,10.0,60.0,8.57,Alto consumo
79300087,17,7.0,7.0,14.0,2.0,Bajo consumo
79303836,17,14.0,0.0,14.0,2.0,Bajo consumo
79304318,14,21.0,0.0,21.0,3.0,Bajo consumo
79308660,15,22.0,56.0,78.0,11.14,Alto consumo
79308666,17,21.0,0.0,21.0,3.0,Bajo consumo
79310519,15,35.0,0.0,35.0,5.0,Consumo medio
79312478,17,40.0,0.0,40.0,5.71,Consumo medio
79313413,17,10.0,42.0,52.0,7.43,Alto consumo
79320865,14,43.0,7.0,50.0,7.14,Alto consumo
79322361,13,20.0,50.0,70.0,10.0,Alto consumo
79322375,14,56.0,0.0,56.0,8.0,Alto consumo
79330398,15,40.0,20.0,60.0,8.57,Alto consumo
79344692,17,3.83,35.0,38.83,5.55,Consumo medio
79346005,13,40.0,0.0,40.0,5.71,Consumo medio
79346381,16,21.0,14.0,35.0,5.0,Consumo medio
79350189,13,28.0,14.0,42.0,6.0,Consumo medio
79350429,13,28.0,21.0,49.0,7.0,Alto consumo
79357443,15,14.0,0.0,14.0,2.0,Bajo consumo
79374271,15,9.17,15.17,24.34,3.48,Consumo medio
79381018,14,0.0,0.0,0.0,0.0,Bajo consumo
79388188,15,21.0,0.0,21.0,3.0,Bajo consumo
79390870,16,21.0,0.0,21.0,3.0,Bajo consumo
79400695,13,21.0,7.0,28.0,4.0,Consumo medio
79406608,17,9.5,0.0,9.5,1.36,Bajo consumo
79434098,13,14.0,0.0,14.0,2.0,Bajo consumo
79435696,13,60.0,0.0,60.0,8.57,Alto consumo
79467897,16,0.0,0.0,0.0,0.0,Bajo consumo
79480682,14,10.0,21.0,31.0,4.43,Consumo medio
79486156,14,28.0,10.83,38.83,5.55,Consumo medio
79496238,17,7.0,0.0,7.0,1.0,Bajo consumo
79496239,13,9.0,0.0,9.0,1.29,Bajo consumo
79496247,17,35.0,0.0,35.0,5.0,Consumo medio
79503445,16,14.0,0.0,14.0,2.0,Bajo consumo
79504086,13,21.0,0.0,21.0,3.0,Bajo consumo
79538459,16,21.0,14.0,35.0,5.0,Consumo medio
79541553,13,28.0,14.0,42.0,6.0,Consumo medio
79542525,15,35.0,20.0,55.0,7.86,Alto consumo
79542724,15,0.0,10.0,10.0,1.43,Bajo consumo
79543019,17,0.0,0.0,0.0,0.0,Bajo consumo
79549695,17,14.0,0.0,14.0,2.0,Bajo consumo
79551774,14,7.0,7.0,14.0,2.0,Bajo consumo
79568814,17,63.0,0.0,63.0,9.0,Alto consumo
79573830,15,35.0,0.0,35.0,5.0,Consumo medio
79573832,16,5.5,0.0,5.5,0.79,Bajo consumo
79589180,15,8.0,0.0,8.0,1.14,Bajo consumo
79589182,13,14.0,0.0,14.0,2.0,Bajo consumo
79591581,13,30.0,14.0,44.0,6.29,Alto consumo
79591583,14,14.0,3.5,17.5,2.5,Bajo consumo
79591639,17,64.0,14.0,78.0,11.14,Alto consumo
79592006,16,42.0,21.0,63.0,9.0,Alto consumo
79592010,13,3.5,0.0,3.5,0.5,Bajo consumo
79592013,15,35.0,0.0,35.0,5.0,Consumo medio
79593570,17,14.0,0.0,14.0,2.0,Bajo consumo
79593571,14,21.0,21.0,42.0,6.0,Consumo medio
79597323,13,7.0,0.0,7.0,1.0,Bajo consumo
79598832,15,14.0,0.0,14.0,2.0,Bajo consumo
79602319,14,14.0,0.0,14.0,2.0,Bajo consumo
79602320,17,19.0,0.0,19.0,2.71,Bajo consumo
79602322,15,7.0,0.0,7.0,1.0,Bajo consumo
79602607,17,15.0,7.0,22.0,3.14,Consumo medio
79603727,17,21.0,21.0,42.0,6.0,Consumo medio
79603728,14,21.0,0.0,21.0,3.0,Bajo consumo
79607659,14,28.0,42.0,70.0,10.0,Alto consumo
79607660,13,32.0,16.83,48.83,6.98,Alto consumo
79626352,17,28.0,21.0,49.0,7.0,Alto consumo
79639145,13,14.0,0.0,14.0,2.0,Bajo consumo
79647888,15,42.0,14.0,56.0,8.0,Alto consumo
79659788,15,8.0,0.0,8.0,1.14,Bajo consumo
79659795,16,21.0,0.0,21.0,3.0,Bajo consumo
79662365,16,14.0,0.0,14.0,2.0,Bajo consumo
79671161,15,21.0,0.0,21.0,3.0,Bajo consumo
79676164,14,28.0,0.0,28.0,4.0,Consumo medio
79677543,13,35.0,0.0,35.0,5.0,Consumo medio
79677544,17,35.0,0.0,35.0,5.0,Consumo medio
79677616,16,10.0,0.0,10.0,1.43,Bajo consumo
79677995,13,7.0,0.0,7.0,1.0,Bajo consumo
79679631,16,0.0,14.0,14.0,2.0,Bajo consumo
79680686,14,35.0,35.0,70.0,10.0,Alto consumo
79683191,14,7.0,42.0,49.0,7.0,Alto consumo
79683192,14,14.0,28.0,42.0,6.0,Consumo medio
79684532,16,28.0,28.0,56.0,8.0,Alto consumo
79684923,16,63.0,0.0,63.0,9.0,Alto consumo
79684927,13,70.0,0.0,70.0,10.0,Alto consumo
79685690,17,14.0,0.0,14.0,2.0,Bajo consumo
79690204,15,21.0,14.0,35.0,5.0,Consumo medio
79691720,14,48.0,0.0,48.0,6.86,Alto consumo
79696433,14,14.0,0.0,14.0,2.0,Bajo consumo
79698276,13,7.0,0.0,7.0,1.0,Bajo consumo
79699540,13,28.0,0.0,28.0,4.0,Consumo medio
79701176,15,8.0,2.33,10.33,1.48,Bajo consumo
79702779,16,21.0,12.0,33.0,4.71,Consumo medio
79724485,17,21.0,21.0,42.0,6.0,Consumo medio
79741392,14,7.0,0.0,7.0,1.0,Bajo consumo
79748635,13,28.0,0.0,28.0,4.0,Consumo medio
79754555,15,0.0,0.0,0.0,0.0,Bajo consumo
79754910,13,42.0,0.0,42.0,6.0,Consumo medio
79756403,17,25.0,14.0,39.0,5.57,Consumo medio
79767217,15,21.0,7.0,28.0,4.0,Consumo medio
79767218,15,14.0,7.0,21.0,3.0,Bajo consumo
79767222,13,21.0,7.0,28.0,4.0,Consumo medio
79769537,16,49.0,7.0,56.0,8.0,Alto consumo
79771884,16,35.0,14.0,49.0,7.0,Alto consumo
79772435,17,14.0,0.0,14.0,2.0,Bajo consumo
79776325,17,0.0,0.0,0.0,0.0,Bajo consumo
79776326,13,3.5,0.0,3.5,0.5,Bajo consumo
79776327,16,21.0,0.0,21.0,3.0,Bajo consumo
79777129,16,21.0,7.0,28.0,4.0,Consumo medio
79777131,14,11.83,7.0,18.83,2.69,Bajo consumo
79784873,13,28.0,0.0,28.0,4.0,Consumo medio
79789004,16,14.0,14.0,28.0,4.0,Consumo medio
79793086,17,21.0,14.0,35.0,5.0,Consumo medio
79794393,14,27.83,17.83,45.66,6.52,Alto consumo
79800545,14,14.0,16.0,30.0,4.29,Consumo medio
79807921,14,28.0,14.0,42.0,6.0,Consumo medio
79807922,13,16.5,16.5,33.0,4.71,Consumo medio
79807926,15,35.0,0.0,35.0,5.0,Consumo medio
79820085,13,35.0,7.0,42.0,6.0,Consumo medio
79828308,16,14.0,0.0,14.0,2.0,Bajo consumo
79845776,15,7.0,7.0,14.0,2.0,Bajo consumo
79845780,16,14.0,14.0,28.0,4.0,Consumo medio
79845794,16,54.0,7.0,61.0,8.71,Alto consumo
79849320,13,14.0,0.0,14.0,2.0,Bajo consumo
79852592,13,21.0,21.0,42.0,6.0,Consumo medio
79866463,13,42.0,28.0,70.0,10.0,Alto consumo
79867692,17,28.0,0.0,28.0,4.0,Consumo medio
79869556,13,25.83,25.83,51.66,7.38,Alto consumo
79870951,15,28.0,0.0,28.0,4.0,Consumo medio
79870954,15,14.0,14.0,28.0,4.0,Consumo medio
79870955,15,14.0,0.0,14.0,2.0,Bajo consumo
79871220,16,22.0,21.0,43.0,6.14,Alto consumo
79875099,13,30.0,0.0,30.0,4.29,Consumo medio
79885327,15,14.0,14.0,28.0,4.0,Consumo medio
79903671,14,42.0,0.0,42.0,6.0,Consumo medio
79903755,15,42.0,14.0,56.0,8.0,Alto consumo
79903759,15,10.0,7.0,17.0,2.43,Bajo consumo
79911112,14,14.0,0.0,14.0,2.0,Bajo consumo
79913172,17,0.0,0.0,0.0,0.0,Bajo consumo
79913173,14,35.0,14.0,49.0,7.0,Alto consumo
79934119,16,28.0,7.0,35.0,5.0,Consumo medio
79935208,17,14.0,0.0,14.0,2.0,Bajo consumo
79953368,13,28.0,28.0,56.0,8.0,Alto consumo
79954629,17,64.0,0.0,64.0,9.14,Alto consumo
79959830,15,14.0,0.0,14.0,2.0,Bajo consumo
79967183,15,14.0,0.0,14.0,2.0,Bajo consumo
79970317,13,21.0,0.0,21.0,3.0,Bajo consumo
79971255,14,84.0,0.0,84.0,12.0,Alto consumo
79971256,17,12.0,0.0,12.0,1.71,Bajo consumo
79971257,14,3.83,0.0,3.83,0.55,Bajo consumo
79974395,13,14.0,0.0,14.0,2.0,Bajo consumo
79975599,16,42.0,0.0,42.0,6.0,Consumo medio
79975723,16,28.0,21.0,49.0,7.0,Alto consumo
79976283,15,35.0,0.0,35.0,5.0,Consumo medio
79976712,16,7.0,0.0,7.0,1.0,Bajo consumo
80004367,16,35.0,0.0,35.0,5.0,Consumo medio
80007132,15,25.0,0.0,25.0,3.57,Consumo medio
80007139,13,21.0,21.0,42.0,6.0,Consumo medio
80013495,14,21.0,7.0,28.0,4.0,Consumo medio
80013496,16,21.0,28.0,49.0,7.0,Alto consumo
80014088,16,35.0,0.0,35.0,5.0,Consumo medio
80014299,17,14.0,7.0,21.0,3.0,Bajo consumo
80022857,17,21.0,0.0,21.0,3.0,Bajo consumo
80023346,14,15.0,0.0,15.0,2.14,Bajo consumo
80023349,15,51.0,0.0,51.0,7.29,Alto consumo
80025548,17,84.0,21.0,105.0,15.0,Alto consumo
80025752,17,0.0,0.0,0.0,0.0,Bajo consumo
80031539,15,70.0,14.0,84.0,12.0,Alto consumo
80038213,15,14.0,14.0,28.0,4.0,Consumo medio
80041357,16,14.0,7.0,21.0,3.0,Bajo consumo
80043186,16,50.0,7.0,57.0,8.14,Alto consumo
80045547,17,7.0,7.0,14.0,2.0,Bajo consumo
80048681,15,42.0,14.0,56.0,8.0,Alto consumo
80048683,15,7.0,7.0,14.0,2.0,Bajo consumo
80048684,13,35.0,0.0,35.0,5.0,Consumo medio
80048685,16,21.0,40.0,61.0,8.71,Alto consumo
80049247,17,21.0,21.0,42.0,6.0,Consumo medio
80049248,13,28.0,7.0,35.0,5.0,Consumo medio
80051852,14,7.0,14.0,21.0,3.0,Bajo consumo
80052845,13,14.0,42.0,56.0,8.0,Alto consumo
80059480,17,0.0,0.0,0.0,0.0,Bajo consumo
80065624,13,24.0,0.0,24.0,3.43,Consumo medio
80072396,14,35.0,0.0,35.0,5.0,Consumo medio
80072673,15,42.0,0.0,42.0,6.0,Consumo medio
80074331,16,56.0,14.0,70.0,10.0,Alto consumo
80074334,16,56.0,28.0,84.0,12.0,Alto consumo
80089373,15,28.0,0.0,28.0,4.0,Consumo medio
80089375,13,11.0,5.83,16.83,2.4,Bajo consumo
80115998,16,80.0,0.0,80.0,11.43,Alto consumo
80118782,13,14.0,0.0,14.0,2.0,Bajo consumo
80119710,16,35.0,35.0,70.0,10.0,Alto consumo
80121606,13,21.0,16.0,37.0,5.29,Consumo medio
80151267,15,28.0,0.0,28.0,4.0,Consumo medio
80151270,13,28.0,0.0,28.0,4.0,Consumo medio
80153072,16,20.0,0.0,20.0,2.86,Bajo consumo
80154249,15,14.0,21.0,35.0,5.0,Consumo medio
80159277,17,70.0,0.0,70.0,10.0,Alto consumo
80189212,14,3.83,0.0,3.83,0.55,Bajo consumo
80204039,15,7.0,7.0,14.0,2.0,Bajo consumo
80207093,17,56.0,0.0,56.0,8.0,Alto consumo
80215734,16,42.0,14.0,56.0,8.0,Alto consumo
80220506,14,35.0,0.0,35.0,5.0,Consumo medio
80242848,15,28.0,0.0,28.0,4.0,Consumo medio
80243290,13,28.0,3.5,31.5,4.5,Consumo medio
80243297,14,3.5,0.0,3.5,0.5,Bajo consumo
80245294,17,30.0,20.0,50.0,7.14,Alto consumo
80246472,15,14.0,0.0,14.0,2.0,Bajo consumo
80246922,16,21.0,7.0,28.0,4.0,Consumo medio
80248925,18,44.17,0.0,44.17,6.31,Alto consumo
80266555,17,42.0,14.0,56.0,8.0,Alto consumo
80266559,14,42.0,0.0,42.0,6.0,Consumo medio
80268332,13,0.0,0.0,0.0,0.0,Bajo consumo
80268334,16,35.0,0.0,35.0,5.0,Consumo medio
80274973,13,21.0,7.0,28.0,4.0,Consumo medio
80277326,15,35.0,0.0,35.0,5.0,Consumo medio
80278914,14,24.0,0.0,24.0,3.43,Consumo medio
80285413,15,21.0,10.5,31.5,4.5,Consumo medio
80289958,14,30.0,0.0,30.0,4.29,Consumo medio
80302175,16,112.0,0.0,112.0,16.0,Alto consumo
80302176,13,30.0,0.0,30.0,4.29,Consumo medio
80303335,15,7.0,0.0,7.0,1.0,Bajo consumo
80303337,13,14.0,0.0,14.0,2.0,Bajo consumo
80304430,16,7.0,7.0,14.0,2.0,Bajo consumo
80311131,13,21.0,7.0,28.0,4.0,Consumo medio
80311619,16,28.0,28.0,56.0,8.0,Alto consumo
80312123,16,7.0,0.0,7.0,1.0,Bajo consumo
80312125,15,0.0,0.0,0.0,0.0,Bajo consumo
80315582,15,17.0,10.0,27.0,3.86,Consumo medio
80322520,15,7.0,0.0,7.0,1.0,Bajo consumo
80322772,16,20.0,0.0,20.0,2.86,Bajo consumo
80322776,14,16.0,0.0,16.0,2.29,Bajo consumo
80325977,15,42.0,7.0,49.0,7.0,Alto consumo
80330750,14,15.0,15.0,30.0,4.29,Consumo medio
80337243,13,25.0,7.0,32.0,4.57,Consumo medio
80337760,16,20.0,7.0,27.0,3.86,Consumo medio
80337984,17,14.0,0.0,14.0,2.0,Bajo consumo
80347951,13,25.0,0.0,25.0,3.57,Consumo medio
80362713,13,14.0,0.0,14.0,2.0,Bajo consumo
80367105,16,42.0,0.0,42.0,6.0,Consumo medio
80371684,13,7.0,0.0,7.0,1.0,Bajo consumo
80373239,17,21.0,0.0,21.0,3.0,Bajo consumo
80386100,17,25.0,20.0,45.0,6.43,Alto consumo
80386957,17,35.0,14.0,49.0,7.0,Alto consumo
80389133,17,7.0,7.0,14.0,2.0,Bajo consumo
80389540,15,0.0,0.0,0.0,0.0,Bajo consumo
80390119,13,30.0,0.0,30.0,4.29,Consumo medio
80405760,15,14.0,0.0,14.0,2.0,Bajo consumo
80412529,13,19.0,7.0,26.0,3.71,Consumo medio
80412530,15,28.0,14.0,42.0,6.0,Consumo medio
80415216,14,10.0,0.0,10.0,1.43,Bajo consumo
80415223,16,,,,,
80427615,14,14.0,7.0,21.0,3.0,Bajo consumo
80428196,13,28.0,0.0,28.0,4.0,Consumo medio
80428672,13,7.0,7.0,14.0,2.0,Bajo consumo
80428673,13,35.0,7.0,42.0,6.0,Consumo medio
80428674,16,28.0,14.0,42.0,6.0,Consumo medio
80428957,13,7.0,21.0,28.0,4.0,Consumo medio
80442907,14,14.0,0.0,14.0,2.0,Bajo consumo
80442910,13,28.0,11.0,39.0,5.57,Consumo medio
80442914,14,84.0,28.0,112.0,16.0,Alto consumo
80445629,16,14.0,7.0,21.0,3.0,Bajo consumo
80449202,17,14.0,0.0,14.0,2.0,Bajo consumo
80456535,16,17.5,3.5,21.0,3.0,Bajo consumo
80481164,15,14.0,14.0,28.0,4.0,Consumo medio
80498123,16,70.0,0.0,70.0,10.0,Alto consumo
80502327,15,15.0,0.0,15.0,2.14,Bajo consumo
80502328,16,30.0,0.0,30.0,4.29,Consumo medio
80503382,17,56.0,7.0,63.0,9.0,Alto consumo
80503384,17,7.0,7.0,14.0,2.0,Bajo consumo
80504159,13,12.0,0.0,12.0,1.71,Bajo consumo
80505298,15,36.0,21.0,57.0,8.14,Alto consumo
80505299,13,56.0,0.0,56.0,8.0,Alto consumo
80505949,14,7.0,7.0,14.0,2.0,Bajo consumo
80506674,15,28.0,0.0,28.0,4.0,Consumo medio
80507986,13,28.0,14.0,42.0,6.0,Consumo medio
80507989,17,30.0,0.0,30.0,4.29,Consumo medio
80511956,16,10.0,0.0,10.0,1.43,Bajo consumo
80514607,13,7.0,0.0,7.0,1.0,Bajo consumo
80514610,14,0.0,0.0,0.0,0.0,Bajo consumo
80515364,13,14.0,0.0,14.0,2.0,Bajo consumo
80515366,16,70.0,0.0,70.0,10.0,Alto consumo
80520346,15,7.0,3.5,10.5,1.5,Bajo consumo
80520347,14,7.0,42.0,49.0,7.0,Alto consumo
80531017,16,28.0,0.0,28.0,4.0,Consumo medio
80531019,17,35.0,0.0,35.0,5.0,Consumo medio
80531020,16,0.0,0.0,0.0,0.0,Bajo consumo
80531022,16,42.0,0.0,42.0,6.0,Consumo medio
80536077,15,70.0,0.0,70.0,10.0,Alto consumo
80537792,14,24.0,0.0,24.0,3.43,Consumo medio
80554551,15,12.0,0.0,12.0,1.71,Bajo consumo
80554554,15,17.5,2.33,19.83,2.83,Bajo consumo
80555784,14,,,,,
80581320,14,7.0,0.0,7.0,1.0,Bajo consumo
80584081,14,21.0,0.0,21.0,3.0,Bajo consumo
80587214,15,21.0,0.0,21.0,3.0,Bajo consumo
80587225,17,35.0,14.0,49.0,7.0,Alto consumo
80589550,13,42.0,28.0,70.0,10.0,Alto consumo
80590291,16,14.0,0.0,14.0,2.0,Bajo consumo
80590620,17,10.0,35.0,45.0,6.43,Alto consumo
80592588,17,21.0,0.0,21.0,3.0,Bajo consumo
80592590,14,21.0,0.0,21.0,3.0,Bajo consumo
80597889,13,21.0,0.0,21.0,3.0,Bajo consumo
80599933,17,7.0,0.0,7.0,1.0,Bajo consumo
80605959,16,21.0,0.0,21.0,3.0,Bajo consumo
80605960,17,14.0,0.0,14.0,2.0,Bajo consumo
80605967,14,28.0,0.0,28.0,4.0,Consumo medio
80609354,14,7.0,14.0,21.0,3.0,Bajo consumo
80612639,16,21.0,28.0,49.0,7.0,Alto consumo
80618862,16,84.0,0.0,84.0,12.0,Alto consumo
80629331,15,7.0,0.0,7.0,1.0,Bajo consumo
80633120,13,42.0,0.0,42.0,6.0,Consumo medio
80633122,16,16.0,0.0,16.0,2.29,Bajo consumo
80634942,13,35.0,0.0,35.0,5.0,Consumo medio
80638118,14,42.0,0.0,42.0,6.0,Consumo medio
80642772,14,14.0,28.0,42.0,6.0,Consumo medio
80659608,13,3.5,3.5,7.0,1.0,Bajo consumo
80663740,15,28.0,7.0,35.0,5.0,Consumo medio
80664588,17,14.0,0.0,14.0,2.0,Bajo consumo
80667915,17,7.0,0.0,7.0,1.0,Bajo consumo
80674492,13,9.0,0.0,9.0,1.29,Bajo consumo
80674493,13,28.0,0.0,28.0,4.0,Consumo medio
80675185,14,14.0,0.0,14.0,2.0,Bajo consumo
80679049,13,9.0,1.75,10.75,1.54,Bajo consumo
80679974,16,10.0,0.0,10.0,1.43,Bajo consumo
80679976,17,7.0,0.0,7.0,1.0,Bajo consumo
80686644,15,14.0,0.0,14.0,2.0,Bajo consumo
80687769,14,7.0,0.0,7.0,1.0,Bajo consumo
80724218,17,14.0,14.0,28.0,4.0,Consumo medio
80734490,13,14.0,14.0,28.0,4.0,Consumo medio
80750165,16,28.0,0.0,28.0,4.0,Consumo medio
80750167,17,40.0,0.0,40.0,5.71,Consumo medio
80750168,17,21.0,0.0,21.0,3.0,Bajo consumo
80751067,13,21.0,21.0,42.0,6.0,Consumo medio
80752222,15,21.0,0.0,21.0,3.0,Bajo consumo
80752226,13,17.83,0.0,17.83,2.55,Bajo consumo
80752355,14,14.0,0.0,14.0,2.0,Bajo consumo
80762075,13,10.0,7.0,17.0,2.43,Bajo consumo
80796119,16,10.0,,,,
80797456,15,27.0,0.0,27.0,3.86,Consumo medio
80805562,17,17.5,3.5,21.0,3.0,Bajo consumo
80812763,17,50.0,15.0,65.0,9.29,Alto consumo
80821801,14,35.0,28.0,63.0,9.0,Alto consumo
80821803,15,28.0,0.0,28.0,4.0,Consumo medio
80823301,16,14.0,0.0,14.0,2.0,Bajo consumo
80823302,14,7.0,0.0,7.0,1.0,Bajo consumo
80823307,16,14.0,0.0,14.0,2.0,Bajo consumo
80823309,15,21.0,0.0,21.0,3.0,Bajo consumo
80829269,14,0.0,0.0,0.0,0.0,Bajo consumo
80841555,16,14.0,,,,
80841619,17,70.0,7.0,77.0,11.0,Alto consumo
80843543,14,42.0,0.0,42.0,6.0,Consumo medio
80845746,15,42.0,7.0,49.0,7.0,Alto consumo
80852211,16,14.0,21.0,35.0,5.0,Consumo medio
80858992,13,20.0,0.0,20.0,2.86,Bajo consumo
80861895,14,56.0,0.0,56.0,8.0,Alto consumo
80861932,13,30.0,21.0,51.0,7.29,Alto consumo
80872821,14,14.0,40.0,54.0,7.71,Alto consumo
80874396,17,,,,,
80876555,17,15.0,7.0,22.0,3.14,Consumo medio
80876556,13,15.17,0.0,15.17,2.17,Bajo consumo
80880697,14,16.0,,,,
80897753,16,7.0,9.0,16.0,2.29,Bajo consumo
80901204,16,38.0,35.0,73.0,10.43,Alto consumo
80901205,15,63.0,0.0,63.0,9.0,Alto consumo
80901206,17,3.5,0.0,3.5,0.5,Bajo consumo
80906961,17,14.0,0.0,14.0,2.0,Bajo consumo
80908585,13,21.0,7.0,28.0,4.0,Consumo medio
80910890,15,7.0,0.0,7.0,1.0,Bajo consumo
80916055,17,3.5,0.0,3.5,0.5,Bajo consumo
80921961,16,14.0,7.0,21.0,3.0,Bajo consumo
80930577,15,14.0,0.0,14.0,2.0,Bajo consumo
80930580,17,56.0,14.0,70.0,10.0,Alto consumo
80935569,16,21.0,28.0,49.0,7.0,Alto consumo
80938330,15,20.0,0.0,20.0,2.86,Bajo consumo
80940169,15,28.0,10.0,38.0,5.43,Consumo medio
80944172,14,56.0,0.0,56.0,8.0,Alto consumo
80949065,13,7.0,3.5,10.5,1.5,Bajo consumo
80949197,17,21.0,0.0,21.0,3.0,Bajo consumo
80949200,17,14.0,14.0,28.0,4.0,Consumo medio
80979973,17,50.0,10.0,60.0,8.57,Alto consumo
80980672,14,35.0,42.0,77.0,11.0,Alto consumo
80983795,16,43.0,0.0,43.0,6.14,Alto consumo
80988680,13,70.0,0.0,70.0,10.0,Alto consumo
80990426,14,7.0,3.5,10.5,1.5,Bajo consumo
80991001,17,14.0,0.0,14.0,2.0,Bajo consumo
80991797,13,28.0,21.0,49.0,7.0,Alto consumo
80993512,16,28.0,0.0,28.0,4.0,Consumo medio
80993514,13,8.0,0.0,8.0,1.14,Bajo consumo
80996752,17,84.0,14.0,98.0,14.0,Alto consumo
81002696,14,21.0,0.0,21.0,3.0,Bajo consumo
81006127,14,14.0,14.0,28.0,4.0,Consumo medio
81016672,16,70.0,70.0,140.0,20.0,Alto consumo
81016673,16,14.0,0.0,14.0,2.0,Bajo consumo
81016674,14,14.0,0.0,14.0,2.0,Bajo consumo
81021883,16,49.0,0.0,49.0,7.0,Alto consumo
81022044,13,21.0,7.0,28.0,4.0,Consumo medio
81022045,13,21.0,0.0,21.0,3.0,Bajo consumo
81024647,15,42.0,0.0,42.0,6.0,Consumo medio
81027644,16,42.0,0.0,42.0,6.0,Consumo medio
81028826,16,7.0,35.0,42.0,6.0,Consumo medio
81033951,17,10.0,0.0,10.0,1.43,Bajo consumo
81037349,15,91.0,0.0,91.0,13.0,Alto consumo
81038619,15,28.0,14.0,42.0,6.0,Consumo medio
81038620,16,21.0,0.0,21.0,3.0,Bajo consumo
81040227,17,63.0,0.0,63.0,9.0,Alto consumo
81049379,16,21.0,14.0,35.0,5.0,Consumo medio
81080223,16,16.0,15.0,31.0,4.43,Consumo medio
81087777,17,11.0,0.0,11.0,1.57,Bajo consumo
81088610,15,35.0,8.0,43.0,6.14,Alto consumo
81097914,14,7.0,7.0,14.0,2.0,Bajo consumo
81101532,16,25.0,0.0,25.0,3.57,Consumo medio
81106661,14,7.0,0.0,7.0,1.0,Bajo consumo
81107009,15,56.0,14.0,70.0,10.0,Alto consumo
81108221,15,28.0,0.0,28.0,4.0,Consumo medio
81122815,15,35.0,0.0,35.0,5.0,Consumo medio
81133241,14,14.0,0.0,14.0,2.0,Bajo consumo
81134074,13,14.0,0.0,14.0,2.0,Bajo consumo
81134241,14,35.0,0.0,35.0,5.0,Consumo medio
81134243,17,70.0,0.0,70.0,10.0,Alto consumo
81136131,13,42.0,21.0,63.0,9.0,Alto consumo
81136843,14,,0.0,,,
81142877,17,70.0,0.0,70.0,10.0,Alto consumo
81144386,14,28.0,7.0,35.0,5.0,Consumo medio
81146447,17,35.0,0.0,35.0,5.0,Consumo medio
81164923,15,50.0,0.0,50.0,7.14,Alto consumo
81167624,18,21.0,3.5,24.5,3.5,Consumo medio
81169463,16,7.0,0.0,7.0,1.0,Bajo consumo
81188279,14,25.0,28.0,53.0,7.57,Alto consumo
81204246,16,29.0,0.0,29.0,4.14,Consumo medio
81205324,17,14.0,0.0,14.0,2.0,Bajo consumo
81211873,15,14.0,14.0,28.0,4.0,Consumo medio
81219774,15,40.0,7.0,47.0,6.71,Alto consumo
81225436,13,21.0,14.0,35.0,5.0,Consumo medio
81225573,14,35.0,0.0,35.0,5.0,Consumo medio
81225624,17,7.0,0.0,7.0,1.0,Bajo consumo
81229546,16,26.0,0.0,26.0,3.71,Consumo medio
81241782,15,35.0,14.0,49.0,7.0,Alto consumo
81241783,17,70.0,14.0,84.0,12.0,Alto consumo
81241784,13,49.0,0.0,49.0,7.0,Alto consumo
81246977,14,14.0,0.0,14.0,2.0,Bajo consumo
81268388,14,14.0,0.0,14.0,2.0,Bajo consumo
81268389,15,42.0,0.0,42.0,6.0,Consumo medio
81271580,17,18.0,0.0,18.0,2.57,Bajo consumo
81282101,16,36.0,0.0,36.0,5.14,Consumo medio
81282102,14,14.0,0.0,14.0,2.0,Bajo consumo
81290029,14,28.0,0.0,28.0,4.0,Consumo medio
81311184,16,0.0,0.0,0.0,0.0,Bajo consumo
81313170,14,21.0,5.25,26.25,3.75,Consumo medio
81315834,14,7.0,14.0,21.0,3.0,Bajo consumo
81317816,17,63.0,63.0,126.0,18.0,Alto consumo
81341027,14,30.0,0.0,30.0,4.29,Consumo medio
81341030,16,17.5,0.0,17.5,2.5,Bajo consumo
81360999,16,0.0,0.0,0.0,0.0,Bajo consumo
81371529,14,35.0,14.0,49.0,7.0,Alto consumo
81383087,14,7.0,7.0,14.0,2.0,Bajo consumo
81383088,14,24.0,0.0,24.0,3.43,Consumo medio
81383207,15,7.0,0.0,7.0,1.0,Bajo consumo
81383208,15,7.0,21.0,28.0,4.0,Consumo medio
81395138,16,40.0,7.0,47.0,6.71,Alto consumo
81406897,17,10.0,0.0,10.0,1.43,Bajo consumo
81407991,13,14.0,28.0,42.0,6.0,Consumo medio
81443826,13,35.0,0.0,35.0,5.0,Consumo medio
81450217,17,70.0,0.0,70.0,10.0,Alto consumo
81451831,15,14.0,0.0,14.0,2.0,Bajo consumo
81455967,17,8.0,0.0,8.0,1.14,Bajo consumo
81470960,14,14.0,0.0,14.0,2.0,Bajo consumo
81481149,14,7.0,0.0,7.0,1.0,Bajo consumo
81484447,17,25.0,0.0,25.0,3.57,Consumo medio
81489801,14,35.0,14.0,49.0,7.0,Alto consumo
81490626,17,14.0,0.0,14.0,2.0,Bajo consumo
81490627,13,35.0,21.0,56.0,8.0,Alto consumo
81492910,16,42.0,3.5,45.5,6.5,Alto consumo
81495622,14,70.0,0.0,70.0,10.0,Alto consumo
81496726,15,14.0,0.0,14.0,2.0,Bajo consumo
81497615,13,21.0,0.0,21.0,3.0,Bajo consumo
81497616,14,28.0,0.0,28.0,4.0,Consumo medio
81500621,13,21.0,0.0,21.0,3.0,Bajo consumo
81504589,13,70.0,3.5,73.5,10.5,Alto consumo
81504590,13,35.0,0.0,35.0,5.0,Consumo medio
81505149,17,56.0,36.0,92.0,13.14,Alto consumo
81506095,15,42.0,0.0,42.0,6.0,Consumo medio
81507247,16,28.0,28.0,56.0,8.0,Alto consumo
81510705,17,16.0,0.0,16.0,2.29,Bajo consumo
81511035,14,14.0,,,,
81511036,15,14.0,14.0,28.0,4.0,Consumo medio
81511060,14,30.0,30.0,60.0,8.57,Alto consumo
81511068,13,70.0,78.0,148.0,21.14,Alto consumo
81529252,15,42.0,42.0,84.0,12.0,Alto consumo
81531923,15,50.0,25.0,75.0,10.71,Alto consumo
81531929,17,0.0,0.0,0.0,0.0,Bajo consumo
81533759,17,70.0,14.0,84.0,12.0,Alto consumo
81533761,14,28.0,28.0,56.0,8.0,Alto consumo
81533764,13,3.5,3.5,7.0,1.0,Bajo consumo
81542775,15,42.0,0.0,42.0,6.0,Consumo medio
81546418,16,21.0,0.0,21.0,3.0,Bajo consumo
81547495,14,8.0,14.0,22.0,3.14,Consumo medio
81558709,17,21.0,0.0,21.0,3.0,Bajo consumo
81558710,13,21.0,0.0,21.0,3.0,Bajo consumo
81566060,15,42.0,14.0,56.0,8.0,Alto consumo
81567309,15,21.0,0.0,21.0,3.0,Bajo consumo
81570538,13,21.0,7.0,28.0,4.0,Consumo medio
81574180,16,14.0,14.0,28.0,4.0,Consumo medio
81578017,15,28.0,28.0,56.0,8.0,Alto consumo
81581092,16,7.0,7.0,14.0,2.0,Bajo consumo
81581211,17,35.0,0.0,35.0,5.0,Consumo medio
81581212,17,35.0,14.0,49.0,7.0,Alto consumo
81582817,13,14.0,0.0,14.0,2.0,Bajo consumo
81586676,15,7.0,0.0,7.0,1.0,Bajo consumo
81588117,14,14.0,0.0,14.0,2.0,Bajo consumo
81588302,15,35.0,0.0,35.0,5.0,Consumo medio
81592027,16,8.5,0.0,8.5,1.21,Bajo consumo
81596754,16,28.0,21.0,49.0,7.0,Alto consumo
81604965,15,14.0,7.0,21.0,3.0,Bajo consumo
81622734,14,50.0,0.0,50.0,7.14,Alto consumo
81633097,16,7.0,0.0,7.0,1.0,Bajo consumo
81634507,15,21.0,0.0,21.0,3.0,Bajo consumo
81634510,14,14.0,0.0,14.0,2.0,Bajo consumo
81640080,15,13.83,0.0,13.83,1.98,Bajo consumo
81643223,16,21.0,7.0,28.0,4.0,Consumo medio
81644988,13,35.0,0.0,35.0,5.0,Consumo medio
81646828,16,70.0,7.0,77.0,11.0,Alto consumo
81650331,13,14.0,0.0,14.0,2.0,Bajo consumo
81650339,15,14.0,0.0,14.0,2.0,Bajo consumo
81655331,16,21.0,0.0,21.0,3.0,Bajo consumo
81669584,17,49.0,0.0,49.0,7.0,Alto consumo
81673800,17,14.0,0.0,14.0,2.0,Bajo consumo
81673803,16,14.0,0.0,14.0,2.0,Bajo consumo
81675892,15,14.0,0.0,14.0,2.0,Bajo consumo
81676376,14,28.0,7.0,35.0,5.0,Consumo medio
81677068,15,14.0,0.0,14.0,2.0,Bajo consumo
81677125,13,42.0,0.0,42.0,6.0,Consumo medio
81677517,14,7.0,1.17,8.17,1.17,Bajo consumo
81678831,13,21.0,15.0,36.0,5.14,Consumo medio
81679459,14,42.0,7.0,49.0,7.0,Alto consumo
81681124,13,36.0,0.0,36.0,5.14,Consumo medio
81682483,15,28.0,0.0,28.0,4.0,Consumo medio
81682749,13,7.0,7.0,14.0,2.0,Bajo consumo
81693010,13,70.0,21.0,91.0,13.0,Alto consumo
81695548,14,7.0,7.0,14.0,2.0,Bajo consumo
81698108,17,14.0,20.0,34.0,4.86,Consumo medio
81701810,17,54.0,14.0,68.0,9.71,Alto consumo
81701811,13,0.0,0.0,0.0,0.0,Bajo consumo
81713740,15,21.0,0.0,21.0,3.0,Bajo consumo
81718783,13,20.0,10.0,30.0,4.29,Consumo medio
81739241,16,10.0,21.0,31.0,4.43,Consumo medio
81739242,17,35.0,14.0,49.0,7.0,Alto consumo
81762910,13,14.0,14.0,28.0,4.0,Consumo medio
81764905,17,14.0,0.0,14.0,2.0,Bajo consumo
81779576,14,21.0,21.0,42.0,6.0,Consumo medio
81779578,14,7.0,14.0,21.0,3.0,Bajo consumo
81783790,16,35.0,14.0,49.0,7.0,Alto consumo
81783791,16,35.0,0.0,35.0,5.0,Consumo medio
81793568,17,14.0,0.0,14.0,2.0,Bajo consumo
81793569,15,12.0,14.0,26.0,3.71,Consumo medio
81793575,15,8.0,8.0,16.0,2.29,Bajo consumo
81794764,17,42.0,7.0,49.0,7.0,Alto consumo
81794767,15,7.0,7.0,14.0,2.0,Bajo consumo
81794769,14,21.0,9.0,30.0,4.29,Consumo medio
81794770,17,14.0,15.0,29.0,4.14,Consumo medio
81798718,14,7.0,7.0,14.0,2.0,Bajo consumo
81799475,16,35.0,35.0,70.0,10.0,Alto consumo
81801575,17,70.0,7.0,77.0,11.0,Alto consumo
81802352,14,40.0,0.0,40.0,5.71,Consumo medio
81802501,13,14.0,35.0,49.0,7.0,Alto consumo
81821648,14,7.0,49.0,56.0,8.0,Alto consumo
81825447,14,21.0,0.0,21.0,3.0,Bajo consumo
81838573,16,7.0,0.0,7.0,1.0,Bajo consumo
81861692,15,35.0,0.0,35.0,5.0,Consumo medio
81870318,14,28.0,3.5,31.5,4.5,Consumo medio
81872245,15,21.0,7.0,28.0,4.0,Consumo medio
81872247,17,8.5,7.0,15.5,2.21,Bajo consumo
81882245,13,44.0,0.0,44.0,6.29,Alto consumo
81893395,16,21.0,0.0,21.0,3.0,Bajo consumo
81893396,17,,,,,
81896047,16,21.0,14.0,35.0,5.0,Consumo medio
81903014,13,10.0,0.0,10.0,1.43,Bajo consumo
81903016,17,42.0,0.0,42.0,6.0,Consumo medio
81920683,16,49.0,0.0,49.0,7.0,Alto consumo
81923615,13,32.0,16.0,48.0,6.86,Alto consumo
81927575,14,14.0,7.0,21.0,3.0,Bajo consumo
81930520,13,0.0,28.0,28.0,4.0,Consumo medio
81937373,13,15.0,0.0,15.0,2.14,Bajo consumo
81946129,13,28.0,0.0,28.0,4.0,Consumo medio
81946449,14,0.0,21.0,21.0,3.0,Bajo consumo
81948117,15,14.0,14.0,28.0,4.0,Consumo medio
81950977,13,12.0,14.0,26.0,3.71,Consumo medio
81969004,16,35.0,28.0,63.0,9.0,Alto consumo
81969007,14,21.0,28.0,49.0,7.0,Alto consumo
81973972,14,7.0,0.0,7.0,1.0,Bajo consumo
81993941,16,40.0,15.0,55.0,7.86,Alto consumo
82006903,16,14.0,7.0,21.0,3.0,Bajo consumo
82011392,16,21.0,0.0,21.0,3.0,Bajo consumo
82012846,14,42.0,42.0,84.0,12.0,Alto consumo
82030117,15,35.0,21.0,56.0,8.0,Alto consumo
82040115,14,42.0,0.0,42.0,6.0,Consumo medio
82074958,14,42.0,7.0,49.0,7.0,Alto consumo
82105322,14,35.0,0.0,35.0,5.0,Consumo medio
82113196,13,7.0,19.83,26.83,3.83,Consumo medio
82114081,15,14.0,14.0,28.0,4.0,Consumo medio
82116542,16,0.0,0.0,0.0,0.0,Bajo consumo
82117171,15,14.0,0.0,14.0,2.0,Bajo consumo
82124234,13,28.0,0.0,28.0,4.0,Consumo medio
82125399,16,35.0,14.0,49.0,7.0,Alto consumo
82136322,16,9.0,0.0,9.0,1.29,Bajo consumo
82141549,16,70.0,21.0,91.0,13.0,Alto consumo
82144795,14,35.0,0.0,35.0,5.0,Consumo medio
82153123,17,14.0,0.0,14.0,2.0,Bajo consumo
82156203,15,42.0,0.0,42.0,6.0,Consumo medio
82161279,16,31.83,0.0,31.83,4.55,Consumo medio
82161595,17,21.0,15.0,36.0,5.14,Consumo medio
82161760,15,42.0,43.0,85.0,12.14,Alto consumo
82169003,13,14.0,14.0,28.0,4.0,Consumo medio
82185512,14,28.0,7.0,35.0,5.0,Consumo medio
82192572,15,50.0,0.0,50.0,7.14,Alto consumo
82193416,14,35.0,21.0,56.0,8.0,Alto consumo
82199533,14,7.0,0.0,7.0,1.0,Bajo consumo
82207009,14,28.0,14.0,42.0,6.0,Consumo medio
82207160,14,28.0,0.0,28.0,4.0,Consumo medio
82207162,17,0.0,0.0,0.0,0.0,Bajo consumo
82207804,17,14.0,0.0,14.0,2.0,Bajo consumo
82210563,17,28.0,3.5,31.5,4.5,Consumo medio
82210568,13,40.0,3.5,43.5,6.21,Alto consumo
82216312,16,84.0,42.0,126.0,18.0,Alto consumo
82218009,16,49.0,14.0,63.0,9.0,Alto consumo
82227569,15,7.0,7.0,14.0,2.0,Bajo consumo
82228425,14,29.0,0.0,29.0,4.14,Consumo medio
82231265,14,21.0,0.0,21.0,3.0,Bajo consumo
82234705,15,35.0,10.0,45.0,6.43,Alto consumo
82240469,16,21.0,0.0,21.0,3.0,Bajo consumo
82240557,17,14.0,0.0,14.0,2.0,Bajo consumo
82241889,14,28.0,21.0,49.0,7.0,Alto consumo
82242763,16,35.0,2.33,37.33,5.33,Consumo medio
82242764,16,14.0,3.83,17.83,2.55,Bajo consumo
82242767,16,7.0,0.0,7.0,1.0,Bajo consumo
82243763,15,35.0,9.17,44.17,6.31,Alto consumo
82243765,15,14.0,14.0,28.0,4.0,Consumo medio
82249782,13,35.0,7.0,42.0,6.0,Consumo medio
82250298,14,0.0,0.0,0.0,0.0,Bajo consumo
82272374,16,48.0,7.0,55.0,7.86,Alto consumo
82275922,15,14.0,0.0,14.0,2.0,Bajo consumo
82275927,14,70.0,0.0,70.0,10.0,Alto consumo
82279660,15,14.0,14.0,28.0,4.0,Consumo medio
82283514,16,70.0,0.0,70.0,10.0,Alto consumo
82286367,15,35.0,0.0,35.0,5.0,Consumo medio
82286371,16,35.0,14.0,49.0,7.0,Alto consumo
82286633,17,0.0,0.0,0.0,0.0,Bajo consumo
82297699,17,28.0,0.0,28.0,4.0,Consumo medio
82299775,17,50.0,0.0,50.0,7.14,Alto consumo
82308725,17,21.0,0.0,21.0,3.0,Bajo consumo
82319303,16,12.0,11.0,23.0,3.29,Consumo medio
82320315,16,42.0,42.0,84.0,12.0,Alto consumo
82325227,14,15.0,20.0,35.0,5.0,Consumo medio
82325228,13,19.0,0.0,19.0,2.71,Bajo consumo
82329872,14,10.0,0.0,10.0,1.43,Bajo consumo
82331628,16,21.0,15.0,36.0,5.14,Consumo medio
82336780,13,42.0,0.0,42.0,6.0,Consumo medio
82337933,16,35.0,0.0,35.0,5.0,Consumo medio
82344231,15,21.0,0.0,21.0,3.0,Bajo consumo
82344526,14,28.0,28.0,56.0,8.0,Alto consumo
82345553,17,45.0,12.0,57.0,8.14,Alto consumo
82345555,15,30.0,14.0,44.0,6.29,Alto consumo
82345874,15,14.0,14.0,28.0,4.0,Consumo medio
82350313,14,56.0,0.0,56.0,8.0,Alto consumo
82350314,16,28.0,0.0,28.0,4.0,Consumo medio
82350598,15,14.0,7.0,21.0,3.0,Bajo consumo
82353338,13,14.0,21.0,35.0,5.0,Consumo medio
82370056,15,42.0,0.0,42.0,6.0,Consumo medio
82376819,17,21.0,7.0,28.0,4.0,Consumo medio
82377413,14,14.0,14.0,28.0,4.0,Consumo medio
82380584,16,9.0,9.0,18.0,2.57,Bajo consumo
82387563,15,30.0,7.0,37.0,5.29,Consumo medio
82391315,15,28.0,15.17,43.17,6.17,Alto consumo
82392097,16,15.0,42.0,57.0,8.14,Alto consumo
82393348,15,21.0,0.0,21.0,3.0,Bajo consumo
82407547,16,14.0,0.0,14.0,2.0,Bajo consumo
82407855,13,28.0,28.0,56.0,8.0,Alto consumo
82411627,16,28.0,14.0,42.0,6.0,Consumo medio
82411823,13,14.0,0.0,14.0,2.0,Bajo consumo
82412612,15,35.0,8.0,43.0,6.14,Alto consumo
82412613,13,0.0,12.0,12.0,1.71,Bajo consumo
82428490,16,35.0,0.0,35.0,5.0,Consumo medio
82431443,16,21.0,0.0,21.0,3.0,Bajo consumo
82435692,15,21.0,21.0,42.0,6.0,Consumo medio
82439026,17,14.0,0.0,14.0,2.0,Bajo consumo
82439280,13,7.0,28.0,35.0,5.0,Consumo medio
82440822,15,34.0,28.0,62.0,8.86,Alto consumo
82456730,15,42.0,0.0,42.0,6.0,Consumo medio
82458769,14,35.0,0.0,35.0,5.0,Consumo medio
82461411,13,15.0,0.0,15.0,2.14,Bajo consumo
82483840,15,35.0,14.0,49.0,7.0,Alto consumo
82484229,14,14.0,14.0,28.0,4.0,Consumo medio
82495395,17,28.0,0.0,28.0,4.0,Consumo medio
82495558,17,32.0,20.0,52.0,7.43,Alto consumo
82501090,17,42.0,0.0,42.0,6.0,Consumo medio
82510167,16,7.0,0.0,7.0,1.0,Bajo consumo
82511999,15,,,,,
82512000,15,14.0,0.0,14.0,2.0,Bajo consumo
82519649,15,28.0,0.0,28.0,4.0,Consumo medio
82519652,13,35.0,0.0,35.0,5.0,Consumo medio
82519785,15,35.0,0.0,35.0,5.0,Consumo medio
82523423,17,20.0,8.0,28.0,4.0,Consumo medio
82540173,14,0.0,0.0,0.0,0.0,Bajo consumo
82540815,17,23.0,35.0,58.0,8.29,Alto consumo
82542127,14,21.0,0.0,21.0,3.0,Bajo consumo
82542130,13,28.0,0.0,28.0,4.0,Consumo medio
82542534,14,18.0,0.0,18.0,2.57,Bajo consumo
82543688,15,49.0,0.0,49.0,7.0,Alto consumo
82554629,13,0.0,0.0,0.0,0.0,Bajo consumo
82573945,13,21.0,7.0,28.0,4.0,Consumo medio
82573948,13,14.0,0.0,14.0,2.0,Bajo consumo
82579333,16,35.0,0.0,35.0,5.0,Consumo medio
82585078,16,14.0,0.0,14.0,2.0,Bajo consumo
82585083,17,17.0,0.0,17.0,2.43,Bajo consumo
82585084,15,14.0,0.0,14.0,2.0,Bajo consumo
82585085,16,28.0,28.0,56.0,8.0,Alto consumo
82588183,15,28.0,10.0,38.0,5.43,Consumo medio
82606469,15,21.0,10.0,31.0,4.43,Consumo medio
82608760,17,21.0,0.0,21.0,3.0,Bajo consumo
82608941,17,42.0,0.0,42.0,6.0,Consumo medio
82610228,13,56.0,0.0,56.0,8.0,Alto consumo
82610479,17,70.0,0.0,70.0,10.0,Alto consumo
82610672,13,14.0,21.0,35.0,5.0,Consumo medio
82645789,16,22.0,10.0,32.0,4.57,Consumo medio
82659916,15,56.0,0.0,56.0,8.0,Alto consumo
82673265,17,42.0,0.0,42.0,6.0,Consumo medio
82692145,16,14.0,14.0,28.0,4.0,Consumo medio
82829998,16,56.0,36.0,92.0,13.14,Alto consumo
82839081,14,35.0,0.0,35.0,5.0,Consumo medio
82840324,15,70.0,14.0,84.0,12.0,Alto consumo
82894052,17,14.0,42.0,56.0,8.0,Alto consumo
82894210,15,21.0,21.0,42.0,6.0,Consumo medio
82898503,16,14.0,0.0,14.0,2.0,Bajo consumo
82898505,13,70.0,0.0,70.0,10.0,Alto consumo
82930839,17,49.0,0.0,49.0,7.0,Alto consumo
82931468,13,21.0,0.0,21.0,3.0,Bajo consumo
82931958,17,21.0,0.0,21.0,3.0,Bajo consumo
82934825,14,42.0,0.0,42.0,6.0,Consumo medio
82938613,13,28.0,0.0,28.0,4.0,Consumo medio
82940816,16,32.0,0.0,32.0,4.57,Consumo medio
82998075,16,,0.0,,,
83001881,16,35.0,35.0,70.0,10.0,Alto consumo
83001889,14,70.0,0.0,70.0,10.0,Alto consumo
83024339,13,14.0,0.0,14.0,2.0,Bajo consumo
83024342,13,28.0,0.0,28.0,4.0,Consumo medio
83030900,17,20.0,0.0,20.0,2.86,Bajo consumo
83030901,13,9.0,0.0,9.0,1.29,Bajo consumo
83030904,14,12.0,0.0,12.0,1.71,Bajo consumo
83036124,17,21.0,0.0,21.0,3.0,Bajo consumo
83050776,17,14.0,0.0,14.0,2.0,Bajo consumo
83067304,17,28.0,3.5,31.5,4.5,Consumo medio
83072322,17,70.0,0.0,70.0,10.0,Alto consumo
83087878,15,24.0,0.0,24.0,3.43,Consumo medio
83098810,17,0.0,0.0,0.0,0.0,Bajo consumo
83098811,14,21.0,0.0,21.0,3.0,Bajo consumo
83098830,17,7.0,7.0,14.0,2.0,Bajo consumo
83118657,16,14.0,14.0,28.0,4.0,Consumo medio
83156228,15,32.0,15.0,47.0,6.71,Alto consumo
83233878,17,48.0,35.0,83.0,11.86,Alto consumo
83233879,16,35.0,0.0,35.0,5.0,Consumo medio
83241164,14,15.0,0.0,15.0,2.14,Bajo consumo
83256132,17,91.0,0.0,91.0,13.0,Alto consumo
83271225,13,28.0,0.0,28.0,4.0,Consumo medio
83293373,18,21.0,14.0,35.0,5.0,Consumo medio
83327343,13,70.0,49.0,119.0,17.0,Alto consumo
83353917,14,42.0,14.0,56.0,8.0,Alto consumo
83362938,13,28.0,0.0,28.0,4.0,Consumo medio
83374935,15,28.0,28.0,56.0,8.0,Alto consumo
83376055,13,35.0,14.0,49.0,7.0,Alto consumo
83379611,15,35.0,35.0,70.0,10.0,Alto consumo
83412200,13,0.0,0.0,0.0,0.0,Bajo consumo
83424376,17,21.0,14.0,35.0,5.0,Consumo medio
83424383,15,42.0,0.0,42.0,6.0,Consumo medio
83424389,17,14.0,0.0,14.0,2.0,Bajo consumo
83432296,16,42.0,0.0,42.0,6.0,Consumo medio
83458665,17,35.0,0.0,35.0,5.0,Consumo medio
83459201,15,42.0,0.0,42.0,6.0,Consumo medio
83493585,17,21.0,0.0,21.0,3.0,Bajo consumo
83518765,15,28.0,28.0,56.0,8.0,Alto consumo
83545589,15,35.0,7.0,42.0,6.0,Consumo medio
83545590,15,10.0,0.0,10.0,1.43,Bajo consumo
83547614,14,7.0,0.0,7.0,1.0,Bajo consumo
83632001,15,28.0,0.0,28.0,4.0,Consumo medio
83632002,16,7.0,0.0,7.0,1.0,Bajo consumo
83632006,16,42.0,7.0,49.0,7.0,Alto consumo
83632008,15,35.0,7.0,42.0,6.0,Consumo medio
83632009,13,20.0,20.0,40.0,5.71,Consumo medio
83637733,16,14.0,0.0,14.0,2.0,Bajo consumo
83648570,15,35.0,14.0,49.0,7.0,Alto consumo
83656242,13,84.0,84.0,168.0,24.0,Alto consumo
83656243,17,105.0,42.0,147.0,21.0,Alto consumo
83672318,14,40.0,7.0,47.0,6.71,Alto consumo
83673892,15,12.83,0.0,12.83,1.83,Bajo consumo
83683182,13,0.0,0.0,0.0,0.0,Bajo consumo
83683183,13,28.0,0.0,28.0,4.0,Consumo medio
83684488,14,0.0,0.0,0.0,0.0,Bajo consumo
83687895,17,42.0,35.0,77.0,11.0,Alto consumo
83689336,14,42.0,14.0,56.0,8.0,Alto consumo
83694135,13,7.0,0.0,7.0,1.0,Bajo consumo
83703797,14,35.0,14.0,49.0,7.0,Alto consumo
83713047,15,35.0,0.0,35.0,5.0,Consumo medio
83720443,17,7.0,0.0,7.0,1.0,Bajo consumo
83738625,17,14.0,14.0,28.0,4.0,Consumo medio
83741806,16,28.0,28.0,56.0,8.0,Alto consumo
83742479,13,7.0,0.0,7.0,1.0,Bajo consumo
83743125,14,42.0,0.0,42.0,6.0,Consumo medio
83749878,15,7.0,0.0,7.0,1.0,Bajo consumo
83750475,13,10.5,10.5,21.0,3.0,Bajo consumo
83763575,14,7.0,0.0,7.0,1.0,Bajo consumo
83781684,13,30.0,24.0,54.0,7.71,Alto consumo
83784783,13,105.0,0.0,105.0,15.0,Alto consumo
83787165,16,35.0,7.0,42.0,6.0,Consumo medio
83787166,14,21.0,21.0,42.0,6.0,Consumo medio
83798711,17,28.0,0.0,28.0,4.0,Consumo medio
83802380,13,28.0,4.83,32.83,4.69,Consumo medio
83807126,14,21.0,0.0,21.0,3.0,Bajo consumo
83809103,16,35.0,0.0,35.0,5.0,Consumo medio
83809223,15,35.0,0.0,35.0,5.0,Consumo medio
83809226,17,14.0,0.0,14.0,2.0,Bajo consumo
83811277,14,7.0,0.0,7.0,1.0,Bajo consumo
83813190,14,35.0,0.0,35.0,5.0,Consumo medio
83817462,15,35.0,0.0,35.0,5.0,Consumo medio
83837440,16,3.5,14.0,17.5,2.5,Bajo consumo
83844719,17,35.0,0.0,35.0,5.0,Consumo medio
83861623,13,21.0,0.0,21.0,3.0,Bajo consumo
83868584,13,7.0,7.0,14.0,2.0,Bajo consumo
83872810,15,56.0,7.0,63.0,9.0,Alto consumo
83880004,14,14.0,14.0,28.0,4.0,Consumo medio
83880005,15,14.0,14.0,28.0,4.0,Consumo medio
83886380,14,21.0,7.0,28.0,4.0,Consumo medio
83892750,14,0.0,0.0,0.0,0.0,Bajo consumo
83892751,15,42.0,0.0,42.0,6.0,Consumo medio
83892754,14,17.83,0.0,17.83,2.55,Bajo consumo
83907427,14,7.5,2.33,9.83,1.4,Bajo consumo
83909974,15,7.0,0.0,7.0,1.0,Bajo consumo
83910533,13,70.0,0.0,70.0,10.0,Alto consumo
83914689,15,21.0,0.0,21.0,3.0,Bajo consumo
83916351,16,7.0,0.0,7.0,1.0,Bajo consumo
83926312,16,28.0,7.0,35.0,5.0,Consumo medio
83927262,15,35.0,0.0,35.0,5.0,Consumo medio
83951433,15,14.0,0.0,14.0,2.0,Bajo consumo
83958216,14,35.0,14.0,49.0,7.0,Alto consumo
83959541,13,30.0,20.0,50.0,7.14,Alto consumo
83970291,13,21.0,3.5,24.5,3.5,Consumo medio
83970295,16,28.0,0.0,28.0,4.0,Consumo medio
83972088,16,7.0,0.0,7.0,1.0,Bajo consumo
83972091,17,35.0,0.0,35.0,5.0,Consumo medio
83972092,17,35.0,14.0,49.0,7.0,Alto consumo
83980509,15,70.0,0.0,70.0,10.0,Alto consumo
83981398,15,16.0,0.0,16.0,2.29,Bajo consumo
83982057,15,10.0,25.0,35.0,5.0,Consumo medio
83996121,17,14.0,0.0,14.0,2.0,Bajo consumo
84012081,15,14.0,14.0,28.0,4.0,Consumo medio
84012082,13,18.0,14.0,32.0,4.57,Consumo medio
84018146,17,40.0,0.0,40.0,5.71,Consumo medio
84024117,13,7.0,0.0,7.0,1.0,Bajo consumo
84031504,16,14.0,28.0,42.0,6.0,Consumo medio
84031505,15,28.0,0.0,28.0,4.0,Consumo medio
84044531,17,14.0,7.0,21.0,3.0,Bajo consumo
84047187,14,0.0,0.0,0.0,0.0,Bajo consumo
84047200,15,35.0,10.0,45.0,6.43,Alto consumo
84051766,14,35.0,0.0,35.0,5.0,Consumo medio
84054303,16,56.0,0.0,56.0,8.0,Alto consumo
84058110,14,14.0,8.0,22.0,3.14,Consumo medio
84073017,14,42.0,0.0,42.0,6.0,Consumo medio
84074792,17,14.0,0.0,14.0,2.0,Bajo consumo
84074793,14,3.83,14.0,17.83,2.55,Bajo consumo
84076068,17,35.0,0.0,35.0,5.0,Consumo medio
84149204,14,28.0,28.0,56.0,8.0,Alto consumo
84169411,17,40.0,20.0,60.0,8.57,Alto consumo
84169429,17,58.0,35.0,93.0,13.29,Alto consumo
84169433,15,20.0,35.0,55.0,7.86,Alto consumo
84169434,13,35.0,0.0,35.0,5.0,Consumo medio
84170483,14,7.0,21.0,28.0,4.0,Consumo medio
84172737,16,15.0,8.0,23.0,3.29,Consumo medio
84183924,17,49.0,0.0,49.0,7.0,Alto consumo
84191326,17,21.0,35.0,56.0,8.0,Alto consumo
84204824,17,35.0,49.0,84.0,12.0,Alto consumo
84216455,13,28.0,15.0,43.0,6.14,Alto consumo
84234601,16,3.83,3.83,7.66,1.09,Bajo consumo
84234602,17,56.0,0.0,56.0,8.0,Alto consumo
84243214,14,21.0,0.0,21.0,3.0,Bajo consumo
84244688,14,0.0,91.0,91.0,13.0,Alto consumo
84250328,17,42.0,0.0,42.0,6.0,Consumo medio
84251392,13,35.0,0.0,35.0,5.0,Consumo medio
84266157,13,7.0,0.0,7.0,1.0,Bajo consumo
84266158,15,21.0,35.0,56.0,8.0,Alto consumo
84274950,14,21.0,0.0,21.0,3.0,Bajo consumo
84283186,14,7.0,0.0,7.0,1.0,Bajo consumo
84284434,17,7.0,7.0,14.0,2.0,Bajo consumo
84289646,14,21.0,0.0,21.0,3.0,Bajo consumo
84290376,17,64.0,0.0,64.0,9.14,Alto consumo
84290758,15,14.0,0.0,14.0,2.0,Bajo consumo
84293859,17,70.0,70.0,140.0,20.0,Alto consumo
84299855,13,21.0,0.0,21.0,3.0,Bajo consumo
84304901,15,21.0,0.0,21.0,3.0,Bajo consumo
84304902,15,20.0,20.0,40.0,5.71,Consumo medio
84308365,13,21.0,0.0,21.0,3.0,Bajo consumo
84308366,15,10.0,0.0,10.0,1.43,Bajo consumo
84309773,13,49.0,10.0,59.0,8.43,Alto consumo
84311429,15,14.0,14.0,28.0,4.0,Consumo medio
84334192,16,14.0,0.0,14.0,2.0,Bajo consumo
84337421,17,14.0,0.0,14.0,2.0,Bajo consumo
84344089,15,42.0,0.0,42.0,6.0,Consumo medio
84344090,13,7.0,0.0,7.0,1.0,Bajo consumo
84353932,14,55.0,55.0,110.0,15.71,Alto consumo
84359838,14,42.0,42.0,84.0,12.0,Alto consumo
84360130,14,8.0,3.5,11.5,1.64,Bajo consumo
84364585,14,21.0,7.0,28.0,4.0,Consumo medio
84368030,16,84.0,0.0,84.0,12.0,Alto consumo
84375881,15,70.0,0.0,70.0,10.0,Alto consumo
84384931,13,42.0,42.0,84.0,12.0,Alto consumo
84414694,14,35.0,0.0,35.0,5.0,Consumo medio
84438158,17,21.0,0.0,21.0,3.0,Bajo consumo
84439635,17,14.0,10.0,24.0,3.43,Consumo medio
84445425,15,60.0,10.0,70.0,10.0,Alto consumo
84450307,14,35.0,0.0,35.0,5.0,Consumo medio
84459786,13,3.5,0.0,3.5,0.5,Bajo consumo
84466842,17,42.0,7.0,49.0,7.0,Alto consumo
84477329,14,42.0,42.0,84.0,12.0,Alto consumo
84477706,14,21.0,0.0,21.0,3.0,Bajo consumo
84486974,15,14.0,0.0,14.0,2.0,Bajo consumo
84487812,17,42.0,0.0,42.0,6.0,Consumo medio
84489367,15,28.0,0.0,28.0,4.0,Consumo medio
84490650,16,17.5,1.17,18.67,2.67,Bajo consumo
84490651,17,28.0,21.0,49.0,7.0,Alto consumo
84503483,14,63.0,28.0,91.0,13.0,Alto consumo
84513174,14,7.0,0.0,7.0,1.0,Bajo consumo
84518644,15,84.0,0.0,84.0,12.0,Alto consumo
84542998,13,14.0,7.0,21.0,3.0,Bajo consumo
84546056,13,14.0,14.0,28.0,4.0,Consumo medio
84550972,16,21.0,0.0,21.0,3.0,Bajo consumo
84557941,17,35.0,21.0,56.0,8.0,Alto consumo
84566011,13,60.0,60.0,120.0,17.14,Alto consumo
84587373,16,30.0,20.0,50.0,7.14,Alto consumo
84587374,14,15.0,0.0,15.0,2.14,Bajo consumo
84588183,16,17.5,0.0,17.5,2.5,Bajo consumo
84588184,14,9.0,0.0,9.0,1.29,Bajo consumo
84588186,17,28.0,0.0,28.0,4.0,Consumo medio
84603947,16,30.0,42.0,72.0,10.29,Alto consumo
84606642,13,0.0,21.0,21.0,3.0,Bajo consumo
84607728,15,35.0,0.0,35.0,5.0,Consumo medio
84619566,15,58.0,3.5,61.5,8.79,Alto consumo
84622054,14,14.0,14.0,28.0,4.0,Consumo medio
84626576,17,10.0,8.0,18.0,2.57,Bajo consumo
84626579,17,10.0,0.0,10.0,1.43,Bajo consumo
84643560,16,42.0,0.0,42.0,6.0,Consumo medio
84674262,15,90.0,7.0,97.0,13.86,Alto consumo
84674263,13,70.0,0.0,70.0,10.0,Alto consumo
84720185,15,98.0,0.0,98.0,14.0,Alto consumo
84755284,17,70.0,70.0,140.0,20.0,Alto consumo
84755285,15,70.0,70.0,140.0,20.0,Alto consumo
84766251,17,14.0,0.0,14.0,2.0,Bajo consumo
84766252,14,12.0,0.0,12.0,1.71,Bajo consumo
84766253,17,7.0,0.0,7.0,1.0,Bajo consumo
84767532,17,14.0,12.83,26.83,3.83,Consumo medio
84767533,15,63.0,63.0,126.0,18.0,Alto consumo
84784940,15,98.0,10.0,108.0,15.43,Alto consumo
84805921,14,35.0,7.0,42.0,6.0,Consumo medio
84809550,15,14.0,42.0,56.0,8.0,Alto consumo
84829294,17,84.0,21.0,105.0,15.0,Alto consumo
84833293,14,35.0,35.0,70.0,10.0,Alto consumo
84833808,17,42.0,21.0,63.0,9.0,Alto consumo
84837935,13,21.0,14.0,35.0,5.0,Consumo medio
84842766,16,56.0,4.25,60.25,8.61,Alto consumo
84842767,13,70.0,14.0,84.0,12.0,Alto consumo
84845472,14,42.0,0.0,42.0,6.0,Consumo medio
84856063,17,35.0,0.0,35.0,5.0,Consumo medio
84856064,15,42.0,0.0,42.0,6.0,Consumo medio
84856960,16,28.0,28.0,56.0,8.0,Alto consumo
84856961,13,35.0,28.0,63.0,9.0,Alto consumo
84877774,15,28.0,21.0,49.0,7.0,Alto consumo
84877775,15,49.0,7.0,56.0,8.0,Alto consumo
84877990,17,40.0,20.0,60.0,8.57,Alto consumo
84880579,13,21.0,7.0,28.0,4.0,Consumo medio
84882117,13,48.0,35.0,83.0,11.86,Alto consumo
84886539,17,84.0,0.0,84.0,12.0,Alto consumo
84894306,17,21.0,0.0,21.0,3.0,Bajo consumo
84897694,15,21.0,0.0,21.0,3.0,Bajo consumo
84903994,15,7.0,7.0,14.0,2.0,Bajo consumo
84912151,13,35.0,21.0,56.0,8.0,Alto consumo
84928739,14,21.0,0.0,21.0,3.0,Bajo consumo
84936212,14,25.0,0.0,25.0,3.57,Consumo medio
84939941,14,14.0,3.5,17.5,2.5,Bajo consumo
84970813,14,10.0,7.0,17.0,2.43,Bajo consumo
84970816,14,10.0,10.0,20.0,2.86,Bajo consumo
84970820,16,21.0,21.0,42.0,6.0,Consumo medio
84983418,13,20.0,0.0,20.0,2.86,Bajo consumo
84988938,15,35.0,0.0,35.0,5.0,Consumo medio
84989759,17,14.0,0.0,14.0,2.0,Bajo consumo
84990692,15,14.0,0.0,14.0,2.0,Bajo consumo
84996420,17,50.0,0.0,50.0,7.14,Alto consumo
84996423,16,7.0,0.0,7.0,1.0,Bajo consumo
84996424,17,14.0,0.0,14.0,2.0,Bajo consumo
84997341,17,14.0,7.0,21.0,3.0,Bajo consumo
84997729,16,0.0,0.0,0.0,0.0,Bajo consumo
84997734,13,12.0,7.0,19.0,2.71,Bajo consumo
84998851,15,35.0,0.0,35.0,5.0,Consumo medio
84999368,16,21.0,21.0,42.0,6.0,Consumo medio
85023745,13,8.0,28.0,36.0,5.14,Consumo medio
85035127,16,35.0,0.0,35.0,5.0,Consumo medio
85035130,16,21.0,0.0,21.0,3.0,Bajo consumo
85035550,13,42.0,14.0,56.0,8.0,Alto consumo
85037505,13,21.0,21.0,42.0,6.0,Consumo medio
85038929,15,40.0,14.0,54.0,7.71,Alto consumo
85038930,16,40.0,0.0,40.0,5.71,Consumo medio
85040112,17,30.0,36.0,66.0,9.43,Alto consumo
85044395,14,42.0,0.0,42.0,6.0,Consumo medio
85064744,16,0.0,0.0,0.0,0.0,Bajo consumo
85065443,16,54.0,54.0,108.0,15.43,Alto consumo
85066989,14,14.0,14.0,28.0,4.0,Consumo medio
85076129,15,7.0,0.0,7.0,1.0,Bajo consumo
85077058,16,21.0,0.0,21.0,3.0,Bajo consumo
85077061,13,14.0,0.0,14.0,2.0,Bajo consumo
85079867,13,21.0,7.0,28.0,4.0,Consumo medio
85089885,16,28.0,0.0,28.0,4.0,Consumo medio
85093535,16,72.0,24.0,96.0,13.71,Alto consumo
85094821,13,14.0,0.0,14.0,2.0,Bajo consumo
85094833,15,40.0,0.0,40.0,5.71,Consumo medio
85096339,16,40.0,0.0,40.0,5.71,Consumo medio
85101185,16,28.0,0.0,28.0,4.0,Consumo medio
85101187,16,14.0,0.0,14.0,2.0,Bajo consumo
85102230,16,21.0,0.0,21.0,3.0,Bajo consumo
85105244,13,21.0,14.0,35.0,5.0,Consumo medio
85109397,17,28.0,0.0,28.0,4.0,Consumo medio
85112590,13,16.0,8.0,24.0,3.43,Consumo medio
85116296,17,56.0,0.0,56.0,8.0,Alto consumo
85120512,13,14.0,14.0,28.0,4.0,Consumo medio
85123675,16,49.0,0.0,49.0,7.0,Alto consumo
85133163,16,14.0,0.0,14.0,2.0,Bajo consumo
85136561,13,14.0,14.0,28.0,4.0,Consumo medio
85136672,13,90.0,70.0,160.0,22.86,Alto consumo
85136717,17,35.0,0.0,35.0,5.0,Consumo medio
85136718,16,14.0,0.0,14.0,2.0,Bajo consumo
85137376,17,80.0,0.0,80.0,11.43,Alto consumo
85159197,16,28.0,0.0,28.0,4.0,Consumo medio
85160099,14,7.0,0.0,7.0,1.0,Bajo consumo
85162320,15,0.0,0.0,0.0,0.0,Bajo consumo
85169564,17,28.0,0.0,28.0,4.0,Consumo medio
85178619,15,70.0,0.0,70.0,10.0,Alto consumo
85185659,15,91.0,0.0,91.0,13.0,Alto consumo
85187244,17,21.0,7.0,28.0,4.0,Consumo medio
85206585,16,14.0,14.0,28.0,4.0,Consumo medio
85208354,17,14.0,0.0,14.0,2.0,Bajo consumo
85216094,16,35.0,0.0,35.0,5.0,Consumo medio
85226098,15,42.0,42.0,84.0,12.0,Alto consumo
85240316,16,21.0,0.0,21.0,3.0,Bajo consumo
85240325,16,35.0,0.0,35.0,5.0,Consumo medio
85243798,13,7.0,0.0,7.0,1.0,Bajo consumo
85245572,14,3.83,11.67,15.5,2.21,Bajo consumo
85252665,15,8.0,42.0,50.0,7.14,Alto consumo
85255882,15,21.0,0.0,21.0,3.0,Bajo consumo
85281203,17,13.83,7.0,20.83,2.98,Bajo consumo
85283128,16,35.0,0.0,35.0,5.0,Consumo medio
85283130,13,40.0,0.0,40.0,5.71,Consumo medio
85289652,14,7.0,7.0,14.0,2.0,Bajo consumo
85324439,16,49.0,0.0,49.0,7.0,Alto consumo
85324442,14,70.0,0.0,70.0,10.0,Alto consumo
85324447,14,42.0,28.0,70.0,10.0,Alto consumo
85324448,15,28.0,7.0,35.0,5.0,Consumo medio
85340614,15,21.0,0.0,21.0,3.0,Bajo consumo
85383740,14,58.0,14.0,72.0,10.29,Alto consumo
85403110,16,9.0,0.0,9.0,1.29,Bajo consumo
85403111,14,7.0,7.0,14.0,2.0,Bajo consumo
85418078,16,70.0,70.0,140.0,20.0,Alto consumo
85418081,15,21.0,0.0,21.0,3.0,Bajo consumo
85434956,15,28.0,7.0,35.0,5.0,Consumo medio
85439161,14,21.0,21.0,42.0,6.0,Consumo medio
85439162,16,7.0,14.0,21.0,3.0,Bajo consumo
85455544,17,70.0,63.0,133.0,19.0,Alto consumo
85483852,17,21.0,21.0,42.0,6.0,Consumo medio
85491915,14,14.0,14.0,28.0,4.0,Consumo medio
85495002,13,14.0,0.0,14.0,2.0,Bajo consumo
85495005,15,14.0,0.0,14.0,2.0,Bajo consumo
85495052,15,14.0,21.0,35.0,5.0,Consumo medio
85499877,17,12.0,12.0,24.0,3.43,Consumo medio
85499881,13,14.0,0.0,14.0,2.0,Bajo consumo
85500074,15,17.5,0.0,17.5,2.5,Bajo consumo
85500075,14,8.0,0.0,8.0,1.14,Bajo consumo
85504255,16,14.0,0.0,14.0,2.0,Bajo consumo
85506611,16,21.0,21.0,42.0,6.0,Consumo medio
85520823,13,21.0,0.0,21.0,3.0,Bajo consumo
85522952,17,14.0,0.0,14.0,2.0,Bajo consumo
85522953,13,21.0,0.0,21.0,3.0,Bajo consumo
85522954,17,84.0,14.0,98.0,14.0,Alto consumo
85524483,16,14.0,0.0,14.0,2.0,Bajo consumo
85526832,15,60.0,0.0,60.0,8.57,Alto consumo
85541420,15,7.0,0.0,7.0,1.0,Bajo consumo
85541522,15,21.0,0.0,21.0,3.0,Bajo consumo
85541523,17,42.0,0.0,42.0,6.0,Consumo medio
85555354,15,15.0,7.0,22.0,3.14,Consumo medio
85571281,15,25.0,0.0,25.0,3.57,Consumo medio
85571717,13,49.0,0.0,49.0,7.0,Alto consumo
85579814,13,28.0,21.0,49.0,7.0,Alto consumo
85580925,17,42.0,0.0,42.0,6.0,Consumo medio
85581896,16,14.0,14.0,28.0,4.0,Consumo medio
85583298,13,70.0,18.0,88.0,12.57,Alto consumo
85583299,14,30.0,0.0,30.0,4.29,Consumo medio
85586870,15,9.0,7.0,16.0,2.29,Bajo consumo
85592070,15,14.0,20.0,34.0,4.86,Consumo medio
85592071,13,14.0,0.0,14.0,2.0,Bajo consumo
85593934,14,21.0,14.0,35.0,5.0,Consumo medio
85593937,17,0.0,0.0,0.0,0.0,Bajo consumo
85614690,15,42.0,35.0,77.0,11.0,Alto consumo
85618319,13,14.0,0.0,14.0,2.0,Bajo consumo
85621881,17,14.0,0.0,14.0,2.0,Bajo consumo
85622954,17,35.0,21.0,56.0,8.0,Alto consumo
85636457,14,0.0,0.0,0.0,0.0,Bajo consumo
85639798,15,28.0,0.0,28.0,4.0,Consumo medio
85639799,14,35.0,15.17,50.17,7.17,Alto consumo
85641783,13,7.0,35.0,42.0,6.0,Consumo medio
85663225,14,0.0,0.0,0.0,0.0,Bajo consumo
85663226,17,14.0,0.0,14.0,2.0,Bajo consumo
85670673,16,42.0,0.0,42.0,6.0,Consumo medio
85672253,14,60.0,0.0,60.0,8.57,Alto consumo
85672254,15,42.0,0.0,42.0,6.0,Consumo medio
85672256,17,35.0,63.0,98.0,14.0,Alto consumo
85684930,15,28.0,0.0,28.0,4.0,Consumo medio
85687313,16,40.0,14.0,54.0,7.71,Alto consumo
85702798,16,42.0,0.0,42.0,6.0,Consumo medio
85710832,15,35.0,0.0,35.0,5.0,Consumo medio
85710840,14,0.0,0.0,0.0,0.0,Bajo consumo
85710841,17,30.0,0.0,30.0,4.29,Consumo medio
85712322,15,,30.0,,,
85712327,13,0.0,0.0,0.0,0.0,Bajo consumo
85737071,17,3.5,2.33,5.83,0.83,Bajo consumo
85741691,13,14.0,21.0,35.0,5.0,Consumo medio
85746883,13,35.0,14.0,49.0,7.0,Alto consumo
85748739,13,32.0,14.0,46.0,6.57,Alto consumo
85760835,16,14.0,10.0,24.0,3.43,Consumo medio
85762234,15,21.0,0.0,21.0,3.0,Bajo consumo
85762243,15,7.0,0.0,7.0,1.0,Bajo consumo
85763963,16,21.0,0.0,21.0,3.0,Bajo consumo
85763966,13,14.0,0.0,14.0,2.0,Bajo consumo
85764267,14,76.0,0.0,76.0,10.86,Alto consumo
85767886,17,21.0,21.0,42.0,6.0,Consumo medio
85784394,17,28.0,21.0,49.0,7.0,Alto consumo
85790017,17,35.0,35.0,70.0,10.0,Alto consumo
85790018,13,14.0,14.0,28.0,4.0,Consumo medio
85801384,13,56.0,28.0,84.0,12.0,Alto consumo
85803137,15,36.0,0.0,36.0,5.14,Consumo medio
85812691,13,21.0,7.0,28.0,4.0,Consumo medio
85819451,14,49.0,9.0,58.0,8.29,Alto consumo
85829421,13,14.0,0.0,14.0,2.0,Bajo consumo
85829423,15,10.0,0.0,10.0,1.43,Bajo consumo
85834462,17,28.0,0.0,28.0,4.0,Consumo medio
85855638,14,28.0,21.0,49.0,7.0,Alto consumo
85858108,14,14.0,0.0,14.0,2.0,Bajo consumo
85861817,17,21.0,0.0,21.0,3.0,Bajo consumo
85905838,14,7.0,0.0,7.0,1.0,Bajo consumo
85920738,15,25.0,12.0,37.0,5.29,Consumo medio
85922993,15,0.0,0.0,0.0,0.0,Bajo consumo
85926202,17,7.0,0.0,7.0,1.0,Bajo consumo
85927979,14,35.0,0.0,35.0,5.0,Consumo medio
85953038,14,14.0,0.0,14.0,2.0,Bajo consumo
85958730,17,25.0,0.0,25.0,3.57,Consumo medio
85969457,16,10.0,14.0,24.0,3.43,Consumo medio
85993957,15,14.0,0.0,14.0,2.0,Bajo consumo
85993963,14,7.0,0.0,7.0,1.0,Bajo consumo
85994575,17,7.0,0.0,7.0,1.0,Bajo consumo
85994825,13,7.0,0.0,7.0,1.0,Bajo consumo
86018870,13,10.0,10.0,20.0,2.86,Bajo consumo
86067469,15,70.0,20.0,90.0,12.86,Alto consumo
86071065,15,32.0,0.0,32.0,4.57,Consumo medio
86074703,16,3.5,7.0,10.5,1.5,Bajo consumo
86089415,17,14.0,0.0,14.0,2.0,Bajo consumo
86125221,16,0.0,35.0,35.0,5.0,Consumo medio
86128392,17,80.0,0.0,80.0,11.43,Alto consumo
86131221,15,0.0,24.0,24.0,3.43,Consumo medio
86131982,14,35.0,0.0,35.0,5.0,Consumo medio
86135217,13,80.0,0.0,80.0,11.43,Alto consumo
86148193,15,14.0,10.0,24.0,3.43,Consumo medio
86150334,15,105.0,7.0,112.0,16.0,Alto consumo
86181970,17,7.0,,,,
86196822,15,28.0,28.0,56.0,8.0,Alto consumo
86198453,16,50.0,0.0,50.0,7.14,Alto consumo
86203039,17,14.0,0.0,14.0,2.0,Bajo consumo
86203042,15,0.0,0.0,0.0,0.0,Bajo consumo
86203088,13,15.0,0.0,15.0,2.14,Bajo consumo
86203300,15,7.0,0.0,7.0,1.0,Bajo consumo
86206843,12,40.0,0.0,40.0,5.71,Consumo medio
86248636,17,35.0,0.0,35.0,5.0,Consumo medio
86252808,17,28.0,0.0,28.0,4.0,Consumo medio
86268778,13,10.0,9.33,19.33,2.76,Bajo consumo
86279018,14,7.0,0.0,7.0,1.0,Bajo consumo
86291976,13,7.0,0.0,7.0,1.0,Bajo consumo
86316025,16,56.0,0.0,56.0,8.0,Alto consumo
86317270,17,14.0,0.0,14.0,2.0,Bajo consumo
86321628,17,42.0,0.0,42.0,6.0,Consumo medio
86325706,17,7.0,3.83,10.83,1.55,Bajo consumo
86330796,14,7.0,0.0,7.0,1.0,Bajo consumo
86336391,17,35.0,0.0,35.0,5.0,Consumo medio
86348870,17,21.0,0.0,21.0,3.0,Bajo consumo
86368969,16,9.0,14.0,23.0,3.29,Consumo medio
86368970,16,14.0,7.0,21.0,3.0,Bajo consumo
86368976,13,14.0,14.0,28.0,4.0,Consumo medio
86384325,16,0.0,14.0,14.0,2.0,Bajo consumo
86405113,16,7.0,0.0,7.0,1.0,Bajo consumo
86406427,14,21.0,0.0,21.0,3.0,Bajo consumo
86407600,13,14.0,0.0,14.0,2.0,Bajo consumo
86425738,13,48.0,38.0,86.0,12.29,Alto consumo
86428530,16,42.0,0.0,42.0,6.0,Consumo medio
86428532,13,18.0,0.0,18.0,2.57,Bajo consumo
86432116,17,14.0,0.0,14.0,2.0,Bajo consumo
86432188,13,28.0,0.0,28.0,4.0,Consumo medio
86432304,14,20.0,29.0,49.0,7.0,Alto consumo
86432313,13,42.0,22.0,64.0,9.14,Alto consumo
86432314,15,14.0,0.0,14.0,2.0,Bajo consumo
86454030,14,14.0,14.0,28.0,4.0,Consumo medio
86454032,17,14.0,14.0,28.0,4.0,Consumo medio
86455459,16,70.0,14.0,84.0,12.0,Alto consumo
86474912,17,35.0,42.0,77.0,11.0,Alto consumo
86491264,14,14.0,16.0,30.0,4.29,Consumo medio
86496238,13,42.0,42.0,84.0,12.0,Alto consumo
86511992,13,28.0,0.0,28.0,4.0,Consumo medio
86514557,13,14.0,3.5,17.5,2.5,Bajo consumo
86524463,17,0.0,0.0,0.0,0.0,Bajo consumo
86529853,15,49.0,0.0,49.0,7.0,Alto consumo
86529884,16,0.0,21.0,21.0,3.0,Bajo consumo
86559660,17,35.0,0.0,35.0,5.0,Consumo medio
86559661,14,21.0,0.0,21.0,3.0,Bajo consumo
86566748,17,70.0,7.0,77.0,11.0,Alto consumo
86628684,17,56.0,0.0,56.0,8.0,Alto consumo
86633629,15,7.0,7.0,14.0,2.0,Bajo consumo
86643350,13,35.0,7.0,42.0,6.0,Consumo medio
86650634,13,90.0,0.0,90.0,12.86,Alto consumo
86656593,15,70.0,0.0,70.0,10.0,Alto consumo
86656595,16,28.0,0.0,28.0,4.0,Consumo medio
86656597,14,21.0,0.0,21.0,3.0,Bajo consumo
86656598,15,35.0,0.0,35.0,5.0,Consumo medio
86660796,17,14.0,7.0,21.0,3.0,Bajo consumo
86661283,17,14.0,0.0,14.0,2.0,Bajo consumo
86703753,17,30.0,0.0,30.0,4.29,Consumo medio
86706740,16,21.0,0.0,21.0,3.0,Bajo consumo
86748828,17,35.0,0.0,35.0,5.0,Consumo medio
86761714,13,15.0,0.0,15.0,2.14,Bajo consumo
86761725,15,30.0,0.0,30.0,4.29,Consumo medio
86776054,15,49.0,3.83,52.83,7.55,Alto consumo
86776056,17,21.0,0.0,21.0,3.0,Bajo consumo
86776057,13,56.0,21.0,77.0,11.0,Alto consumo
86791221,16,84.0,14.0,98.0,14.0,Alto consumo
86799945,14,49.0,40.0,89.0,12.71,Alto consumo
86871875,13,70.0,28.0,98.0,14.0,Alto consumo
86871876,16,21.0,8.0,29.0,4.14,Consumo medio
86875396,17,56.0,0.0,56.0,8.0,Alto consumo
86878670,13,10.0,0.0,10.0,1.43,Bajo consumo
86895579,17,21.0,0.0,21.0,3.0,Bajo consumo
86895592,15,,28.0,,,
86902641,16,7.0,7.0,14.0,2.0,Bajo consumo
86954780,17,14.0,14.0,28.0,4.0,Consumo medio
86965724,17,30.0,0.0,30.0,4.29,Consumo medio
86974764,16,14.0,0.0,14.0,2.0,Bajo consumo
86986278,16,28.0,7.0,35.0,5.0,Consumo medio
86986280,15,35.0,0.0,35.0,5.0,Consumo medio
86989281,15,28.0,0.0,28.0,4.0,Consumo medio
86989283,16,14.0,7.0,21.0,3.0,Bajo consumo
86990054,16,21.0,0.0,21.0,3.0,Bajo consumo
86995085,13,21.0,0.0,21.0,3.0,Bajo consumo
87006119,15,14.0,0.0,14.0,2.0,Bajo consumo
87006120,13,14.0,0.0,14.0,2.0,Bajo consumo
87011582,17,8.0,0.0,8.0,1.14,Bajo consumo
87026075,15,42.0,7.0,49.0,7.0,Alto consumo
87051160,16,21.0,0.0,21.0,3.0,Bajo consumo
87061101,14,14.0,0.0,14.0,2.0,Bajo consumo
87065229,15,70.0,70.0,140.0,20.0,Alto consumo
87077172,15,12.0,28.0,40.0,5.71,Consumo medio
87077173,15,20.0,0.0,20.0,2.86,Bajo consumo
87083305,17,70.0,0.0,70.0,10.0,Alto consumo
87086717,13,30.0,0.0,30.0,4.29,Consumo medio
87163543,16,0.0,0.0,0.0,0.0,Bajo consumo
87192813,14,7.0,0.0,7.0,1.0,Bajo consumo
87202829,13,70.0,,,,
87237594,15,40.0,0.0,40.0,5.71,Consumo medio
87268817,15,42.0,0.0,42.0,6.0,Consumo medio
87277717,13,14.0,7.0,21.0,3.0,Bajo consumo
87282462,13,56.0,0.0,56.0,8.0,Alto consumo
87289229,15,18.0,14.0,32.0,4.57,Consumo medio
87313336,17,35.0,0.0,35.0,5.0,Consumo medio
87354071,15,8.0,8.0,16.0,2.29,Bajo consumo
87370883,16,30.0,21.0,51.0,7.29,Alto consumo
87370885,15,21.0,14.0,35.0,5.0,Consumo medio
87374100,14,42.0,15.0,57.0,8.14,Alto consumo
87412229,14,36.0,0.0,36.0,5.14,Consumo medio
87460967,14,20.0,0.0,20.0,2.86,Bajo consumo
87472269,15,70.0,0.0,70.0,10.0,Alto consumo
87483422,17,35.0,0.0,35.0,5.0,Consumo medio
87483424,13,35.0,0.0,35.0,5.0,Consumo medio
87500628,16,21.0,14.0,35.0,5.0,Consumo medio
87516920,15,42.0,7.0,49.0,7.0,Alto consumo
87527319,13,42.0,0.0,42.0,6.0,Consumo medio
87527321,15,14.0,0.0,14.0,2.0,Bajo consumo
87557434,17,56.0,0.0,56.0,8.0,Alto consumo
87557459,15,70.0,0.0,70.0,10.0,Alto consumo
87557465,14,7.0,7.0,14.0,2.0,Bajo consumo
87568402,13,21.0,0.0,21.0,3.0,Bajo consumo
87572708,14,35.0,7.0,42.0,6.0,Consumo medio
87573870,15,28.0,0.0,28.0,4.0,Consumo medio
87573871,15,28.0,0.0,28.0,4.0,Consumo medio
87579706,13,35.0,0.0,35.0,5.0,Consumo medio
87593773,15,14.0,14.0,28.0,4.0,Consumo medio
87599769,17,35.0,14.0,49.0,7.0,Alto consumo
87608327,14,7.0,7.0,14.0,2.0,Bajo consumo
87608502,15,20.0,15.0,35.0,5.0,Consumo medio
87609523,15,14.0,8.0,22.0,3.14,Consumo medio
87614487,13,14.0,35.0,49.0,7.0,Alto consumo
87621792,16,42.0,21.0,63.0,9.0,Alto consumo
87621794,17,22.0,0.0,22.0,3.14,Consumo medio
87636206,14,7.0,0.0,7.0,1.0,Bajo consumo
87645526,13,28.0,0.0,28.0,4.0,Consumo medio
87657254,15,35.0,0.0,35.0,5.0,Consumo medio
87657255,15,35.0,0.0,35.0,5.0,Consumo medio
87660883,15,28.0,0.0,28.0,4.0,Consumo medio
87681496,17,42.0,0.0,42.0,6.0,Consumo medio
87696814,14,35.0,0.0,35.0,5.0,Consumo medio
87708238,17,21.0,14.0,35.0,5.0,Consumo medio
87716495,15,15.67,11.67,27.34,3.91,Consumo medio
87719856,17,14.0,0.0,14.0,2.0,Bajo consumo
87732616,13,35.0,0.0,35.0,5.0,Consumo medio
87733378,16,28.0,0.0,28.0,4.0,Consumo medio
87770360,17,28.0,30.0,58.0,8.29,Alto consumo
87803854,15,70.0,35.0,105.0,15.0,Alto consumo
87810081,17,35.0,0.0,35.0,5.0,Consumo medio
87814361,14,,,,,
87814362,17,50.0,,,,
87885926,13,42.0,0.0,42.0,6.0,Consumo medio
87896366,16,42.0,7.0,49.0,7.0,Alto consumo
87898430,14,17.5,10.5,28.0,4.0,Consumo medio
87910491,13,35.0,7.0,42.0,6.0,Consumo medio
87910493,16,70.0,14.0,84.0,12.0,Alto consumo
87911463,13,8.0,0.0,8.0,1.14,Bajo consumo
87942131,15,14.0,0.0,14.0,2.0,Bajo consumo
87942136,14,14.0,10.0,24.0,3.43,Consumo medio
87963430,17,35.0,0.0,35.0,5.0,Consumo medio
87965540,16,14.0,12.0,26.0,3.71,Consumo medio
87972218,15,42.0,3.5,45.5,6.5,Alto consumo
87984461,13,35.0,21.0,56.0,8.0,Alto consumo
87991673,17,31.0,0.0,31.0,4.43,Consumo medio
88065421,15,63.0,7.0,70.0,10.0,Alto consumo
88119940,14,,7.0,,,
88119943,16,0.0,0.0,0.0,0.0,Bajo consumo
88123117,15,28.0,21.0,49.0,7.0,Alto consumo
88123550,13,40.0,45.0,85.0,12.14,Alto consumo
88128497,15,35.0,28.0,63.0,9.0,Alto consumo
88162963,14,70.0,14.0,84.0,12.0,Alto consumo
88168231,14,,,,,
88171014,13,21.0,0.0,21.0,3.0,Bajo consumo
88173165,15,14.0,0.0,14.0,2.0,Bajo consumo
88175388,17,21.0,0.0,21.0,3.0,Bajo consumo
88180335,15,10.0,0.0,10.0,1.43,Bajo consumo
88180337,14,3.5,3.5,7.0,1.0,Bajo consumo
88180338,17,8.0,0.0,8.0,1.14,Bajo consumo
88185650,15,84.0,35.0,119.0,17.0,Alto consumo
88218124,13,14.0,7.0,21.0,3.0,Bajo consumo
88228144,13,7.0,35.0,42.0,6.0,Consumo medio
88257830,13,21.0,21.0,42.0,6.0,Consumo medio
88275273,16,14.0,0.0,14.0,2.0,Bajo consumo
88277690,14,40.0,0.0,40.0,5.71,Consumo medio
88281138,17,30.0,0.0,30.0,4.29,Consumo medio
88310651,15,42.0,0.0,42.0,6.0,Consumo medio
88320560,17,35.0,0.0,35.0,5.0,Consumo medio
88320866,14,70.0,0.0,70.0,10.0,Alto consumo
88373117,14,28.0,0.0,28.0,4.0,Consumo medio
88373120,17,21.0,0.0,21.0,3.0,Bajo consumo
88373265,17,42.0,0.0,42.0,6.0,Consumo medio
88384002,13,21.0,0.0,21.0,3.0,Bajo consumo
88406572,15,11.0,0.0,11.0,1.57,Bajo consumo
88427738,13,28.0,21.0,49.0,7.0,Alto consumo
88450507,17,28.0,0.0,28.0,4.0,Consumo medio
88480790,15,35.0,35.0,70.0,10.0,Alto consumo
88526210,16,7.0,0.0,7.0,1.0,Bajo consumo
88526211,15,49.0,0.0,49.0,7.0,Alto consumo
88526212,16,30.0,0.0,30.0,4.29,Consumo medio
88531242,18,42.0,7.0,49.0,7.0,Alto consumo
88534398,17,7.0,0.0,7.0,1.0,Bajo consumo
88547189,17,28.0,0.0,28.0,4.0,Consumo medio
88580442,17,28.0,0.0,28.0,4.0,Consumo medio
88580443,15,14.0,0.0,14.0,2.0,Bajo consumo
88614583,17,16.0,0.0,16.0,2.29,Bajo consumo
88615233,15,49.0,0.0,49.0,7.0,Alto consumo
88667812,17,23.33,0.0,23.33,3.33,Consumo medio
88667814,13,12.0,0.0,12.0,1.71,Bajo consumo
88689937,17,70.0,50.0,120.0,17.14,Alto consumo
88829897,15,21.0,14.0,35.0,5.0,Consumo medio
88886943,14,28.0,21.0,49.0,7.0,Alto consumo
88989412,13,7.0,0.0,7.0,1.0,Bajo consumo
88989413,16,49.0,0.0,49.0,7.0,Alto consumo
89034454,13,70.0,70.0,140.0,20.0,Alto consumo
89045585,14,40.0,21.0,61.0,8.71,Alto consumo
89069089,14,14.0,7.0,21.0,3.0,Bajo consumo
89069090,15,14.0,0.0,14.0,2.0,Bajo consumo
89069106,13,7.0,35.0,42.0,6.0,Consumo medio
89069107,16,14.0,7.0,21.0,3.0,Bajo consumo
89069118,17,7.0,30.0,37.0,5.29,Consumo medio
89086203,15,0.0,0.0,0.0,0.0,Bajo consumo
89104924,16,35.0,35.0,70.0,10.0,Alto consumo
89104925,16,35.0,0.0,35.0,5.0,Consumo medio
89105026,15,12.0,0.0,12.0,1.71,Bajo consumo
89136435,16,60.0,0.0,60.0,8.57,Alto consumo
89155688,15,21.0,21.0,42.0,6.0,Consumo medio
89166103,13,7.0,0.0,7.0,1.0,Bajo consumo
89167589,14,70.0,0.0,70.0,10.0,Alto consumo
89167590,13,49.0,0.0,49.0,7.0,Alto consumo
89193104,14,7.0,40.0,47.0,6.71,Alto consumo
89202622,14,15.0,10.83,25.83,3.69,Consumo medio
89226194,14,35.0,0.0,35.0,5.0,Consumo medio
89230998,13,35.0,0.0,35.0,5.0,Consumo medio
89302400,14,14.0,35.0,49.0,7.0,Alto consumo
89321352,16,28.0,0.0,28.0,4.0,Consumo medio
89358301,16,10.0,10.0,20.0,2.86,Bajo consumo
89358308,15,10.0,10.0,20.0,2.86,Bajo consumo
89358343,15,7.0,7.0,14.0,2.0,Bajo consumo
89423248,13,14.0,21.0,35.0,5.0,Consumo medio
89423254,17,14.0,14.0,28.0,4.0,Consumo medio
89487825,17,35.0,0.0,35.0,5.0,Consumo medio
89501156,13,28.0,14.0,42.0,6.0,Consumo medio
89517066,14,14.0,35.0,49.0,7.0,Alto consumo
89543346,17,21.0,7.0,28.0,4.0,Consumo medio
89595911,13,42.0,28.0,70.0,10.0,Alto consumo
89601994,14,35.0,0.0,35.0,5.0,Consumo medio
89602656,13,7.0,7.0,14.0,2.0,Bajo consumo
89611899,14,32.0,14.0,46.0,6.57,Alto consumo
89645282,17,56.0,0.0,56.0,8.0,Alto consumo
89656153,13,21.0,21.0,42.0,6.0,Consumo medio
89680250,16,14.0,0.0,14.0,2.0,Bajo consumo
89684474,14,42.0,42.0,84.0,12.0,Alto consumo
89684533,16,14.0,28.0,42.0,6.0,Consumo medio
89690131,14,14.0,0.0,14.0,2.0,Bajo consumo
89690132,17,12.0,0.0,12.0,1.71,Bajo consumo
89699466,17,35.0,7.0,42.0,6.0,Consumo medio
89699829,14,12.0,8.0,20.0,2.86,Bajo consumo
89778036,15,15.0,7.0,22.0,3.14,Consumo medio
89791825,15,21.0,0.0,21.0,3.0,Bajo consumo
89807259,13,28.0,0.0,28.0,4.0,Consumo medio
89820830,17,45.0,14.0,59.0,8.43,Alto consumo
89824558,13,8.0,0.0,8.0,1.14,Bajo consumo
89862863,16,10.0,0.0,10.0,1.43,Bajo consumo
89868892,15,21.0,0.0,21.0,3.0,Bajo consumo
89915943,17,14.0,0.0,14.0,2.0,Bajo consumo
89915945,14,7.0,14.0,21.0,3.0,Bajo consumo
89925525,14,20.0,10.0,30.0,4.29,Consumo medio
89973767,16,35.0,35.0,70.0,10.0,Alto consumo
89990570,15,56.0,0.0,56.0,8.0,Alto consumo
90019423,14,21.0,14.0,35.0,5.0,Consumo medio
90019433,17,35.0,14.0,49.0,7.0,Alto consumo
90036286,17,14.0,0.0,14.0,2.0,Bajo consumo
90067354,15,35.0,0.0,35.0,5.0,Consumo medio
91062642,13,28.0,14.0,42.0,6.0,Consumo medio
91062645,15,14.0,0.0,14.0,2.0,Bajo consumo
91062651,16,21.0,7.0,28.0,4.0,Consumo medio
91062655,14,7.0,0.0,7.0,1.0,Bajo consumo
91062656,16,14.0,21.0,35.0,5.0,Consumo medio
91062657,14,28.0,7.0,35.0,5.0,Consumo medio
91640691,14,20.0,0.0,20.0,2.86,Bajo consumo
94733898,17,70.0,21.0,91.0,13.0,Alto consumo
